ISO-10303-21;
HEADER;
/* Generated by software containing ST-Developer
 * from STEP Tools, Inc. (www.steptools.com) 
 */
/* OPTION: using custom renumber hook */

FILE_DESCRIPTION(
/* description */ ('STEP AP242 Edition 2',
'CAx-IF Rec.Pracs.---Representation and Presentation of Product Manufa
cturing Information (PMI)---4.0---2014-10-13',
'CAx-IF Rec.Pracs.---3D Tessellated Geometry---0.4---2014-09-14','2;1',
'CAx-IF Rec.Pracs.---User Defined Attributes---1.5---2016-08-15'),
/* implementation_level */ '2;1');

FILE_NAME(
/* name */ '781af9ef-5c3c-425d-b103-7f297973e140',
/* time_stamp */ '2026-05-01T01:36:50Z',
/* author */ (''),
/* organization */ (''),
/* preprocessor_version */ 'ST-DEVELOPER v20',
/* originating_system */ 'ONSHAPE BY PTC INC, 1.214',
/* authorisation */ '  ');

FILE_SCHEMA (('AP242_MANAGED_MODEL_BASED_3D_ENGINEERING_MIM_LF { 1 0 10303 442 3 1 4 }'));
ENDSEC;

DATA;
#10=SHAPE_REPRESENTATION_RELATIONSHIP('','',#3687,#12);
#11=SHAPE_REPRESENTATION_RELATIONSHIP('','',#3688,#13);
#12=ADVANCED_BREP_SHAPE_REPRESENTATION('',(#3683),#9496);
#13=ADVANCED_BREP_SHAPE_REPRESENTATION('',(#3684),#9497);
#14=CIRCLE('',#3715,0.0005);
#15=CIRCLE('',#3716,0.0005);
#16=CIRCLE('',#3717,0.0005);
#17=CIRCLE('',#3718,0.0005);
#18=CIRCLE('',#3720,0.0005);
#19=CIRCLE('',#3721,0.0005);
#20=CIRCLE('',#3722,0.0005);
#21=CIRCLE('',#3723,0.0005);
#22=CIRCLE('',#3724,0.0005);
#23=CIRCLE('',#3725,0.0005);
#24=CIRCLE('',#3726,0.0005);
#25=CIRCLE('',#3728,0.0005);
#26=CIRCLE('',#3729,0.0005);
#27=CIRCLE('',#3731,0.0005);
#28=CIRCLE('',#3733,0.0005);
#29=CIRCLE('',#3775,0.0005);
#30=CIRCLE('',#3776,0.0005);
#31=CIRCLE('',#3777,0.0005);
#32=CIRCLE('',#3799,0.00119999999999905);
#33=CIRCLE('',#3800,0.00119999999999905);
#34=CIRCLE('',#3803,0.00119999999999905);
#35=CIRCLE('',#3806,0.00119999999999905);
#36=CIRCLE('',#3843,0.0005);
#37=CIRCLE('',#3844,0.0005);
#38=CIRCLE('',#3845,0.0005);
#39=CIRCLE('',#3847,0.0005);
#40=CIRCLE('',#3848,0.0005);
#41=CIRCLE('',#3849,0.0005);
#42=ELLIPSE('',#3709,0.00051681729521276,0.0005);
#43=ELLIPSE('',#3713,0.00197609370376452,0.0005);
#44=ELLIPSE('',#3738,0.00197609362024182,0.0005);
#45=ELLIPSE('',#3770,0.00197609362024182,0.0005);
#46=ELLIPSE('',#3832,0.00197609370376452,0.0005);
#47=ELLIPSE('',#3834,0.00197609370376452,0.0005);
#48=ELLIPSE('',#3837,0.00197609362024182,0.0005);
#49=ELLIPSE('',#3840,0.00197609362024182,0.0005);
#50=CYLINDRICAL_SURFACE('',#3708,0.0005);
#51=CYLINDRICAL_SURFACE('',#3754,0.0005);
#52=CYLINDRICAL_SURFACE('',#3755,0.0005);
#53=CYLINDRICAL_SURFACE('',#3756,0.0005);
#54=CYLINDRICAL_SURFACE('',#3757,0.0005);
#55=CYLINDRICAL_SURFACE('',#3758,0.0005);
#56=CYLINDRICAL_SURFACE('',#3759,0.0005);
#57=CYLINDRICAL_SURFACE('',#3760,0.0005);
#58=CYLINDRICAL_SURFACE('',#3792,0.0005);
#59=CYLINDRICAL_SURFACE('',#3793,0.0005);
#60=CYLINDRICAL_SURFACE('',#3794,0.0005);
#61=CYLINDRICAL_SURFACE('',#3795,0.0005);
#62=CYLINDRICAL_SURFACE('',#3802,0.00119999999999905);
#63=CYLINDRICAL_SURFACE('',#3805,0.00119999999999905);
#64=CYLINDRICAL_SURFACE('',#3857,0.0005);
#65=CYLINDRICAL_SURFACE('',#3858,0.0005);
#66=CYLINDRICAL_SURFACE('',#3859,0.0005);
#67=CYLINDRICAL_SURFACE('',#3860,0.0005);
#68=CYLINDRICAL_SURFACE('',#3861,0.0005);
#69=B_SPLINE_SURFACE_WITH_KNOTS('',3,1,((#4865,#4866),(#4867,#4868),(#4869,
#4870),(#4871,#4872)),.SURF_OF_LINEAR_EXTRUSION.,.F.,.F.,.F.,(4,4),(2,2),
(0.0418890481213647,0.296668200514033),(0.,1.),.PIECEWISE_BEZIER_KNOTS.);
#70=B_SPLINE_SURFACE_WITH_KNOTS('',3,1,((#5041,#5042),(#5043,#5044),(#5045,
#5046),(#5047,#5048),(#5049,#5050),(#5051,#5052),(#5053,#5054)),
 .SURF_OF_LINEAR_EXTRUSION.,.F.,.F.,.F.,(4,1,1,1,4),(2,2),(0.213227129374724,
0.409920347031043,0.606613564687362,0.803306782343681,1.),(0.,1.),
 .UNSPECIFIED.);
#71=B_SPLINE_SURFACE_WITH_KNOTS('',3,1,((#5086,#5087),(#5088,#5089),(#5090,
#5091),(#5092,#5093),(#5094,#5095),(#5096,#5097),(#5098,#5099),(#5100,#5101),
(#5102,#5103),(#5104,#5105),(#5106,#5107),(#5108,#5109),(#5110,#5111),(#5112,
#5113),(#5114,#5115),(#5116,#5117),(#5118,#5119),(#5120,#5121),(#5122,#5123),
(#5124,#5125),(#5126,#5127),(#5128,#5129),(#5130,#5131),(#5132,#5133),(#5134,
#5135)),.SURF_OF_LINEAR_EXTRUSION.,.F.,.F.,.F.,(4,1,1,1,1,1,1,1,1,1,1,1,
1,1,1,1,1,1,1,1,1,1,4),(2,2),(-23.9676922252303,-23.7379207945103,-23.5081493637904,
-23.3932636484304,-23.2783779330704,-23.1634922177105,-23.1060493600305,
-23.0486065023505,-23.0198850735105,-22.9911636446705,-22.9768029302505,
-22.9696225730405,-22.9624422158305,-22.9480815014105,-22.9337207869905,
-22.9049993581505,-22.8762779293105,-22.8188350716305,-22.7613922139505,
-22.7039493562705,-22.5890636409106,-22.3592922101906,-22.1295207794707),
(0.,1.),.UNSPECIFIED.);
#72=B_SPLINE_SURFACE_WITH_KNOTS('',3,1,((#5155,#5156),(#5157,#5158),(#5159,
#5160),(#5161,#5162),(#5163,#5164),(#5165,#5166),(#5167,#5168),(#5169,#5170),
(#5171,#5172),(#5173,#5174),(#5175,#5176),(#5177,#5178),(#5179,#5180),(#5181,
#5182)),.SURF_OF_LINEAR_EXTRUSION.,.F.,.F.,.F.,(4,1,1,1,1,1,1,1,1,1,1,4),
(2,2),(0.0716228442563915,0.129635061259336,0.18764727826228,0.245659495265225,
0.303671712268169,0.419696146274058,0.477708363277003,0.535720580279947,
0.651745014285836,0.767769448291725,0.883793882297614,0.999818316303503),
(0.,1.),.UNSPECIFIED.);
#73=B_SPLINE_SURFACE_WITH_KNOTS('',3,1,((#5254,#5255),(#5256,#5257),(#5258,
#5259),(#5260,#5261),(#5262,#5263),(#5264,#5265),(#5266,#5267),(#5268,#5269),
(#5270,#5271),(#5272,#5273),(#5274,#5275),(#5276,#5277),(#5278,#5279),(#5280,
#5281)),.SURF_OF_LINEAR_EXTRUSION.,.F.,.F.,.F.,(4,1,1,1,1,1,1,1,1,1,1,4),
(2,2),(0.0716228442563878,0.129635061259333,0.187647278262277,0.245659495265222,
0.303671712268167,0.419696146274056,0.477708363277001,0.535720580279945,
0.651745014285835,0.767769448291724,0.883793882297614,0.999818316303503),
(0.,1.),.UNSPECIFIED.);
#74=B_SPLINE_SURFACE_WITH_KNOTS('',3,1,((#5359,#5360),(#5361,#5362),(#5363,
#5364),(#5365,#5366)),.SURF_OF_LINEAR_EXTRUSION.,.F.,.F.,.F.,(4,4),(2,2),
(0.993947077341838,1.),(0.,1.),.PIECEWISE_BEZIER_KNOTS.);
#75=B_SPLINE_SURFACE_WITH_KNOTS('',3,1,((#5376,#5377),(#5378,#5379),(#5380,
#5381),(#5382,#5383),(#5384,#5385),(#5386,#5387),(#5388,#5389),(#5390,#5391),
(#5392,#5393),(#5394,#5395),(#5396,#5397),(#5398,#5399),(#5400,#5401),(#5402,
#5403),(#5404,#5405)),.SURF_OF_LINEAR_EXTRUSION.,.F.,.F.,.F.,(4,1,1,1,1,
1,1,1,1,1,1,1,4),(2,2),(0.,0.0625,0.125,0.1875,0.25,0.3125,0.375,0.4375,
0.5,0.625,0.75,0.875,1.),(0.,1.),.UNSPECIFIED.);
#76=B_SPLINE_SURFACE_WITH_KNOTS('',3,1,((#5503,#5504),(#5505,#5506),(#5507,
#5508),(#5509,#5510),(#5511,#5512),(#5513,#5514),(#5515,#5516),(#5517,#5518),
(#5519,#5520),(#5521,#5522),(#5523,#5524),(#5525,#5526),(#5527,#5528),(#5529,
#5530),(#5531,#5532),(#5533,#5534),(#5535,#5536),(#5537,#5538),(#5539,#5540),
(#5541,#5542),(#5543,#5544),(#5545,#5546),(#5547,#5548)),
 .SURF_OF_LINEAR_EXTRUSION.,.F.,.F.,.F.,(4,1,1,1,1,1,1,1,1,1,1,1,1,1,1,
1,1,1,1,1,4),(2,2),(-0.0437768791309661,0.0866952307604046,0.15193128570609,
0.217167340651775,0.282403395597461,0.347639450543146,0.412875505488832,
0.445493532961674,0.478111560434517,0.494420574170938,0.51072958790736,
0.543347615380202,0.608583670325888,0.673819725271573,0.706437752744416,
0.739055780217258,0.75536479395368,0.771673807690101,0.804291835162944,
0.869527890108629,1.),(0.,1.),.UNSPECIFIED.);
#77=B_SPLINE_SURFACE_WITH_KNOTS('',3,1,((#5565,#5566),(#5567,#5568),(#5569,
#5570),(#5571,#5572),(#5573,#5574),(#5575,#5576),(#5577,#5578),(#5579,#5580)),
 .SURF_OF_LINEAR_EXTRUSION.,.F.,.F.,.F.,(4,1,1,1,1,4),(2,2),(47.7007964838583,
47.892264611914,48.0837327399696,48.2752008680252,48.370934932053,48.4666689960808),
(0.,1.),.UNSPECIFIED.);
#78=B_SPLINE_SURFACE_WITH_KNOTS('',3,1,((#5602,#5603),(#5604,#5605),(#5606,
#5607),(#5608,#5609),(#5610,#5611),(#5612,#5613),(#5614,#5615),(#5616,#5617),
(#5618,#5619),(#5620,#5621),(#5622,#5623),(#5624,#5625),(#5626,#5627),(#5628,
#5629),(#5630,#5631),(#5632,#5633),(#5634,#5635),(#5636,#5637),(#5638,#5639),
(#5640,#5641),(#5642,#5643),(#5644,#5645),(#5646,#5647),(#5648,#5649),(#5650,
#5651),(#5652,#5653),(#5654,#5655),(#5656,#5657),(#5658,#5659),(#5660,#5661),
(#5662,#5663),(#5664,#5665),(#5666,#5667),(#5668,#5669),(#5670,#5671),(#5672,
#5673),(#5674,#5675),(#5676,#5677),(#5678,#5679),(#5680,#5681),(#5682,#5683),
(#5684,#5685),(#5686,#5687),(#5688,#5689),(#5690,#5691),(#5692,#5693),(#5694,
#5695),(#5696,#5697),(#5698,#5699),(#5700,#5701),(#5702,#5703),(#5704,#5705),
(#5706,#5707)),.SURF_OF_LINEAR_EXTRUSION.,.F.,.F.,.F.,(4,1,1,1,1,1,1,1,
1,1,1,1,1,1,1,1,1,1,1,1,1,1,1,1,1,1,1,1,1,1,1,1,1,1,1,1,1,1,1,1,1,1,1,1,
1,1,1,1,1,1,4),(2,2),(0.0636041067097496,0.245436578735148,0.427269050760546,
0.518185286773245,0.609101522785944,0.700017758798643,0.790933994811342,
0.836392112817692,0.881850230824041,0.927308348830391,0.950037407833565,
0.97276646683674,0.984130996338328,0.995495525839915,1.00117779059071,1.0068600553415,
1.01822458484309,1.04095364384626,1.06368270284944,1.10914082085579,1.15459893886214,
1.24551517487484,1.33643141088754,1.51826388291293,1.60918011892563,1.70009635493833,
1.74555447294468,1.79101259095103,1.83647070895738,1.88192882696373,1.90465788596691,
1.92738694497008,1.95011600397326,1.96148053347484,1.96716279822564,1.97284506297643,
1.97852732772722,1.98420959247802,1.9955741219796,2.01830318098278,2.04103223998595,
2.06376129898913,2.10921941699548,2.15467753500183,2.20013565300818,2.24559377101453,
2.33651000702723,2.42742624303993,2.60925871506532,2.79109118709072,2.97292365911612),
(0.,1.),.UNSPECIFIED.);
#79=B_SPLINE_SURFACE_WITH_KNOTS('',3,1,((#5744,#5745),(#5746,#5747),(#5748,
#5749),(#5750,#5751),(#5752,#5753)),.SURF_OF_LINEAR_EXTRUSION.,.F.,.F.,
 .F.,(4,1,4),(2,2),(0.0418890481213624,0.250628511413796,0.45936797470623),
(0.,1.),.UNSPECIFIED.);
#80=B_SPLINE_SURFACE_WITH_KNOTS('',3,1,((#5767,#5768),(#5769,#5770),(#5771,
#5772),(#5773,#5774),(#5775,#5776),(#5777,#5778),(#5779,#5780)),
 .SURF_OF_LINEAR_EXTRUSION.,.F.,.F.,.F.,(4,1,1,1,4),(2,2),(-1.00600118966374,
-0.754500892247787,-0.503000594831829,-0.251500297415871,8.66649701168559E-14),
(0.,1.),.UNSPECIFIED.);
#81=B_SPLINE_SURFACE_WITH_KNOTS('',3,1,((#5786,#5787),(#5788,#5789),(#5790,
#5791),(#5792,#5793),(#5794,#5795),(#5796,#5797),(#5798,#5799),(#5800,#5801),
(#5802,#5803),(#5804,#5805),(#5806,#5807),(#5808,#5809),(#5810,#5811),(#5812,
#5813),(#5814,#5815),(#5816,#5817),(#5818,#5819),(#5820,#5821),(#5822,#5823),
(#5824,#5825),(#5826,#5827),(#5828,#5829),(#5830,#5831),(#5832,#5833),(#5834,
#5835),(#5836,#5837),(#5838,#5839),(#5840,#5841),(#5842,#5843),(#5844,#5845),
(#5846,#5847),(#5848,#5849),(#5850,#5851),(#5852,#5853),(#5854,#5855),(#5856,
#5857),(#5858,#5859),(#5860,#5861),(#5862,#5863),(#5864,#5865),(#5866,#5867),
(#5868,#5869),(#5870,#5871),(#5872,#5873),(#5874,#5875),(#5876,#5877),(#5878,
#5879)),.SURF_OF_LINEAR_EXTRUSION.,.F.,.F.,.F.,(4,1,1,1,1,1,1,1,1,1,1,1,
1,1,1,1,1,1,1,1,1,1,1,1,1,1,1,1,1,1,1,1,1,1,1,1,1,1,1,1,1,1,1,1,4),(2,2),
(0.,0.125,0.1875,0.21875,0.234375,0.2421875,0.25,0.2578125,0.265625,0.28125,
0.3125,0.375,0.40625,0.4375,0.453125,0.46875,0.484375,0.4921875,0.49609375,
0.5,0.50390625,0.5078125,0.515625,0.53125,0.546875,0.5625,0.59375,0.609375,
0.6171875,0.625,0.6328125,0.640625,0.65625,0.6875,0.71875,0.734375,0.75,
0.765625,0.78125,0.8125,0.84375,0.875,0.90625,0.9375,1.),(0.,1.),
 .UNSPECIFIED.);
#82=B_SPLINE_SURFACE_WITH_KNOTS('',3,1,((#5884,#5885),(#5886,#5887),(#5888,
#5889),(#5890,#5891),(#5892,#5893),(#5894,#5895),(#5896,#5897),(#5898,#5899),
(#5900,#5901),(#5902,#5903),(#5904,#5905)),.SURF_OF_LINEAR_EXTRUSION.,.F.,
 .F.,.F.,(4,1,1,1,1,1,1,1,4),(2,2),(0.,0.251500673591294,0.37725101038694,
0.440126178784764,0.503001347182587,0.565876515580411,0.628751683978234,
0.754502020773881,1.00600269436517),(0.,1.),.UNSPECIFIED.);
#83=B_SPLINE_SURFACE_WITH_KNOTS('',3,1,((#5906,#5907),(#5908,#5909),(#5910,
#5911),(#5912,#5913),(#5914,#5915),(#5916,#5917),(#5918,#5919),(#5920,#5921),
(#5922,#5923),(#5924,#5925),(#5926,#5927),(#5928,#5929),(#5930,#5931),(#5932,
#5933),(#5934,#5935),(#5936,#5937),(#5938,#5939),(#5940,#5941),(#5942,#5943),
(#5944,#5945),(#5946,#5947),(#5948,#5949),(#5950,#5951),(#5952,#5953),(#5954,
#5955),(#5956,#5957),(#5958,#5959),(#5960,#5961),(#5962,#5963),(#5964,#5965),
(#5966,#5967),(#5968,#5969),(#5970,#5971),(#5972,#5973),(#5974,#5975),(#5976,
#5977),(#5978,#5979),(#5980,#5981),(#5982,#5983),(#5984,#5985),(#5986,#5987),
(#5988,#5989),(#5990,#5991),(#5992,#5993),(#5994,#5995),(#5996,#5997),(#5998,
#5999),(#6000,#6001)),.SURF_OF_LINEAR_EXTRUSION.,.F.,.F.,.F.,(4,1,1,1,1,
1,1,1,1,1,1,1,1,1,1,1,1,1,1,1,1,1,1,1,1,1,1,1,1,1,1,1,1,1,1,1,1,1,1,1,1,
1,1,1,1,4),(2,2),(-2.25694297512327E-16,0.0621216923338647,0.12424338466773,
0.186365077001594,0.217425923168527,0.248486769335459,0.279547615502392,
0.310608461669324,0.372730154003189,0.403791000170122,0.434851846337054,
0.465912692503986,0.481443115587453,0.489208327129186,0.496973538670919,
0.500856144441785,0.504738750212652,0.512503961754385,0.528034384837851,
0.559095231004784,0.590156077171716,0.621216923338649,0.683338615672514,
0.714399461839446,0.745460308006378,0.776521154173311,0.807582000340243,
0.838642846507176,0.854173269590642,0.861938481132375,0.869703692674108,
0.873586298444975,0.877468904215841,0.885234115757574,0.900764538841041,
0.916294961924507,0.931825385007973,0.93570799077884,0.939590596549706,
0.947355808091439,0.955121019633172,0.962886231174906,0.966768836945772,
0.970651442716639,0.978416654258372,0.993947077341838),(0.,1.),
 .UNSPECIFIED.);
#84=B_SPLINE_SURFACE_WITH_KNOTS('',3,1,((#6022,#6023),(#6024,#6025),(#6026,
#6027),(#6028,#6029),(#6030,#6031),(#6032,#6033),(#6034,#6035),(#6036,#6037),
(#6038,#6039),(#6040,#6041),(#6042,#6043),(#6044,#6045),(#6046,#6047),(#6048,
#6049),(#6050,#6051),(#6052,#6053),(#6054,#6055),(#6056,#6057)),
 .SURF_OF_LINEAR_EXTRUSION.,.F.,.F.,.F.,(4,1,1,1,1,1,1,1,1,1,1,1,1,1,1,
4),(2,2),(-3.98808537468476E-16,0.124752674909844,0.187129012364767,0.249505349819689,
0.311881687274612,0.374258024729534,0.436634362184456,0.467822530911918,
0.499010699639379,0.53019886836684,0.561387037094301,0.623763374549224,
0.686139712004146,0.748516049459068,0.873268724368913,0.998021399278758),
(0.,1.),.UNSPECIFIED.);
#85=B_SPLINE_SURFACE_WITH_KNOTS('',3,1,((#6217,#6218),(#6219,#6220),(#6221,
#6222),(#6223,#6224),(#6225,#6226),(#6227,#6228),(#6229,#6230),(#6231,#6232),
(#6233,#6234),(#6235,#6236),(#6237,#6238),(#6239,#6240),(#6241,#6242),(#6243,
#6244),(#6245,#6246),(#6247,#6248),(#6249,#6250),(#6251,#6252),(#6253,#6254),
(#6255,#6256),(#6257,#6258),(#6259,#6260),(#6261,#6262),(#6263,#6264),(#6265,
#6266),(#6267,#6268),(#6269,#6270),(#6271,#6272),(#6273,#6274),(#6275,#6276),
(#6277,#6278),(#6279,#6280),(#6281,#6282),(#6283,#6284),(#6285,#6286),(#6287,
#6288),(#6289,#6290),(#6291,#6292),(#6293,#6294),(#6295,#6296),(#6297,#6298),
(#6299,#6300),(#6301,#6302),(#6303,#6304),(#6305,#6306),(#6307,#6308),(#6309,
#6310)),.SURF_OF_LINEAR_EXTRUSION.,.F.,.F.,.F.,(4,1,1,1,1,1,1,1,1,1,1,1,
1,1,1,1,1,1,1,1,1,1,1,1,1,1,1,1,1,1,1,1,1,1,1,1,1,1,1,1,1,1,1,1,4),(2,2),
(0.,0.125,0.1875,0.21875,0.234375,0.2421875,0.25,0.2578125,0.265625,0.28125,
0.3125,0.375,0.40625,0.4375,0.453125,0.46875,0.484375,0.4921875,0.49609375,
0.5,0.50390625,0.5078125,0.515625,0.53125,0.546875,0.5625,0.59375,0.609375,
0.6171875,0.625,0.6328125,0.640625,0.65625,0.6875,0.71875,0.734375,0.75,
0.765625,0.78125,0.8125,0.84375,0.875,0.90625,0.9375,1.),(0.,1.),
 .UNSPECIFIED.);
#86=B_SPLINE_SURFACE_WITH_KNOTS('',3,1,((#6368,#6369),(#6370,#6371),(#6372,
#6373),(#6374,#6375),(#6376,#6377),(#6378,#6379),(#6380,#6381),(#6382,#6383),
(#6384,#6385)),.SURF_OF_LINEAR_EXTRUSION.,.F.,.F.,.F.,(4,1,1,1,1,1,4),(2,
2),(-1.,-0.875,-0.75,-0.5,-0.25,-0.125,0.),(0.,1.),.UNSPECIFIED.);
#87=B_SPLINE_SURFACE_WITH_KNOTS('',3,1,((#6399,#6400),(#6401,#6402),(#6403,
#6404),(#6405,#6406),(#6407,#6408),(#6409,#6410),(#6411,#6412),(#6413,#6414),
(#6415,#6416),(#6417,#6418),(#6419,#6420)),.SURF_OF_LINEAR_EXTRUSION.,.F.,
 .F.,.F.,(4,1,1,1,1,1,1,1,4),(2,2),(0.,0.25,0.375,0.4375,0.5,0.5625,0.625,
0.75,1.),(0.,1.),.UNSPECIFIED.);
#88=B_SPLINE_SURFACE_WITH_KNOTS('',3,1,((#6434,#6435),(#6436,#6437),(#6438,
#6439),(#6440,#6441),(#6442,#6443),(#6444,#6445),(#6446,#6447),(#6448,#6449),
(#6450,#6451),(#6452,#6453),(#6454,#6455),(#6456,#6457),(#6458,#6459),(#6460,
#6461),(#6462,#6463),(#6464,#6465),(#6466,#6467),(#6468,#6469),(#6470,#6471),
(#6472,#6473),(#6474,#6475),(#6476,#6477),(#6478,#6479),(#6480,#6481),(#6482,
#6483),(#6484,#6485),(#6486,#6487),(#6488,#6489),(#6490,#6491),(#6492,#6493),
(#6494,#6495),(#6496,#6497),(#6498,#6499),(#6500,#6501),(#6502,#6503),(#6504,
#6505),(#6506,#6507),(#6508,#6509),(#6510,#6511),(#6512,#6513),(#6514,#6515),
(#6516,#6517),(#6518,#6519),(#6520,#6521),(#6522,#6523),(#6524,#6525),(#6526,
#6527),(#6528,#6529),(#6530,#6531),(#6532,#6533),(#6534,#6535),(#6536,#6537),
(#6538,#6539),(#6540,#6541),(#6542,#6543),(#6544,#6545),(#6546,#6547),(#6548,
#6549),(#6550,#6551),(#6552,#6553),(#6554,#6555),(#6556,#6557),(#6558,#6559),
(#6560,#6561),(#6562,#6563),(#6564,#6565),(#6566,#6567),(#6568,#6569),(#6570,
#6571),(#6572,#6573)),.UNSPECIFIED.,.F.,.F.,.F.,(4,1,1,1,1,1,1,1,1,1,1,
1,1,1,1,1,1,1,1,1,1,1,1,1,1,1,1,1,1,1,1,1,1,1,1,1,1,1,1,1,1,1,1,1,1,1,1,
1,1,1,1,1,1,1,1,1,1,1,1,1,1,1,1,1,1,1,1,4),(2,2),(-23.9676922252303,-23.7726321297207,
-23.5775720342111,-23.3825119387015,-23.2849818909467,-23.1874518431919,
-23.1386868193145,-23.089921795437,-23.0411567715596,-23.0167742596209,
-22.9923917476822,-22.9802004917129,-22.9680092357435,-22.9558179797742,
-22.9436267238048,-22.9192442118661,-22.8948616999274,-22.7973316521726,
-22.6998016044178,-22.602271556663,-22.4072114611534,-22.2121513656438,
-22.0170912701342,-21.626971079115,-21.2368508880957,-20.8467306970765,
-20.0664903150381,-19.2862499329996,-18.5060095509612,-17.7257691689227,
-16.1652884048458,-14.6048076407689,-13.044326876692,-11.4838461126151,
-9.92336534853825,-8.36288458446136,-6.80240382038447,-6.02216343834602,
-2.12096152815379,-1.73084133713456,-1.34072114611534,-1.14566105060573,
-0.755540859586505,-0.560480764076894,-0.365420668567282,-0.267890620812476,
-0.17036057305767,-0.121595549180267,-0.0728305253028644,-0.0484480133641629,
-0.0240655014254614,-0.0118742454561107,-0.00577861747143534,0.000317010513240023,
0.00641263849791539,0.0125082664825908,0.0246995224519415,0.0490820343906429,
0.0734645463293444,0.122229570206747,0.17099459408415,0.219759617961553,
0.317289665716359,0.414819713471165,0.512349761225971,0.609879808980777,
0.804939904490388,1.),(0.,1.),.UNSPECIFIED.);
#89=B_SPLINE_SURFACE_WITH_KNOTS('',3,1,((#6610,#6611),(#6612,#6613),(#6614,
#6615),(#6616,#6617),(#6618,#6619),(#6620,#6621),(#6622,#6623),(#6624,#6625),
(#6626,#6627),(#6628,#6629),(#6630,#6631),(#6632,#6633),(#6634,#6635),(#6636,
#6637),(#6638,#6639),(#6640,#6641),(#6642,#6643),(#6644,#6645),(#6646,#6647),
(#6648,#6649),(#6650,#6651),(#6652,#6653),(#6654,#6655),(#6656,#6657),(#6658,
#6659),(#6660,#6661),(#6662,#6663),(#6664,#6665),(#6666,#6667),(#6668,#6669),
(#6670,#6671),(#6672,#6673),(#6674,#6675),(#6676,#6677),(#6678,#6679),(#6680,
#6681),(#6682,#6683),(#6684,#6685),(#6686,#6687),(#6688,#6689),(#6690,#6691),
(#6692,#6693),(#6694,#6695),(#6696,#6697),(#6698,#6699),(#6700,#6701),(#6702,
#6703),(#6704,#6705)),.SURF_OF_LINEAR_EXTRUSION.,.F.,.F.,.F.,(4,1,1,1,1,
1,1,1,1,1,1,1,1,1,1,1,1,1,1,1,1,1,1,1,1,1,1,1,1,1,1,1,1,1,1,1,1,1,1,1,1,
1,1,1,1,4),(2,2),(0.,0.0621216923338649,0.12424338466773,0.186365077001595,
0.217425923168527,0.248486769335459,0.279547615502392,0.310608461669324,
0.372730154003189,0.403791000170122,0.434851846337054,0.465912692503987,
0.481443115587453,0.489208327129186,0.496973538670919,0.500856144441786,
0.504738750212652,0.512503961754385,0.528034384837851,0.559095231004784,
0.590156077171716,0.621216923338649,0.683338615672514,0.714399461839446,
0.745460308006378,0.776521154173311,0.807582000340243,0.838642846507176,
0.854173269590642,0.861938481132375,0.869703692674108,0.873586298444975,
0.877468904215841,0.885234115757574,0.900764538841041,0.916294961924507,
0.931825385007973,0.93570799077884,0.939590596549706,0.947355808091439,
0.955121019633172,0.962886231174906,0.966768836945772,0.970651442716639,
0.978416654258372,0.993947077341838),(0.,1.),.UNSPECIFIED.);
#90=B_SPLINE_SURFACE_WITH_KNOTS('',3,1,((#6755,#6756),(#6757,#6758),(#6759,
#6760),(#6761,#6762),(#6763,#6764)),.SURF_OF_LINEAR_EXTRUSION.,.F.,.F.,
 .F.,(4,1,4),(2,2),(47.8320317196555,48.1470792659948,48.4621268123341),
(0.,1.),.UNSPECIFIED.);
#91=B_SPLINE_SURFACE_WITH_KNOTS('',3,1,((#6785,#6786),(#6787,#6788),(#6789,
#6790),(#6791,#6792),(#6793,#6794),(#6795,#6796),(#6797,#6798),(#6799,#6800),
(#6801,#6802),(#6803,#6804),(#6805,#6806),(#6807,#6808),(#6809,#6810),(#6811,
#6812),(#6813,#6814),(#6815,#6816),(#6817,#6818),(#6819,#6820),(#6821,#6822),
(#6823,#6824),(#6825,#6826),(#6827,#6828),(#6829,#6830),(#6831,#6832)),
 .SURF_OF_LINEAR_EXTRUSION.,.F.,.F.,.F.,(4,1,1,1,1,1,1,1,1,1,1,1,1,1,1,
1,1,1,1,1,1,4),(2,2),(-1.87056434231004E-9,0.124999998363256,0.187499998480166,
0.249999998597077,0.312499998713987,0.374999998830897,0.437499998947808,
0.468749999006263,0.499999999064718,0.531249999123173,0.562499999181628,
0.624999999298538,0.687499999415449,0.718749999473904,0.734374999503131,
0.749999999532359,0.765624999561586,0.781249999590814,0.812499999649269,
0.874999999766179,0.93749999988309,1.),(0.,1.),.UNSPECIFIED.);
#92=B_SPLINE_SURFACE_WITH_KNOTS('',3,1,((#6871,#6872),(#6873,#6874),(#6875,
#6876),(#6877,#6878),(#6879,#6880),(#6881,#6882),(#6883,#6884),(#6885,#6886),
(#6887,#6888),(#6889,#6890),(#6891,#6892)),.SURF_OF_LINEAR_EXTRUSION.,.F.,
 .F.,.F.,(4,1,1,1,1,1,1,1,4),(2,2),(2.03091264912125,2.14866402537061,2.26641540161997,
2.38416677786933,2.50191815411868,2.61966953036804,2.7374209066174,2.85517228286676,
2.97292365911612),(0.,1.),.UNSPECIFIED.);
#93=B_SPLINE_SURFACE_WITH_KNOTS('',3,1,((#7014,#7015),(#7016,#7017),(#7018,
#7019),(#7020,#7021),(#7022,#7023),(#7024,#7025),(#7026,#7027),(#7028,#7029),
(#7030,#7031),(#7032,#7033),(#7034,#7035),(#7036,#7037),(#7038,#7039),(#7040,
#7041),(#7042,#7043),(#7044,#7045),(#7046,#7047),(#7048,#7049),(#7050,#7051),
(#7052,#7053),(#7054,#7055),(#7056,#7057),(#7058,#7059),(#7060,#7061),(#7062,
#7063),(#7064,#7065),(#7066,#7067),(#7068,#7069),(#7070,#7071),(#7072,#7073),
(#7074,#7075),(#7076,#7077),(#7078,#7079),(#7080,#7081),(#7082,#7083),(#7084,
#7085),(#7086,#7087),(#7088,#7089),(#7090,#7091),(#7092,#7093),(#7094,#7095),
(#7096,#7097),(#7098,#7099),(#7100,#7101),(#7102,#7103),(#7104,#7105),(#7106,
#7107),(#7108,#7109),(#7110,#7111),(#7112,#7113),(#7114,#7115),(#7116,#7117),
(#7118,#7119),(#7120,#7121),(#7122,#7123),(#7124,#7125)),
 .SURF_OF_LINEAR_EXTRUSION.,.F.,.F.,.F.,(4,1,1,1,1,1,1,1,1,1,1,1,1,1,1,
1,1,1,1,1,1,1,1,1,1,1,1,1,1,1,1,1,1,1,1,1,1,1,1,1,1,1,1,1,1,1,1,1,1,1,1,
1,1,4),(2,2),(0.,0.03125,0.046875,0.0625,0.0703125,0.078125,0.09375,0.109375,
0.125,0.1328125,0.140625,0.142578125,0.14453125,0.1484375,0.15625,0.171875,
0.1875,0.21875,0.25,0.265625,0.2734375,0.28125,0.28515625,0.2890625,0.296875,
0.3125,0.34375,0.375,0.40625,0.4375,0.46875,0.484375,0.4921875,0.5,0.5078125,
0.515625,0.53125,0.5625,0.59375,0.625,0.65625,0.6875,0.71875,0.734375,0.7421875,
0.75,0.7578125,0.765625,0.78125,0.8125,0.84375,0.875,0.9375,1.),(0.,1.),
 .UNSPECIFIED.);
#94=B_SPLINE_SURFACE_WITH_KNOTS('',3,1,((#7153,#7154),(#7155,#7156),(#7157,
#7158),(#7159,#7160),(#7161,#7162),(#7163,#7164),(#7165,#7166),(#7167,#7168),
(#7169,#7170),(#7171,#7172),(#7173,#7174),(#7175,#7176),(#7177,#7178),(#7179,
#7180),(#7181,#7182),(#7183,#7184),(#7185,#7186),(#7187,#7188)),
 .SURF_OF_LINEAR_EXTRUSION.,.F.,.F.,.F.,(4,1,1,1,1,1,1,1,1,1,1,1,1,1,1,
4),(2,2),(0.,0.125,0.1875,0.25,0.3125,0.375,0.4375,0.46875,0.5,0.53125,
0.5625,0.625,0.6875,0.75,0.875,1.),(0.,1.),.UNSPECIFIED.);
#95=B_SPLINE_SURFACE_WITH_KNOTS('',3,1,((#7207,#7208),(#7209,#7210),(#7211,
#7212),(#7213,#7214),(#7215,#7216),(#7217,#7218)),
 .SURF_OF_LINEAR_EXTRUSION.,.F.,.F.,.F.,(4,1,1,4),(2,2),(-23.9676922252303,
-23.6442157961064,-23.4824775815444,-23.3207393669824),(0.,1.),
 .UNSPECIFIED.);
#96=B_SPLINE_SURFACE_WITH_KNOTS('',3,1,((#7229,#7230),(#7231,#7232),(#7233,
#7234),(#7235,#7236)),.SURF_OF_LINEAR_EXTRUSION.,.F.,.F.,.F.,(4,4),(2,2),
(0.993947077341838,1.00000000000105),(0.,1.),.PIECEWISE_BEZIER_KNOTS.);
#97=B_SPLINE_SURFACE_WITH_KNOTS('',3,1,((#7246,#7247),(#7248,#7249),(#7250,
#7251),(#7252,#7253),(#7254,#7255),(#7256,#7257),(#7258,#7259),(#7260,#7261),
(#7262,#7263),(#7264,#7265),(#7266,#7267),(#7268,#7269),(#7270,#7271),(#7272,
#7273),(#7274,#7275),(#7276,#7277),(#7278,#7279),(#7280,#7281),(#7282,#7283),
(#7284,#7285),(#7286,#7287),(#7288,#7289),(#7290,#7291),(#7292,#7293),(#7294,
#7295),(#7296,#7297),(#7298,#7299),(#7300,#7301),(#7302,#7303),(#7304,#7305),
(#7306,#7307),(#7308,#7309),(#7310,#7311),(#7312,#7313),(#7314,#7315),(#7316,
#7317),(#7318,#7319),(#7320,#7321),(#7322,#7323),(#7324,#7325),(#7326,#7327),
(#7328,#7329),(#7330,#7331),(#7332,#7333),(#7334,#7335),(#7336,#7337),(#7338,
#7339),(#7340,#7341),(#7342,#7343),(#7344,#7345),(#7346,#7347),(#7348,#7349),
(#7350,#7351),(#7352,#7353),(#7354,#7355),(#7356,#7357)),
 .SURF_OF_LINEAR_EXTRUSION.,.F.,.F.,.F.,(4,1,1,1,1,1,1,1,1,1,1,1,1,1,1,
1,1,1,1,1,1,1,1,1,1,1,1,1,1,1,1,1,1,1,1,1,1,1,1,1,1,1,1,1,1,1,1,1,1,1,1,
1,1,4),(2,2),(-1.40829501825846E-16,0.0312499999999999,0.0468749999999999,
0.0624999999999999,0.0703124999999999,0.0781249999999999,0.0937499999999999,
0.109375,0.125,0.1328125,0.140625,0.142578125,0.14453125,0.1484375,0.15625,
0.171875,0.1875,0.21875,0.25,0.265625,0.2734375,0.28125,0.28515625,0.2890625,
0.296875,0.3125,0.34375,0.375,0.40625,0.4375,0.46875,0.484375,0.4921875,
0.5,0.5078125,0.515625,0.53125,0.5625,0.59375,0.625,0.65625,0.6875,0.71875,
0.734375,0.7421875,0.75,0.7578125,0.765625,0.78125,0.8125,0.84375,0.875,
0.9375,1.),(0.,1.),.UNSPECIFIED.);
#98=B_SPLINE_SURFACE_WITH_KNOTS('',3,1,((#7365,#7366),(#7367,#7368),(#7369,
#7370),(#7371,#7372),(#7373,#7374)),.SURF_OF_LINEAR_EXTRUSION.,.F.,.F.,
 .F.,(4,1,4),(2,2),(47.4693736210727,47.7233621556032,47.9773506901337),
(0.,1.),.UNSPECIFIED.);
#99=B_SPLINE_SURFACE_WITH_KNOTS('',3,1,((#7420,#7421),(#7422,#7423),(#7424,
#7425),(#7426,#7427),(#7428,#7429),(#7430,#7431),(#7432,#7433),(#7434,#7435),
(#7436,#7437),(#7438,#7439),(#7440,#7441),(#7442,#7443),(#7444,#7445),(#7446,
#7447),(#7448,#7449),(#7450,#7451),(#7452,#7453),(#7454,#7455),(#7456,#7457),
(#7458,#7459),(#7460,#7461),(#7462,#7463),(#7464,#7465),(#7466,#7467),(#7468,
#7469),(#7470,#7471),(#7472,#7473),(#7474,#7475),(#7476,#7477),(#7478,#7479),
(#7480,#7481),(#7482,#7483),(#7484,#7485),(#7486,#7487),(#7488,#7489),(#7490,
#7491),(#7492,#7493),(#7494,#7495),(#7496,#7497),(#7498,#7499),(#7500,#7501),
(#7502,#7503),(#7504,#7505),(#7506,#7507),(#7508,#7509),(#7510,#7511),(#7512,
#7513),(#7514,#7515),(#7516,#7517),(#7518,#7519),(#7520,#7521),(#7522,#7523),
(#7524,#7525),(#7526,#7527),(#7528,#7529),(#7530,#7531),(#7532,#7533),(#7534,
#7535),(#7536,#7537),(#7538,#7539),(#7540,#7541),(#7542,#7543),(#7544,#7545),
(#7546,#7547),(#7548,#7549),(#7550,#7551),(#7552,#7553),(#7554,#7555),(#7556,
#7557),(#7558,#7559),(#7560,#7561),(#7562,#7563),(#7564,#7565)),
 .SURF_OF_LINEAR_EXTRUSION.,.F.,.F.,.F.,(4,1,1,1,1,1,1,1,1,1,1,1,1,1,1,
1,1,1,1,1,1,1,1,1,1,1,1,1,1,1,1,1,1,1,1,1,1,1,1,1,1,1,1,1,1,1,1,1,1,1,1,
1,1,1,1,1,1,1,1,1,1,1,1,1,1,1,1,1,1,1,4),(2,2),(-23.9676922252303,-23.7726321297207,
-23.5775720342111,-23.3825119387015,-23.2849818909467,-23.1874518431919,
-23.089921795437,-23.0411567715596,-22.9923917476822,-22.9802004917129,
-22.9680092357435,-22.9558179797742,-22.9436267238048,-22.9192442118661,
-22.8948616999274,-22.7973316521726,-22.6998016044178,-22.602271556663,
-22.4072114611534,-22.2121513656438,-22.0170912701342,-21.626971079115,
-21.2368508880957,-20.8467306970765,-20.0664903150381,-19.2862499329996,
-18.5060095509612,-17.7257691689227,-16.1652884048458,-14.6048076407689,
-13.044326876692,-11.4838461126151,-9.92336534853825,-8.36288458446136,
-6.80240382038447,-6.02216343834602,-5.24192305630757,-4.46168267426913,
-3.68144229223068,-2.90120191019223,-2.12096152815379,-1.73084133713456,
-1.34072114611534,-1.14566105060573,-0.950600955096117,-0.755540859586505,
-0.560480764076894,-0.365420668567282,-0.267890620812476,-0.17036057305767,
-0.121595549180267,-0.0728305253028644,-0.0484480133641629,-0.0240655014254614,
-0.0118742454561107,-0.00577861747143534,0.000317010513240023,0.00641263849791539,
0.0125082664825908,0.0246995224519415,0.0490820343906429,0.0734645463293444,
0.122229570206747,0.17099459408415,0.219759617961553,0.317289665716359,
0.414819713471165,0.512349761225971,0.609879808980777,0.804939904490388,
1.),(0.,1.),.UNSPECIFIED.);
#100=B_SPLINE_SURFACE_WITH_KNOTS('',3,1,((#7694,#7695),(#7696,#7697),(#7698,
#7699),(#7700,#7701),(#7702,#7703),(#7704,#7705),(#7706,#7707),(#7708,#7709),
(#7710,#7711),(#7712,#7713),(#7714,#7715),(#7716,#7717),(#7718,#7719),(#7720,
#7721),(#7722,#7723),(#7724,#7725),(#7726,#7727),(#7728,#7729),(#7730,#7731),
(#7732,#7733),(#7734,#7735)),.SURF_OF_LINEAR_EXTRUSION.,.F.,.F.,.F.,(4,
1,1,1,1,1,1,1,1,1,1,1,1,1,1,1,1,1,4),(2,2),(0.0920715391965824,0.20556259679701,
0.319053654397437,0.37579918319765,0.432544711997864,0.460917476397971,
0.489290240798078,0.503476622998131,0.517663005198184,0.546035769598291,
0.602781298398505,0.659526827198718,0.716272355998932,0.744645120399039,
0.773017884799146,0.801390649199252,0.829763413599359,0.886508942399573,
1.),(0.,1.),.UNSPECIFIED.);
#101=B_SPLINE_SURFACE_WITH_KNOTS('',3,1,((#7760,#7761),(#7762,#7763),(#7764,
#7765),(#7766,#7767),(#7768,#7769),(#7770,#7771),(#7772,#7773),(#7774,#7775),
(#7776,#7777),(#7778,#7779),(#7780,#7781),(#7782,#7783),(#7784,#7785),(#7786,
#7787),(#7788,#7789),(#7790,#7791),(#7792,#7793),(#7794,#7795),(#7796,#7797),
(#7798,#7799),(#7800,#7801),(#7802,#7803),(#7804,#7805),(#7806,#7807),(#7808,
#7809),(#7810,#7811),(#7812,#7813),(#7814,#7815),(#7816,#7817),(#7818,#7819),
(#7820,#7821),(#7822,#7823),(#7824,#7825),(#7826,#7827),(#7828,#7829),(#7830,
#7831),(#7832,#7833),(#7834,#7835),(#7836,#7837),(#7838,#7839),(#7840,#7841),
(#7842,#7843),(#7844,#7845),(#7846,#7847),(#7848,#7849),(#7850,#7851),(#7852,
#7853),(#7854,#7855),(#7856,#7857),(#7858,#7859),(#7860,#7861),(#7862,#7863),
(#7864,#7865),(#7866,#7867)),.SURF_OF_LINEAR_EXTRUSION.,.F.,.F.,.F.,(4,
1,1,1,1,1,1,1,1,1,1,1,1,1,1,1,1,1,1,1,1,1,1,1,1,1,1,1,1,1,1,1,1,1,1,1,1,
1,1,1,1,1,1,1,1,1,1,1,1,1,1,4),(2,2),(0.0418890481213647,0.225078711308554,
0.408268374495743,0.499863206089338,0.591458037682933,0.683052869276528,
0.774647700870122,0.82044511666692,0.866242532463717,0.912039948260514,
0.934938656158913,0.957837364057312,0.98073607195571,0.99218542590491,0.99791010287951,
1.00077244136681,1.00363477985411,1.00935945682871,1.01508413380331,1.02653348775251,
1.04943219565091,1.07233090354931,1.0952296114477,1.1410270272445,1.2326218588381,
1.32421669043169,1.50740635361888,1.59900118521247,1.69059601680607,1.78219084839966,
1.82798826419646,1.87378567999326,1.89668438789166,1.91958309579006,1.94248180368845,
1.95393115763765,1.96538051158685,1.97110518856145,1.97396752704875,1.97682986553605,
1.98255454251065,1.98827921948525,2.01117792738365,2.05697534318045,2.10277275897725,
2.14857017477404,2.24016500636764,2.33175983796123,2.42335466955483,2.60654433274202,
2.78973399592921,2.9729236591164),(0.,1.),.UNSPECIFIED.);
#102=B_SPLINE_SURFACE_WITH_KNOTS('',3,1,((#7960,#7961),(#7962,#7963),(#7964,
#7965),(#7966,#7967),(#7968,#7969),(#7970,#7971),(#7972,#7973),(#7974,#7975),
(#7976,#7977),(#7978,#7979)),.SURF_OF_LINEAR_EXTRUSION.,.F.,.F.,.F.,(4,
1,1,1,1,1,1,4),(2,2),(-1.00600187280636,-0.880251638705566,-0.754501404604771,
-0.628751170503976,-0.503000936403181,-0.25150046820159,-0.125750234100795,
-5.24259212222613E-17),(0.,1.),.UNSPECIFIED.);
#103=B_SPLINE_SURFACE_WITH_KNOTS('',3,1,((#7995,#7996),(#7997,#7998),(#7999,
#8000),(#8001,#8002),(#8003,#8004),(#8005,#8006),(#8007,#8008),(#8009,#8010),
(#8011,#8012),(#8013,#8014),(#8015,#8016),(#8017,#8018),(#8019,#8020),(#8021,
#8022),(#8023,#8024),(#8025,#8026),(#8027,#8028),(#8029,#8030),(#8031,#8032),
(#8033,#8034),(#8035,#8036),(#8037,#8038),(#8039,#8040),(#8041,#8042),(#8043,
#8044),(#8045,#8046),(#8047,#8048),(#8049,#8050),(#8051,#8052),(#8053,#8054),
(#8055,#8056),(#8057,#8058),(#8059,#8060),(#8061,#8062),(#8063,#8064),(#8065,
#8066),(#8067,#8068),(#8069,#8070),(#8071,#8072),(#8073,#8074),(#8075,#8076),
(#8077,#8078),(#8079,#8080),(#8081,#8082),(#8083,#8084),(#8085,#8086),(#8087,
#8088)),.SURF_OF_LINEAR_EXTRUSION.,.F.,.F.,.F.,(4,1,1,1,1,1,1,1,1,1,1,1,
1,1,1,1,1,1,1,1,1,1,1,1,1,1,1,1,1,1,1,1,1,1,1,1,1,1,1,1,1,1,1,1,4),(2,2),
(0.,0.125,0.1875,0.21875,0.234375,0.2421875,0.25,0.2578125,0.265625,0.28125,
0.3125,0.375,0.40625,0.4375,0.453125,0.46875,0.484375,0.4921875,0.49609375,
0.5,0.50390625,0.5078125,0.515625,0.53125,0.546875,0.5625,0.59375,0.609375,
0.6171875,0.625,0.6328125,0.640625,0.65625,0.6875,0.71875,0.734375,0.75,
0.765625,0.78125,0.8125,0.84375,0.875,0.90625,0.9375,1.),(0.,1.),
 .UNSPECIFIED.);
#104=B_SPLINE_SURFACE_WITH_KNOTS('',3,1,((#8099,#8100),(#8101,#8102),(#8103,
#8104),(#8105,#8106),(#8107,#8108),(#8109,#8110),(#8111,#8112),(#8113,#8114),
(#8115,#8116),(#8117,#8118),(#8119,#8120),(#8121,#8122)),
 .SURF_OF_LINEAR_EXTRUSION.,.F.,.F.,.F.,(4,1,1,1,1,1,1,1,1,4),(2,2),(-0.00600003383796258,
0.120500310922142,0.247000655682247,0.373501000442352,0.436751172822404,
0.500001345202457,0.563251517582509,0.626501689962562,0.753002034722666,
1.00600272424288),(0.,1.),.UNSPECIFIED.);
#105=B_SPLINE_SURFACE_WITH_KNOTS('',3,1,((#8144,#8145),(#8146,#8147),(#8148,
#8149),(#8150,#8151),(#8152,#8153),(#8154,#8155),(#8156,#8157),(#8158,#8159),
(#8160,#8161),(#8162,#8163),(#8164,#8165),(#8166,#8167),(#8168,#8169),(#8170,
#8171),(#8172,#8173),(#8174,#8175),(#8176,#8177),(#8178,#8179),(#8180,#8181),
(#8182,#8183),(#8184,#8185),(#8186,#8187),(#8188,#8189),(#8190,#8191),(#8192,
#8193),(#8194,#8195),(#8196,#8197),(#8198,#8199),(#8200,#8201),(#8202,#8203),
(#8204,#8205),(#8206,#8207),(#8208,#8209),(#8210,#8211),(#8212,#8213)),
 .SURF_OF_LINEAR_EXTRUSION.,.F.,.F.,.F.,(4,1,1,1,1,1,1,1,1,1,1,1,1,1,1,
1,1,1,1,1,1,1,1,1,1,1,1,1,1,1,1,1,4),(2,2),(-23.9676922252303,-23.5775720341464,
-23.1874518430625,-22.9923917475205,-22.7973316519785,-22.6022715564366,
-22.4072114608946,-21.6269710787268,-20.8467306965589,-19.2862499322232,
-17.7257691678876,-16.1652884035519,-14.6048076392162,-11.4838461105448,
-8.36288458187345,-6.80240381753777,-5.24192305320208,-3.6814422888664,
-2.90120190669855,-2.12096152453071,-1.34072114236287,-0.950600951278946,
-0.560480760195025,-0.365420664653064,-0.170360569111104,-0.0728305213401235,
-0.0240654974546334,0.0246995264308568,0.122229574201837,0.219759621972817,
0.414819717514778,0.609879813056739,1.00000000414066),(0.,1.),
 .UNSPECIFIED.);
#106=B_SPLINE_SURFACE_WITH_KNOTS('',3,1,((#8279,#8280),(#8281,#8282),(#8283,
#8284),(#8285,#8286),(#8287,#8288),(#8289,#8290),(#8291,#8292),(#8293,#8294),
(#8295,#8296),(#8297,#8298),(#8299,#8300),(#8301,#8302),(#8303,#8304),(#8305,
#8306),(#8307,#8308),(#8309,#8310),(#8311,#8312),(#8313,#8314),(#8315,#8316),
(#8317,#8318),(#8319,#8320),(#8321,#8322),(#8323,#8324),(#8325,#8326),(#8327,
#8328),(#8329,#8330),(#8331,#8332),(#8333,#8334),(#8335,#8336),(#8337,#8338),
(#8339,#8340),(#8341,#8342),(#8343,#8344),(#8345,#8346),(#8347,#8348),(#8349,
#8350),(#8351,#8352),(#8353,#8354),(#8355,#8356),(#8357,#8358),(#8359,#8360),
(#8361,#8362),(#8363,#8364),(#8365,#8366),(#8367,#8368),(#8369,#8370)),
 .SURF_OF_LINEAR_EXTRUSION.,.F.,.F.,.F.,(4,1,1,1,1,1,1,1,1,1,1,1,1,1,1,
1,1,1,1,1,1,1,1,1,1,1,1,1,1,1,1,1,1,1,1,1,1,1,1,1,1,1,1,4),(2,2),(-1.83998839844716E-13,
0.124999999999839,0.187499999999851,0.218749999999856,0.234374999999859,
0.249999999999862,0.265624999999865,0.281249999999868,0.312499999999873,
0.374999999999885,0.406249999999891,0.437499999999897,0.468749999999902,
0.484374999999905,0.492187499999907,0.499999999999908,0.507812499999909,
0.515624999999911,0.531249999999914,0.56249999999992,0.593749999999925,
0.624999999999931,0.687499999999942,0.718749999999948,0.734374999999951,
0.742187499999953,0.749999999999954,0.757812499999955,0.765624999999957,
0.78124999999996,0.812499999999966,0.843749999999971,0.859374999999974,
0.867187499999976,0.874999999999977,0.882812499999978,0.89062499999998,
0.906249999999983,0.921874999999986,0.937499999999988,0.953124999999991,
0.960937499999993,0.968749999999994,1.),(0.,1.),.UNSPECIFIED.);
#107=B_SPLINE_SURFACE_WITH_KNOTS('',3,1,((#8395,#8396),(#8397,#8398),(#8399,
#8400),(#8401,#8402),(#8403,#8404),(#8405,#8406),(#8407,#8408),(#8409,#8410),
(#8411,#8412),(#8413,#8414),(#8415,#8416),(#8417,#8418),(#8419,#8420),(#8421,
#8422),(#8423,#8424),(#8425,#8426),(#8427,#8428),(#8429,#8430)),
 .SURF_OF_LINEAR_EXTRUSION.,.F.,.F.,.F.,(4,1,1,1,1,1,1,1,1,1,1,1,1,1,1,
4),(2,2),(-1.73710930009328E-17,0.125251046185723,0.187876569278584,0.250502092371446,
0.313127615464307,0.375753138557168,0.43837866165003,0.469691423196461,
0.501004184742891,0.532316946289322,0.563629707835753,0.626255230928614,
0.688880754021475,0.751506277114337,0.87675732330006,1.00200836948578),
(0.,1.),.UNSPECIFIED.);
#108=B_SPLINE_SURFACE_WITH_KNOTS('',3,1,((#8435,#8436),(#8437,#8438),(#8439,
#8440),(#8441,#8442),(#8443,#8444),(#8445,#8446),(#8447,#8448)),
 .SURF_OF_LINEAR_EXTRUSION.,.F.,.F.,.F.,(4,1,1,1,4),(2,2),(47.4693736210726,
47.717561918888,47.9657502167033,48.2139385145187,48.4621268123341),(0.,
1.),.UNSPECIFIED.);
#109=B_SPLINE_SURFACE_WITH_KNOTS('',3,1,((#8455,#8456),(#8457,#8458),(#8459,
#8460),(#8461,#8462),(#8463,#8464),(#8465,#8466),(#8467,#8468),(#8469,#8470)),
 .SURF_OF_LINEAR_EXTRUSION.,.F.,.F.,.F.,(4,1,1,1,1,4),(2,2),(0.427576357352078,
0.499106602221006,0.570636847089934,0.713697336827791,0.856757826565647,
0.999818316303503),(0.,1.),.UNSPECIFIED.);
#110=B_SPLINE_SURFACE_WITH_KNOTS('',3,1,((#8539,#8540),(#8541,#8542),(#8543,
#8544),(#8545,#8546),(#8547,#8548),(#8549,#8550),(#8551,#8552),(#8553,#8554),
(#8555,#8556),(#8557,#8558),(#8559,#8560),(#8561,#8562),(#8563,#8564),(#8565,
#8566)),.SURF_OF_LINEAR_EXTRUSION.,.F.,.F.,.F.,(4,1,1,1,1,1,1,1,1,1,1,4),
(2,2),(0.196488991637541,0.246708429660195,0.296927867682848,0.397366743728156,
0.447586181750809,0.497805619773463,0.548025057796117,0.59824449581877,
0.698683371864078,0.748902809886732,0.799122247909385,1.),(0.,1.),
 .UNSPECIFIED.);
#111=B_SPLINE_SURFACE_WITH_KNOTS('',3,1,((#8567,#8568),(#8569,#8570),(#8571,
#8572),(#8573,#8574),(#8575,#8576)),.SURF_OF_LINEAR_EXTRUSION.,.F.,.F.,
 .F.,(4,1,4),(2,2),(0.0956196620849663,0.547810060571083,1.0000004590572),
(0.,1.),.UNSPECIFIED.);
#112=B_SPLINE_SURFACE_WITH_KNOTS('',3,1,((#8577,#8578),(#8579,#8580),(#8581,
#8582),(#8583,#8584),(#8585,#8586),(#8587,#8588),(#8589,#8590),(#8591,#8592),
(#8593,#8594),(#8595,#8596),(#8597,#8598),(#8599,#8600),(#8601,#8602),(#8603,
#8604),(#8605,#8606),(#8607,#8608),(#8609,#8610),(#8611,#8612),(#8613,#8614),
(#8615,#8616),(#8617,#8618),(#8619,#8620),(#8621,#8622),(#8623,#8624),(#8625,
#8626),(#8627,#8628),(#8629,#8630),(#8631,#8632),(#8633,#8634),(#8635,#8636),
(#8637,#8638),(#8639,#8640),(#8641,#8642),(#8643,#8644),(#8645,#8646),(#8647,
#8648),(#8649,#8650),(#8651,#8652),(#8653,#8654),(#8655,#8656),(#8657,#8658),
(#8659,#8660),(#8661,#8662),(#8663,#8664),(#8665,#8666),(#8667,#8668),(#8669,
#8670),(#8671,#8672),(#8673,#8674),(#8675,#8676),(#8677,#8678),(#8679,#8680),
(#8681,#8682),(#8683,#8684),(#8685,#8686),(#8687,#8688)),
 .SURF_OF_LINEAR_EXTRUSION.,.F.,.F.,.F.,(4,1,1,1,1,1,1,1,1,1,1,1,1,1,1,
1,1,1,1,1,1,1,1,1,1,1,1,1,1,1,1,1,1,1,1,1,1,1,1,1,1,1,1,1,1,1,1,1,1,1,1,
1,1,4),(2,2),(2.42861286636753E-17,0.03125,0.046875,0.0625,0.0703125,0.078125,
0.09375,0.109375,0.125,0.1328125,0.140625,0.142578125,0.14453125,0.1484375,
0.15625,0.171875,0.1875,0.21875,0.25,0.265625,0.2734375,0.28125,0.28515625,
0.2890625,0.296875,0.3125,0.34375,0.375,0.40625,0.4375,0.46875,0.484375,
0.4921875,0.5,0.5078125,0.515625,0.53125,0.5625,0.59375,0.625,0.65625,0.6875,
0.71875,0.734375,0.7421875,0.75,0.7578125,0.765625,0.78125,0.8125,0.84375,
0.875,0.9375,1.),(0.,1.),.UNSPECIFIED.);
#113=B_SPLINE_SURFACE_WITH_KNOTS('',3,1,((#8742,#8743),(#8744,#8745),(#8746,
#8747),(#8748,#8749),(#8750,#8751),(#8752,#8753),(#8754,#8755),(#8756,#8757),
(#8758,#8759),(#8760,#8761),(#8762,#8763),(#8764,#8765),(#8766,#8767),(#8768,
#8769),(#8770,#8771),(#8772,#8773),(#8774,#8775),(#8776,#8777),(#8778,#8779),
(#8780,#8781),(#8782,#8783),(#8784,#8785),(#8786,#8787),(#8788,#8789),(#8790,
#8791),(#8792,#8793),(#8794,#8795),(#8796,#8797),(#8798,#8799),(#8800,#8801),
(#8802,#8803),(#8804,#8805),(#8806,#8807),(#8808,#8809),(#8810,#8811),(#8812,
#8813),(#8814,#8815),(#8816,#8817),(#8818,#8819),(#8820,#8821),(#8822,#8823),
(#8824,#8825),(#8826,#8827),(#8828,#8829),(#8830,#8831),(#8832,#8833),(#8834,
#8835),(#8836,#8837),(#8838,#8839),(#8840,#8841),(#8842,#8843),(#8844,#8845),
(#8846,#8847),(#8848,#8849),(#8850,#8851),(#8852,#8853)),
 .SURF_OF_LINEAR_EXTRUSION.,.F.,.F.,.F.,(4,1,1,1,1,1,1,1,1,1,1,1,1,1,1,
1,1,1,1,1,1,1,1,1,1,1,1,1,1,1,1,1,1,1,1,1,1,1,1,1,1,1,1,1,1,1,1,1,1,1,1,
1,1,4),(2,2),(0.,0.03125,0.046875,0.0625,0.0703125,0.078125,0.09375,0.109375,
0.125,0.1328125,0.140625,0.142578125,0.14453125,0.1484375,0.15625,0.171875,
0.1875,0.21875,0.25,0.265625,0.2734375,0.28125,0.28515625,0.2890625,0.296875,
0.3125,0.34375,0.375,0.40625,0.4375,0.46875,0.484375,0.4921875,0.5,0.5078125,
0.515625,0.53125,0.5625,0.59375,0.625,0.65625,0.6875,0.71875,0.734375,0.7421875,
0.75,0.7578125,0.765625,0.78125,0.8125,0.84375,0.875,0.9375,1.),(0.,1.),
 .UNSPECIFIED.);
#114=B_SPLINE_SURFACE_WITH_KNOTS('',3,1,((#8921,#8922),(#8923,#8924),(#8925,
#8926),(#8927,#8928),(#8929,#8930),(#8931,#8932),(#8933,#8934),(#8935,#8936),
(#8937,#8938),(#8939,#8940),(#8941,#8942),(#8943,#8944),(#8945,#8946),(#8947,
#8948),(#8949,#8950),(#8951,#8952),(#8953,#8954),(#8955,#8956),(#8957,#8958),
(#8959,#8960),(#8961,#8962),(#8963,#8964),(#8965,#8966),(#8967,#8968),(#8969,
#8970),(#8971,#8972),(#8973,#8974),(#8975,#8976),(#8977,#8978),(#8979,#8980),
(#8981,#8982),(#8983,#8984),(#8985,#8986),(#8987,#8988),(#8989,#8990),(#8991,
#8992),(#8993,#8994),(#8995,#8996),(#8997,#8998),(#8999,#9000),(#9001,#9002),
(#9003,#9004),(#9005,#9006),(#9007,#9008),(#9009,#9010),(#9011,#9012),(#9013,
#9014),(#9015,#9016),(#9017,#9018),(#9019,#9020),(#9021,#9022),(#9023,#9024),
(#9025,#9026),(#9027,#9028),(#9029,#9030),(#9031,#9032),(#9033,#9034),(#9035,
#9036)),.SURF_OF_LINEAR_EXTRUSION.,.F.,.F.,.F.,(4,1,1,1,1,1,1,1,1,1,1,1,
1,1,1,1,1,1,1,1,1,1,1,1,1,1,1,1,1,1,1,1,1,1,1,1,1,1,1,1,1,1,1,1,1,1,1,1,
1,1,1,1,1,1,1,4),(2,2),(0.,0.0314446608155131,0.0471669912232697,0.0628893216310262,
0.0668199042329653,0.0707504868349045,0.0786116520387828,0.0943339824465393,
0.110056312854296,0.125778643262052,0.133639808465931,0.13757039106787,
0.141500973669809,0.149362138873687,0.157223304077566,0.172945634485322,
0.188667964893079,0.220112625708592,0.235834956116348,0.251557286524105,
0.267279616931861,0.27514078213574,0.283001947339618,0.286932529941557,
0.290863112543496,0.298724277747374,0.314446608155131,0.345891268970644,
0.377335929786157,0.40878059060167,0.440225251417183,0.471669912232696,
0.487392242640453,0.495253407844331,0.49918399044627,0.50311457304821,0.510975738252088,
0.518836903455966,0.534559233863723,0.566003894679236,0.597448555494749,
0.628893216310262,0.660337877125775,0.691782537941288,0.723227198756801,
0.738949529164558,0.746810694368436,0.750741276970375,0.754671859572314,
0.770394189980071,0.786116520387828,0.817561181203341,0.849005842018854,
0.880450502834367,0.943339824465393,1.00622914609642),(0.,1.),
 .UNSPECIFIED.);
#115=B_SPLINE_SURFACE_WITH_KNOTS('',3,1,((#9069,#9070),(#9071,#9072),(#9073,
#9074),(#9075,#9076),(#9077,#9078),(#9079,#9080),(#9081,#9082),(#9083,#9084),
(#9085,#9086),(#9087,#9088),(#9089,#9090),(#9091,#9092),(#9093,#9094)),
 .SURF_OF_LINEAR_EXTRUSION.,.F.,.F.,.F.,(4,1,1,1,1,1,1,1,1,1,4),(2,2),(0.0437042379730669,
0.111654130265469,0.179604022557871,0.247553914850273,0.315503807142675,
0.383453699435077,0.451403591727478,0.485378537873679,0.50236601094678,
0.51935348401988,0.587303376312282),(0.,1.),.UNSPECIFIED.);
#116=B_SPLINE_SURFACE_WITH_KNOTS('',3,1,((#9130,#9131),(#9132,#9133),(#9134,
#9135),(#9136,#9137)),.SURF_OF_LINEAR_EXTRUSION.,.F.,.F.,.F.,(4,4),(2,2),
(0.0418890481213647,0.247684268391207),(0.,1.),.PIECEWISE_BEZIER_KNOTS.);
#117=B_SPLINE_SURFACE_WITH_KNOTS('',3,1,((#9162,#9163),(#9164,#9165),(#9166,
#9167),(#9168,#9169),(#9170,#9171),(#9172,#9173),(#9174,#9175),(#9176,#9177),
(#9178,#9179),(#9180,#9181),(#9182,#9183),(#9184,#9185),(#9186,#9187),(#9188,
#9189),(#9190,#9191),(#9192,#9193),(#9194,#9195),(#9196,#9197),(#9198,#9199),
(#9200,#9201),(#9202,#9203),(#9204,#9205),(#9206,#9207),(#9208,#9209)),
 .SURF_OF_LINEAR_EXTRUSION.,.F.,.F.,.F.,(4,1,1,1,1,1,1,1,1,1,1,1,1,1,1,
1,1,1,1,1,1,4),(2,2),(0.,0.125,0.1875,0.25,0.3125,0.375,0.4375,0.46875,
0.5,0.53125,0.5625,0.625,0.6875,0.71875,0.734375,0.75,0.765625,0.78125,
0.8125,0.875,0.9375,1.),(0.,1.),.UNSPECIFIED.);
#118=B_SPLINE_SURFACE_WITH_KNOTS('',3,1,((#9245,#9246),(#9247,#9248),(#9249,
#9250),(#9251,#9252),(#9253,#9254)),.SURF_OF_LINEAR_EXTRUSION.,.F.,.F.,
 .F.,(4,1,4),(2,2),(47.8320317184231,48.1470792653786,48.4621268123341),
(0.,1.),.UNSPECIFIED.);
#119=B_SPLINE_SURFACE_WITH_KNOTS('',3,1,((#9272,#9273),(#9274,#9275),(#9276,
#9277),(#9278,#9279),(#9280,#9281),(#9282,#9283),(#9284,#9285),(#9286,#9287),
(#9288,#9289),(#9290,#9291),(#9292,#9293),(#9294,#9295),(#9296,#9297),(#9298,
#9299),(#9300,#9301),(#9302,#9303),(#9304,#9305),(#9306,#9307)),
 .SURF_OF_LINEAR_EXTRUSION.,.F.,.F.,.F.,(4,1,1,1,1,1,1,1,1,1,1,1,1,1,1,
4),(2,2),(0.,0.125,0.1875,0.25,0.3125,0.375,0.4375,0.46875,0.5,0.53125,
0.5625,0.625,0.6875,0.75,0.875,1.),(0.,1.),.UNSPECIFIED.);
#120=B_SPLINE_SURFACE_WITH_KNOTS('',3,1,((#9353,#9354),(#9355,#9356),(#9357,
#9358),(#9359,#9360)),.SURF_OF_LINEAR_EXTRUSION.,.F.,.F.,.F.,(4,4),(2,2),
(48.074922700113,48.4621268123341),(0.,1.),.PIECEWISE_BEZIER_KNOTS.);
#121=B_SPLINE_SURFACE_WITH_KNOTS('',3,1,((#9377,#9378),(#9379,#9380),(#9381,
#9382),(#9383,#9384),(#9385,#9386),(#9387,#9388),(#9389,#9390),(#9391,#9392),
(#9393,#9394),(#9395,#9396),(#9397,#9398),(#9399,#9400),(#9401,#9402),(#9403,
#9404),(#9405,#9406),(#9407,#9408),(#9409,#9410),(#9411,#9412)),
 .SURF_OF_LINEAR_EXTRUSION.,.F.,.F.,.F.,(4,1,1,1,1,1,1,1,1,1,1,1,1,1,1,
4),(2,2),(-4.51469614546386E-17,0.125251046185748,0.187876569278622,0.250502092371496,
0.31312761546437,0.375753138557244,0.438378661650118,0.469691423196555,
0.501004184742992,0.532316946289429,0.563629707835866,0.62625523092874,
0.688880754021614,0.751506277114488,0.876757323300236,1.00200836948598),
(0.,1.),.UNSPECIFIED.);
#122=B_SPLINE_CURVE_WITH_KNOTS('',5,(#4567,#4568,#4569,#4570,#4571,#4572,
#4573,#4574,#4575,#4576,#4577,#4578,#4579,#4580,#4581,#4582),
 .UNSPECIFIED.,.F.,.F.,(6,5,5,6),(0.0418890481213647,1.,1.97292365911612,
2.97292365911612),.UNSPECIFIED.);
#123=B_SPLINE_CURVE_WITH_KNOTS('',3,(#4584,#4585,#4586,#4587),
 .UNSPECIFIED.,.F.,.F.,(4,4),(0.891147645725289,1.),.UNSPECIFIED.);
#124=B_SPLINE_CURVE_WITH_KNOTS('',3,(#4589,#4590,#4591,#4592,#4593,#4594,
#4595,#4596,#4597),.UNSPECIFIED.,.F.,.F.,(4,1,1,1,1,1,4),(0.,0.125,0.25,
0.375,0.5,0.75,1.),.UNSPECIFIED.);
#125=B_SPLINE_CURVE_WITH_KNOTS('',3,(#4601,#4602,#4603,#4604,#4605,#4606,
#4607,#4608,#4609,#4610,#4611,#4612,#4613,#4614,#4615,#4616,#4617,#4618,
#4619),.UNSPECIFIED.,.F.,.F.,(4,3,3,3,3,3,4),(0.,0.0714285714285714,0.142857142857143,
0.285714285714286,0.5,0.75,1.),.PIECEWISE_BEZIER_KNOTS.);
#126=B_SPLINE_CURVE_WITH_KNOTS('',3,(#4625,#4626,#4627,#4628,#4629,#4630,
#4631,#4632,#4633,#4634,#4635,#4636,#4637),.UNSPECIFIED.,.F.,.F.,(4,3,3,
3,4),(0.,0.25,0.5,0.75,1.),.PIECEWISE_BEZIER_KNOTS.);
#127=B_SPLINE_CURVE_WITH_KNOTS('',3,(#4639,#4640,#4641,#4642),
 .UNSPECIFIED.,.F.,.F.,(4,4),(0.,0.196488991635647),.UNSPECIFIED.);
#128=B_SPLINE_CURVE_WITH_KNOTS('',5,(#4644,#4645,#4646,#4647,#4648,#4649),
 .UNSPECIFIED.,.F.,.F.,(6,6),(47.4693736210727,48.4621268123341),
 .UNSPECIFIED.);
#129=B_SPLINE_CURVE_WITH_KNOTS('',5,(#4659,#4660,#4661,#4662,#4663,#4664),
 .UNSPECIFIED.,.F.,.F.,(6,6),(-1.,0.),.UNSPECIFIED.);
#130=B_SPLINE_CURVE_WITH_KNOTS('',3,(#4666,#4667,#4668,#4669,#4670,#4671,
#4672,#4673,#4674,#4675,#4676,#4677,#4678,#4679,#4680,#4681,#4682,#4683,
#4684,#4685,#4686,#4687,#4688,#4689,#4690,#4691,#4692,#4693,#4694,#4695,
#4696,#4697,#4698,#4699,#4700,#4701,#4702,#4703,#4704,#4705,#4706,#4707,
#4708,#4709,#4710,#4711,#4712),.UNSPECIFIED.,.F.,.F.,(4,1,1,1,1,1,1,1,1,
1,1,1,1,1,1,1,1,1,1,1,1,1,1,1,1,1,1,1,1,1,1,1,1,1,1,1,1,1,1,1,1,1,1,1,4),
(0.,0.125,0.1875,0.21875,0.234375,0.2421875,0.25,0.2578125,0.265625,0.28125,
0.3125,0.375,0.40625,0.4375,0.453125,0.46875,0.484375,0.4921875,0.49609375,
0.5,0.50390625,0.5078125,0.515625,0.53125,0.546875,0.5625,0.59375,0.609375,
0.6171875,0.625,0.6328125,0.640625,0.65625,0.6875,0.71875,0.734375,0.75,
0.765625,0.78125,0.8125,0.84375,0.875,0.90625,0.9375,1.),.UNSPECIFIED.);
#131=B_SPLINE_CURVE_WITH_KNOTS('',3,(#4714,#4715,#4716,#4717,#4718,#4719,
#4720,#4721,#4722,#4723,#4724),.UNSPECIFIED.,.F.,.F.,(4,1,1,1,1,1,1,1,4),
(0.,0.25,0.375,0.4375,0.5,0.5625,0.625,0.75,1.),.UNSPECIFIED.);
#132=B_SPLINE_CURVE_WITH_KNOTS('',5,(#4726,#4727,#4728,#4729,#4730,#4731,
#4732,#4733,#4734,#4735,#4736,#4737,#4738,#4739,#4740,#4741,#4742,#4743,
#4744,#4745,#4746,#4747,#4748,#4749,#4750,#4751,#4752,#4753,#4754,#4755,
#4756),.UNSPECIFIED.,.F.,.F.,(6,5,3,3,3,3,3,5,6),(-23.9676922252303,-22.9676922252303,
-20.6907472185683,-17.7353553188432,-13.8930733586437,-7.70582111642645,
-1.10638098051742,0.,1.),.UNSPECIFIED.);
#133=B_SPLINE_CURVE_WITH_KNOTS('',5,(#4764,#4765,#4766,#4767,#4768,#4769,
#4770,#4771,#4772,#4773,#4774,#4775,#4776,#4777,#4778,#4779,#4780,#4781,
#4782,#4783,#4784,#4785,#4786,#4787,#4788,#4789,#4790,#4791,#4792,#4793,
#4794),.UNSPECIFIED.,.F.,.F.,(6,5,3,3,3,3,3,5,6),(-23.9676922252303,-22.9676922252303,
-20.6907472185683,-17.7353553188432,-13.8930733586437,-7.70582111642645,
-1.10638098051742,0.,1.),.UNSPECIFIED.);
#134=B_SPLINE_CURVE_WITH_KNOTS('',3,(#4798,#4799,#4800,#4801,#4802,#4803,
#4804,#4805,#4806,#4807,#4808,#4809,#4810,#4811,#4812,#4813,#4814,#4815,
#4816,#4817,#4818,#4819,#4820,#4821,#4822,#4823,#4824,#4825,#4826,#4827,
#4828,#4829,#4830,#4831,#4832,#4833,#4834,#4835,#4836,#4837,#4838,#4839,
#4840,#4841,#4842,#4843,#4844,#4845),.UNSPECIFIED.,.F.,.F.,(4,1,1,1,1,1,
1,1,1,1,1,1,1,1,1,1,1,1,1,1,1,1,1,1,1,1,1,1,1,1,1,1,1,1,1,1,1,1,1,1,1,1,
1,1,1,4),(0.,0.0621216923338649,0.12424338466773,0.186365077001595,0.217425923168527,
0.248486769335459,0.279547615502392,0.310608461669324,0.372730154003189,
0.403791000170122,0.434851846337054,0.465912692503987,0.481443115587453,
0.489208327129186,0.496973538670919,0.500856144441786,0.504738750212652,
0.512503961754385,0.528034384837851,0.559095231004784,0.590156077171716,
0.621216923338649,0.683338615672514,0.714399461839446,0.745460308006378,
0.776521154173311,0.807582000340243,0.838642846507176,0.854173269590642,
0.861938481132375,0.869703692674108,0.873586298444975,0.877468904215841,
0.885234115757574,0.900764538841041,0.916294961924507,0.931825385007973,
0.93570799077884,0.939590596549706,0.947355808091439,0.955121019633172,
0.962886231174906,0.966768836945772,0.970651442716639,0.978416654258372,
0.993947077341838),.UNSPECIFIED.);
#135=B_SPLINE_CURVE_WITH_KNOTS('',5,(#4847,#4848,#4849,#4850,#4851,#4852,
#4853,#4854,#4855,#4856,#4857,#4858,#4859,#4860,#4861,#4862),
 .UNSPECIFIED.,.F.,.F.,(6,5,5,6),(0.0418890481213647,1.,1.97292365911612,
2.97292365911612),.UNSPECIFIED.);
#136=B_SPLINE_CURVE_WITH_KNOTS('',5,(#4875,#4876,#4877,#4878,#4879,#4880,
#4881,#4882,#4883,#4884,#4885,#4886,#4887,#4888,#4889,#4890),
 .UNSPECIFIED.,.F.,.F.,(6,5,5,6),(0.0418890481213647,1.,1.97292365911612,
2.97292365911612),.UNSPECIFIED.);
#137=B_SPLINE_CURVE_WITH_KNOTS('',3,(#4892,#4893,#4894,#4895),
 .UNSPECIFIED.,.F.,.F.,(4,4),(0.,0.00456409355272574),.UNSPECIFIED.);
#138=B_SPLINE_CURVE_WITH_KNOTS('',3,(#4910,#4911,#4912,#4913),
 .UNSPECIFIED.,.F.,.F.,(4,4),(6.46865107679114E-5,0.00808834407148381),
 .UNSPECIFIED.);
#139=B_SPLINE_CURVE_WITH_KNOTS('',3,(#4915,#4916,#4917,#4918),
 .UNSPECIFIED.,.F.,.F.,(4,4),(-0.002303787197647,0.00248391762972262),
 .UNSPECIFIED.);
#140=B_SPLINE_CURVE_WITH_KNOTS('',3,(#4924,#4925,#4926,#4927,#4928),
 .UNSPECIFIED.,.F.,.F.,(4,1,4),(6.26053025769567E-6,0.00750949125886897,
0.0150127219874803),.UNSPECIFIED.);
#141=B_SPLINE_CURVE_WITH_KNOTS('',3,(#4932,#4933,#4934,#4935,#4936,#4937),
 .UNSPECIFIED.,.F.,.F.,(4,1,1,4),(0.,0.00688514739698617,0.0103277210954793,
0.0137702947939723),.UNSPECIFIED.);
#142=B_SPLINE_CURVE_WITH_KNOTS('',3,(#4939,#4940,#4941,#4942),
 .UNSPECIFIED.,.F.,.F.,(4,4),(0.00241140245559844,0.00674413575655608),
 .UNSPECIFIED.);
#143=B_SPLINE_CURVE_WITH_KNOTS('',3,(#4950,#4951,#4952,#4953,#4954,#4955,
#4956),.UNSPECIFIED.,.F.,.F.,(4,1,1,1,4),(0.,0.00644864556522582,0.0128972911304516,
0.0193459366956775,0.0257945822609033),.UNSPECIFIED.);
#144=B_SPLINE_CURVE_WITH_KNOTS('',3,(#4958,#4959,#4960,#4961,#4962,#4963,
#4964,#4965),.UNSPECIFIED.,.F.,.F.,(4,1,1,1,1,4),(0.,0.00368494794950799,
0.00736989589901597,0.0147397917980319,0.0221096876970479,0.0294795835960639),
 .UNSPECIFIED.);
#145=B_SPLINE_CURVE_WITH_KNOTS('',3,(#4967,#4968,#4969,#4970),
 .UNSPECIFIED.,.F.,.F.,(4,4),(0.,0.000173637570653196),.UNSPECIFIED.);
#146=B_SPLINE_CURVE_WITH_KNOTS('',3,(#4972,#4973,#4974,#4975,#4976,#4977,
#4978),.UNSPECIFIED.,.F.,.F.,(4,1,1,1,4),(0.00632442715013119,0.00890573792179986,
0.0114870486934685,0.0140683594651372,0.0166496702368059),.UNSPECIFIED.);
#147=B_SPLINE_CURVE_WITH_KNOTS('',3,(#5004,#5005,#5006,#5007,#5008,#5009,
#5010),.UNSPECIFIED.,.F.,.F.,(4,1,1,1,4),(0.,0.00249227929153511,0.00498455858307022,
0.00747683787460532,0.00996911716614043),.UNSPECIFIED.);
#148=B_SPLINE_CURVE_WITH_KNOTS('',3,(#5012,#5013,#5014,#5015),
 .UNSPECIFIED.,.F.,.F.,(4,4),(2.68400301902591E-5,0.00358231124426956),
 .UNSPECIFIED.);
#149=B_SPLINE_CURVE_WITH_KNOTS('',3,(#5017,#5018,#5019,#5020,#5021),
 .UNSPECIFIED.,.F.,.F.,(4,1,4),(0.,0.00937583469876735,0.0187516693975347),
 .UNSPECIFIED.);
#150=B_SPLINE_CURVE_WITH_KNOTS('',3,(#5023,#5024,#5025,#5026,#5027,#5028,
#5029,#5030),.UNSPECIFIED.,.F.,.F.,(4,1,1,1,1,4),(0.,0.00268142056479523,
0.00536284112959045,0.0107256822591809,0.0160885233887714,0.0214513645183618),
 .UNSPECIFIED.);
#151=B_SPLINE_CURVE_WITH_KNOTS('',3,(#5055,#5056,#5057,#5058),
 .UNSPECIFIED.,.F.,.F.,(4,4),(0.,0.374847043688035),.UNSPECIFIED.);
#152=B_SPLINE_CURVE_WITH_KNOTS('',3,(#5060,#5061,#5062,#5063,#5064,#5065),
 .UNSPECIFIED.,.F.,.F.,(4,1,1,4),(0.049514295906416,0.0510140124159202,
0.0525137289254245,0.0555131619444329),.UNSPECIFIED.);
#153=B_SPLINE_CURVE_WITH_KNOTS('',3,(#5067,#5068,#5069,#5070,#5071),
 .UNSPECIFIED.,.F.,.F.,(4,1,4),(2.35761015186922E-12,0.00204626575531313,
0.00409253150826865),.UNSPECIFIED.);
#154=B_SPLINE_CURVE_WITH_KNOTS('',3,(#5075,#5076,#5077,#5078),
 .UNSPECIFIED.,.F.,.F.,(4,4),(0.0391555078797606,0.0418523937601971),
 .UNSPECIFIED.);
#155=B_SPLINE_CURVE_WITH_KNOTS('',3,(#5080,#5081,#5082,#5083,#5084,#5085),
 .UNSPECIFIED.,.F.,.F.,(4,1,1,4),(0.0612469687526399,0.0671005096331005,
0.0700272800733309,0.0729540505135612),.UNSPECIFIED.);
#156=B_SPLINE_CURVE_WITH_KNOTS('',3,(#5136,#5137,#5138,#5139,#5140,#5141),
 .UNSPECIFIED.,.F.,.F.,(4,1,1,4),(0.0172753764596329,0.0203644573078861,
0.0219089977320127,0.0234535381561393),.UNSPECIFIED.);
#157=B_SPLINE_CURVE_WITH_KNOTS('',3,(#5143,#5144,#5145,#5146),
 .UNSPECIFIED.,.F.,.F.,(4,4),(0.902448282996504,1.),.UNSPECIFIED.);
#158=B_SPLINE_CURVE_WITH_KNOTS('',3,(#5148,#5149,#5150,#5151,#5152,#5153,
#5154),.UNSPECIFIED.,.F.,.F.,(4,1,1,1,4),(0.0339312986455731,0.0358089288750216,
0.0376865591044702,0.0395641893339188,0.0414418195633674),.UNSPECIFIED.);
#159=B_SPLINE_CURVE_WITH_KNOTS('',3,(#5183,#5184,#5185,#5186,#5187,#5188,
#5189,#5190,#5191,#5192,#5193,#5194,#5195,#5196,#5197,#5198,#5199,#5200,
#5201),.UNSPECIFIED.,.F.,.F.,(4,1,1,1,1,1,1,1,1,1,1,1,1,1,1,1,4),(0.,0.00802857029474604,
0.0160571405894921,0.0240857108842381,0.0280999960316111,0.0321142811789841,
0.0361285663263572,0.0401428514737302,0.0441571366211032,0.0461642791947897,
0.0481714217684762,0.0521857069158492,0.0561999920632223,0.0582071346369088,
0.0602142772105953,0.0622214197842818,0.0642285623579683),.UNSPECIFIED.);
#160=B_SPLINE_CURVE_WITH_KNOTS('',3,(#5203,#5204,#5205,#5206),
 .UNSPECIFIED.,.F.,.F.,(4,4),(0.,0.0212002115520732),.UNSPECIFIED.);
#161=B_SPLINE_CURVE_WITH_KNOTS('',3,(#5210,#5211,#5212,#5213),
 .UNSPECIFIED.,.F.,.F.,(4,4),(0.,0.0242074738356798),.UNSPECIFIED.);
#162=B_SPLINE_CURVE_WITH_KNOTS('',3,(#5215,#5216,#5217,#5218),
 .UNSPECIFIED.,.F.,.F.,(4,4),(0.0144038640835393,0.0386339222452561),
 .UNSPECIFIED.);
#163=B_SPLINE_CURVE_WITH_KNOTS('',3,(#5222,#5223,#5224,#5225),
 .UNSPECIFIED.,.F.,.F.,(4,4),(0.,0.0185435479697983),.UNSPECIFIED.);
#164=B_SPLINE_CURVE_WITH_KNOTS('',3,(#5227,#5228,#5229,#5230,#5231,#5232,
#5233,#5234),.UNSPECIFIED.,.F.,.F.,(4,1,1,1,1,4),(0.,0.00538048029486842,
0.0107609605897368,0.0161414408846053,0.0188316810320395,0.0215219211794737),
 .UNSPECIFIED.);
#165=B_SPLINE_CURVE_WITH_KNOTS('',3,(#5236,#5237,#5238,#5239,#5240),
 .UNSPECIFIED.,.F.,.F.,(4,1,4),(0.,0.00980754128678198,0.019615082573564),
 .UNSPECIFIED.);
#166=B_SPLINE_CURVE_WITH_KNOTS('',3,(#5242,#5243,#5244,#5245),
 .UNSPECIFIED.,.F.,.F.,(4,4),(0.,0.0044380219307382),.UNSPECIFIED.);
#167=B_SPLINE_CURVE_WITH_KNOTS('',3,(#5248,#5249,#5250,#5251),
 .UNSPECIFIED.,.F.,.F.,(4,4),(0.,0.00552638973211685),.UNSPECIFIED.);
#168=B_SPLINE_CURVE_WITH_KNOTS('',3,(#5284,#5285,#5286,#5287),
 .UNSPECIFIED.,.F.,.F.,(4,4),(0.,0.00552638973572288),.UNSPECIFIED.);
#169=B_SPLINE_CURVE_WITH_KNOTS('',3,(#5291,#5292,#5293,#5294,#5295,#5296,
#5297),.UNSPECIFIED.,.F.,.F.,(4,1,1,1,4),(0.,0.00290164240012091,0.00580328480024181,
0.00870492720036272,0.0116065696004836),.UNSPECIFIED.);
#170=B_SPLINE_CURVE_WITH_KNOTS('',3,(#5299,#5300,#5301,#5302),
 .UNSPECIFIED.,.F.,.F.,(4,4),(0.,0.000237498865849803),.UNSPECIFIED.);
#171=B_SPLINE_CURVE_WITH_KNOTS('',3,(#5304,#5305,#5306,#5307,#5308,#5309,
#5310,#5311),.UNSPECIFIED.,.F.,.F.,(4,1,1,1,1,4),(0.,0.00782382818088912,
0.0156476563617782,0.0234714845426674,0.0273833986331119,0.0312953127235565),
 .UNSPECIFIED.);
#172=B_SPLINE_CURVE_WITH_KNOTS('',3,(#5313,#5314,#5315,#5316,#5317,#5318,
#5319,#5320),.UNSPECIFIED.,.F.,.F.,(4,1,1,1,1,4),(0.,0.00404134240513561,
0.00808268481027122,0.0161653696205424,0.0242480544308137,0.0323307392410849),
 .UNSPECIFIED.);
#173=B_SPLINE_CURVE_WITH_KNOTS('',3,(#5324,#5325,#5326,#5327),
 .UNSPECIFIED.,.F.,.F.,(4,4),(0.0144038640835402,0.0386339222452561),
 .UNSPECIFIED.);
#174=B_SPLINE_CURVE_WITH_KNOTS('',3,(#5329,#5330,#5331,#5332),
 .UNSPECIFIED.,.F.,.F.,(4,4),(0.,0.0242074738356788),.UNSPECIFIED.);
#175=B_SPLINE_CURVE_WITH_KNOTS('',3,(#5336,#5337,#5338,#5339),
 .UNSPECIFIED.,.F.,.F.,(4,4),(0.,0.0212156558517001),.UNSPECIFIED.);
#176=B_SPLINE_CURVE_WITH_KNOTS('',3,(#5341,#5342,#5343,#5344,#5345,#5346,
#5347,#5348,#5349,#5350,#5351,#5352,#5353,#5354,#5355,#5356,#5357,#5358),
 .UNSPECIFIED.,.F.,.F.,(4,1,1,1,1,1,1,1,1,1,1,1,1,1,1,4),(0.00250166609814995,
0.00455538560229358,0.00660910510643721,0.00866282461058084,0.0107165441147245,
0.0148239831230117,0.018931422131299,0.0209851416354426,0.0230388611395862,
0.0271463001478735,0.0312537391561608,0.035361178164448,0.0435760561810225,
0.0517909341975971,0.0600058122141716,0.0682206902307461),.UNSPECIFIED.);
#177=B_SPLINE_CURVE_WITH_KNOTS('',3,(#5367,#5368,#5369,#5370),
 .UNSPECIFIED.,.F.,.F.,(4,4),(0.902448282996504,1.),.UNSPECIFIED.);
#178=B_SPLINE_CURVE_WITH_KNOTS('',3,(#5372,#5373,#5374,#5375),
 .UNSPECIFIED.,.F.,.F.,(4,4),(0.,0.000173637570653196),.UNSPECIFIED.);
#179=B_SPLINE_CURVE_WITH_KNOTS('',3,(#5406,#5407,#5408,#5409,#5410,#5411),
 .UNSPECIFIED.,.F.,.F.,(4,1,1,4),(0.,0.169370946369172,0.444675471692555,
1.),.UNSPECIFIED.);
#180=B_SPLINE_CURVE_WITH_KNOTS('',3,(#5413,#5414,#5415,#5416,#5417,#5418),
 .UNSPECIFIED.,.F.,.F.,(4,1,1,4),(0.,0.169370946369172,0.444675471692555,
1.),.UNSPECIFIED.);
#181=B_SPLINE_CURVE_WITH_KNOTS('',3,(#5422,#5423,#5424,#5425,#5426,#5427,
#5428,#5429,#5430,#5431,#5432,#5433,#5434,#5435,#5436,#5437,#5438,#5439,
#5440),.UNSPECIFIED.,.F.,.F.,(4,1,1,1,1,1,1,1,1,1,1,1,1,1,1,1,4),(0.00249791104527428,
0.00460905959065839,0.0067202081360425,0.00883135668142662,0.0109425052268107,
0.0151648023175789,0.0193870994083472,0.0214982479537313,0.0236093964991154,
0.0278316935898836,0.0320539906806518,0.0362762877714201,0.0404985848621883,
0.0447208819529565,0.0531654761344929,0.0616100703160294,0.0700546644975658),
 .UNSPECIFIED.);
#182=B_SPLINE_CURVE_WITH_KNOTS('',3,(#5442,#5443,#5444,#5445),
 .UNSPECIFIED.,.F.,.F.,(4,4),(0.,0.0218314862716051),.UNSPECIFIED.);
#183=B_SPLINE_CURVE_WITH_KNOTS('',3,(#5449,#5450,#5451,#5452),
 .UNSPECIFIED.,.F.,.F.,(4,4),(0.,0.0241670293027003),.UNSPECIFIED.);
#184=B_SPLINE_CURVE_WITH_KNOTS('',3,(#5454,#5455,#5456,#5457),
 .UNSPECIFIED.,.F.,.F.,(4,4),(0.0148388717637076,0.0390284586005085),
 .UNSPECIFIED.);
#185=B_SPLINE_CURVE_WITH_KNOTS('',3,(#5461,#5462,#5463,#5464),
 .UNSPECIFIED.,.F.,.F.,(4,4),(0.0148388717637067,0.0390284586005085),
 .UNSPECIFIED.);
#186=B_SPLINE_CURVE_WITH_KNOTS('',3,(#5466,#5467,#5468,#5469),
 .UNSPECIFIED.,.F.,.F.,(4,4),(0.,0.0241670293027012),.UNSPECIFIED.);
#187=B_SPLINE_CURVE_WITH_KNOTS('',3,(#5473,#5474,#5475,#5476),
 .UNSPECIFIED.,.F.,.F.,(4,4),(0.,0.0218361396915596),.UNSPECIFIED.);
#188=B_SPLINE_CURVE_WITH_KNOTS('',3,(#5478,#5479,#5480,#5481,#5482,#5483,
#5484,#5485,#5486,#5487,#5488,#5489,#5490,#5491,#5492,#5493,#5494,#5495),
 .UNSPECIFIED.,.F.,.F.,(4,1,1,1,1,1,1,1,1,1,1,1,1,1,1,4),(1.07563530945853E-17,
0.00840190016640177,0.0168038003328035,0.0252057004992053,0.033607600665607,
0.0378085507488079,0.0420095008320088,0.0462104509152097,0.0483109259568101,
0.0504114009984106,0.0546123510816114,0.0588133011648123,0.0609137762064128,
0.0630142512480132,0.0651147262896136,0.0672152013312141),.UNSPECIFIED.);
#189=B_SPLINE_CURVE_WITH_KNOTS('',3,(#5549,#5550,#5551,#5552),
 .UNSPECIFIED.,.F.,.F.,(4,4),(0.,0.205958120733777),.UNSPECIFIED.);
#190=B_SPLINE_CURVE_WITH_KNOTS('',3,(#5556,#5557,#5558,#5559),
 .UNSPECIFIED.,.F.,.F.,(4,4),(0.00397326643126754,0.0139404358892679),
 .UNSPECIFIED.);
#191=B_SPLINE_CURVE_WITH_KNOTS('',3,(#5561,#5562,#5563,#5564),
 .UNSPECIFIED.,.F.,.F.,(4,4),(0.00178616355848488,0.00686418472008045),
 .UNSPECIFIED.);
#192=B_SPLINE_CURVE_WITH_KNOTS('',3,(#5581,#5582,#5583,#5584),
 .UNSPECIFIED.,.F.,.F.,(4,4),(0.,0.265882934143489),.UNSPECIFIED.);
#193=B_SPLINE_CURVE_WITH_KNOTS('',3,(#5586,#5587,#5588,#5589),
 .UNSPECIFIED.,.F.,.F.,(4,4),(0.00808834407148381,0.0112089090628132),
 .UNSPECIFIED.);
#194=B_SPLINE_CURVE_WITH_KNOTS('',3,(#5591,#5592,#5593,#5594,#5595,#5596),
 .UNSPECIFIED.,.F.,.F.,(4,1,1,4),(0.00322017548648074,0.00744083128553095,
0.0116614870845812,0.0201027986826816),.UNSPECIFIED.);
#195=B_SPLINE_CURVE_WITH_KNOTS('',3,(#5598,#5599,#5600,#5601),
 .UNSPECIFIED.,.F.,.F.,(4,4),(0.,0.00490317842471404),.UNSPECIFIED.);
#196=B_SPLINE_CURVE_WITH_KNOTS('',3,(#5708,#5709,#5710,#5711),
 .UNSPECIFIED.,.F.,.F.,(4,4),(0.,0.530747323238646),.UNSPECIFIED.);
#197=B_SPLINE_CURVE_WITH_KNOTS('',3,(#5712,#5713,#5714,#5715,#5716,#5717,
#5718,#5719,#5720,#5721,#5722,#5723),.UNSPECIFIED.,.F.,.F.,(4,1,1,1,1,1,
1,1,1,4),(0.0257945822609033,0.0305894222775019,0.0353842622941005,0.0449739423272977,
0.0497687823438962,0.0545636223604948,0.0569610423687941,0.0593584623770934,
0.0617558823853927,0.064153302393692),.UNSPECIFIED.);
#198=B_SPLINE_CURVE_WITH_KNOTS('',3,(#5725,#5726,#5727,#5728,#5729,#5730),
 .UNSPECIFIED.,.F.,.F.,(4,1,1,4),(0.00263544155523861,0.0110925880502281,
0.0153211612977229,0.0195497345452176),.UNSPECIFIED.);
#199=B_SPLINE_CURVE_WITH_KNOTS('',3,(#5732,#5733,#5734,#5735,#5736,#5737,
#5738,#5739,#5740,#5741,#5742,#5743),.UNSPECIFIED.,.F.,.F.,(4,1,1,1,1,1,
1,1,1,4),(0.,0.0102182453088035,0.0153273679632052,0.020436490617607,0.0255456132720088,
0.0281001745992096,0.0306547359264105,0.0332092972536114,0.0357638585808122,
0.040872981235214),.UNSPECIFIED.);
#200=B_SPLINE_CURVE_WITH_KNOTS('',3,(#5754,#5755,#5756,#5757,#5758,#5759),
 .UNSPECIFIED.,.F.,.F.,(4,1,1,4),(0.,0.00317840782953853,0.00635681565907706,
0.0127136313181541),.UNSPECIFIED.);
#201=B_SPLINE_CURVE_WITH_KNOTS('',3,(#5761,#5762,#5763,#5764),
 .UNSPECIFIED.,.F.,.F.,(4,4),(0.000977790085133534,0.00241140245559844),
 .UNSPECIFIED.);
#202=B_SPLINE_CURVE_WITH_KNOTS('',3,(#5782,#5783,#5784,#5785),
 .UNSPECIFIED.,.F.,.F.,(4,4),(0.477681098380658,1.),.UNSPECIFIED.);
#203=B_SPLINE_CURVE_WITH_KNOTS('',3,(#5880,#5881,#5882,#5883),
 .UNSPECIFIED.,.F.,.F.,(4,4),(0.577077464546945,1.),.UNSPECIFIED.);
#204=B_SPLINE_CURVE_WITH_KNOTS('',3,(#6002,#6003,#6004,#6005),
 .UNSPECIFIED.,.F.,.F.,(4,4),(0.197551717003495,0.378772636517464),
 .UNSPECIFIED.);
#205=B_SPLINE_CURVE_WITH_KNOTS('',3,(#6007,#6008,#6009,#6010,#6011),
 .UNSPECIFIED.,.F.,.F.,(4,1,4),(0.,0.00266755608362023,0.00533511216724045),
 .UNSPECIFIED.);
#206=B_SPLINE_CURVE_WITH_KNOTS('',3,(#6015,#6016,#6017,#6018,#6019),
 .UNSPECIFIED.,.F.,.F.,(4,1,4),(0.,0.00266755608362023,0.00533511216724045),
 .UNSPECIFIED.);
#207=B_SPLINE_CURVE_WITH_KNOTS('',3,(#6058,#6059,#6060,#6061),
 .UNSPECIFIED.,.F.,.F.,(4,4),(0.,0.00484969184384727),.UNSPECIFIED.);
#208=B_SPLINE_CURVE_WITH_KNOTS('',3,(#6092,#6093,#6094,#6095,#6096,#6097),
 .UNSPECIFIED.,.F.,.F.,(4,1,1,4),(0.000186286787801796,0.00737757813024846,
0.0109732238014718,0.0145688694726951),.UNSPECIFIED.);
#209=B_SPLINE_CURVE_WITH_KNOTS('',3,(#6101,#6102,#6103,#6104),
 .UNSPECIFIED.,.F.,.F.,(4,4),(0.,0.00137169820263608),.UNSPECIFIED.);
#210=B_SPLINE_CURVE_WITH_KNOTS('',3,(#6106,#6107,#6108,#6109,#6110),
 .UNSPECIFIED.,.F.,.F.,(4,1,4),(0.00188367781623268,0.00770025151658292,
0.0135168252169332),.UNSPECIFIED.);
#211=B_SPLINE_CURVE_WITH_KNOTS('',3,(#6125,#6126,#6127,#6128),
 .UNSPECIFIED.,.F.,.F.,(4,4),(0.0113701455161862,0.0194835770737895),
 .UNSPECIFIED.);
#212=B_SPLINE_CURVE_WITH_KNOTS('',3,(#6142,#6143,#6144,#6145,#6146),
 .UNSPECIFIED.,.F.,.F.,(4,1,4),(0.,0.0024695494423939,0.00493909888478779),
 .UNSPECIFIED.);
#213=B_SPLINE_CURVE_WITH_KNOTS('',3,(#6148,#6149,#6150,#6151,#6152,#6153,
#6154),.UNSPECIFIED.,.F.,.F.,(4,1,1,1,4),(0.,0.00295893220747325,0.00591786441494649,
0.00887679662241974,0.011835728829893),.UNSPECIFIED.);
#214=B_SPLINE_CURVE_WITH_KNOTS('',3,(#6158,#6159,#6160,#6161,#6162,#6163,
#6164,#6165),.UNSPECIFIED.,.F.,.F.,(4,1,1,1,1,4),(0.,0.00379418258727315,
0.00569127388090972,0.0075883651745463,0.0113825477618194,0.0151767303490926),
 .UNSPECIFIED.);
#215=B_SPLINE_CURVE_WITH_KNOTS('',3,(#6167,#6168,#6169,#6170,#6171),
 .UNSPECIFIED.,.F.,.F.,(4,1,4),(0.,0.00251653039734297,0.00503306079468594),
 .UNSPECIFIED.);
#216=B_SPLINE_CURVE_WITH_KNOTS('',3,(#6183,#6184,#6185,#6186,#6187,#6188,
#6189,#6190,#6191,#6192,#6193,#6194,#6195,#6196),.UNSPECIFIED.,.F.,.F.,
(4,1,1,1,1,1,1,1,1,1,1,4),(1.84408994288582E-13,0.000593137620340962,0.00118627524049751,
0.00148284405057579,0.00177941286065407,0.00237255048081062,0.00296568810096717,
0.00355882572112373,0.00474510096143683,0.00593137620174994,0.00711765144206304,
0.00949020192268925),.UNSPECIFIED.);
#217=B_SPLINE_CURVE_WITH_KNOTS('',3,(#6204,#6205,#6206,#6207,#6208,#6209,
#6210,#6211,#6212,#6213,#6214,#6215,#6216),.UNSPECIFIED.,.F.,.F.,(4,1,1,
1,1,1,1,1,1,1,4),(2.19427091786044E-17,0.000697420578648098,0.00104613086797214,
0.00139484115729617,0.00174355144662021,0.00209226173594425,0.00226661688060627,
0.00244097202526829,0.00261532716993031,0.00270250474226132,0.00278968231459232),
 .UNSPECIFIED.);
#218=B_SPLINE_CURVE_WITH_KNOTS('',3,(#6311,#6312,#6313,#6314,#6315,#6316,
#6317,#6318,#6319,#6320,#6321,#6322,#6323,#6324,#6325,#6326,#6327,#6328,
#6329,#6330,#6331,#6332,#6333,#6334,#6335,#6336,#6337,#6338,#6339,#6340,
#6341,#6342,#6343,#6344,#6345,#6346,#6347,#6348,#6349,#6350,#6351,#6352,
#6353,#6354,#6355,#6356,#6357),.UNSPECIFIED.,.F.,.F.,(4,1,1,1,1,1,1,1,1,
1,1,1,1,1,1,1,1,1,1,1,1,1,1,1,1,1,1,1,1,1,1,1,1,1,1,1,1,1,1,1,1,1,1,1,4),
(0.,0.125,0.1875,0.21875,0.234375,0.2421875,0.25,0.2578125,0.265625,0.28125,
0.3125,0.375,0.40625,0.4375,0.453125,0.46875,0.484375,0.4921875,0.49609375,
0.5,0.50390625,0.5078125,0.515625,0.53125,0.546875,0.5625,0.59375,0.609375,
0.6171875,0.625,0.6328125,0.640625,0.65625,0.6875,0.71875,0.734375,0.75,
0.765625,0.78125,0.8125,0.84375,0.875,0.90625,0.9375,1.),.UNSPECIFIED.);
#219=B_SPLINE_CURVE_WITH_KNOTS('',5,(#6386,#6387,#6388,#6389,#6390,#6391,
#6392,#6393,#6394,#6395,#6396),.UNSPECIFIED.,.F.,.F.,(6,5,6),(-1.01,-1.,
0.),.PIECEWISE_BEZIER_KNOTS.);
#220=B_SPLINE_CURVE_WITH_KNOTS('',3,(#6421,#6422,#6423,#6424,#6425,#6426,
#6427,#6428,#6429,#6430,#6431),.UNSPECIFIED.,.F.,.F.,(4,1,1,1,1,1,1,1,4),
(0.,0.25,0.375,0.4375,0.5,0.5625,0.625,0.75,1.),.UNSPECIFIED.);
#221=B_SPLINE_CURVE_WITH_KNOTS('',5,(#6574,#6575,#6576,#6577,#6578,#6579,
#6580,#6581,#6582,#6583,#6584,#6585,#6586,#6587,#6588,#6589,#6590,#6591,
#6592,#6593,#6594,#6595,#6596,#6597,#6598,#6599,#6600,#6601,#6602,#6603,
#6604),.UNSPECIFIED.,.F.,.F.,(6,5,3,3,3,3,3,5,6),(-23.9676922252303,-22.9676922252303,
-20.6907472185683,-17.7353553188432,-13.8930733586437,-7.70582111642645,
-1.10638098051742,0.,1.),.UNSPECIFIED.);
#222=B_SPLINE_CURVE_WITH_KNOTS('',3,(#6706,#6707,#6708,#6709,#6710,#6711,
#6712,#6713,#6714,#6715,#6716,#6717,#6718,#6719,#6720,#6721,#6722,#6723,
#6724,#6725,#6726,#6727,#6728,#6729,#6730,#6731,#6732,#6733,#6734,#6735,
#6736,#6737,#6738,#6739,#6740,#6741,#6742,#6743,#6744,#6745,#6746,#6747,
#6748,#6749,#6750,#6751,#6752),.UNSPECIFIED.,.F.,.F.,(4,1,1,1,1,1,1,1,1,
1,1,1,1,1,1,1,1,1,1,1,1,1,1,1,1,1,1,1,1,1,1,1,1,1,1,1,1,1,1,1,1,1,1,1,4),
(0.,0.125,0.1875,0.21875,0.234375,0.25,0.265625,0.28125,0.3125,0.375,0.40625,
0.4375,0.46875,0.484375,0.4921875,0.5,0.5078125,0.515625,0.53125,0.5625,
0.59375,0.625,0.6875,0.71875,0.734375,0.7421875,0.75,0.7578125,0.765625,
0.78125,0.8125,0.84375,0.859375,0.8671875,0.875,0.8828125,0.890625,0.90625,
0.921875,0.9375,0.953125,0.9609375,0.96875,0.984375,1.),.UNSPECIFIED.);
#223=B_SPLINE_CURVE_WITH_KNOTS('',5,(#6765,#6766,#6767,#6768,#6769,#6770,
#6771,#6772,#6773,#6774,#6775),.UNSPECIFIED.,.F.,.F.,(6,5,6),(47.4693736210727,
48.4621268123341,48.4720543442467),.PIECEWISE_BEZIER_KNOTS.);
#224=B_SPLINE_CURVE_WITH_KNOTS('',3,(#6833,#6834,#6835,#6836),
 .UNSPECIFIED.,.F.,.F.,(4,4),(0.,0.000247413113051477),.UNSPECIFIED.);
#225=B_SPLINE_CURVE_WITH_KNOTS('',3,(#6838,#6839,#6840,#6841),
 .UNSPECIFIED.,.F.,.F.,(4,4),(0.184235517188191,0.186338335925576),
 .UNSPECIFIED.);
#226=B_SPLINE_CURVE_WITH_KNOTS('',2,(#6845,#6846,#6847,#6848,#6849,#6850,
#6851,#6852,#6853,#6854,#6855,#6856,#6857),.UNSPECIFIED.,.F.,.F.,(3,2,2,
2,2,2,3),(-0.0437768791309662,0.,0.125,0.25,0.5,0.75,1.),
 .PIECEWISE_BEZIER_KNOTS.);
#227=B_SPLINE_CURVE_WITH_KNOTS('',5,(#6893,#6894,#6895,#6896,#6897,#6898,
#6899,#6900,#6901,#6902,#6903,#6904,#6905,#6906,#6907,#6908),
 .UNSPECIFIED.,.F.,.F.,(6,5,5,6),(0.0418890481213647,1.,1.97292365911612,
2.97292365911612),.UNSPECIFIED.);
#228=B_SPLINE_CURVE_WITH_KNOTS('',3,(#6927,#6928,#6929,#6930,#6931),
 .UNSPECIFIED.,.F.,.F.,(4,1,4),(0.,0.0075016311856305,0.015003262371261),
 .UNSPECIFIED.);
#229=B_SPLINE_CURVE_WITH_KNOTS('',3,(#6980,#6981,#6982,#6983,#6984),
 .UNSPECIFIED.,.F.,.F.,(4,1,4),(0.,0.0075060143584737,0.0150120287169474),
 .UNSPECIFIED.);
#230=B_SPLINE_CURVE_WITH_KNOTS('',3,(#6997,#6998,#6999,#7000,#7001),
 .UNSPECIFIED.,.F.,.F.,(4,1,4),(0.0072414997439312,0.0111088363216991,0.0149761728994671),
 .UNSPECIFIED.);
#231=B_SPLINE_CURVE_WITH_KNOTS('',2,(#7128,#7129,#7130,#7131,#7132,#7133,
#7134,#7135,#7136,#7137,#7138,#7139,#7140),.UNSPECIFIED.,.F.,.F.,(3,2,2,
2,2,2,3),(0.,0.0714285714285714,0.142857142857143,0.285714285714286,0.5,
0.75,1.),.PIECEWISE_BEZIER_KNOTS.);
#232=B_SPLINE_CURVE_WITH_KNOTS('',2,(#7191,#7192,#7193,#7194,#7195,#7196,
#7197,#7198,#7199),.UNSPECIFIED.,.F.,.F.,(3,2,2,2,3),(0.,0.25,0.5,0.75,
1.),.PIECEWISE_BEZIER_KNOTS.);
#233=B_SPLINE_CURVE_WITH_KNOTS('',3,(#7219,#7220,#7221,#7222,#7223),
 .UNSPECIFIED.,.F.,.F.,(4,1,4),(0.,0.00304456139048335,0.00608912278096669),
 .UNSPECIFIED.);
#234=B_SPLINE_CURVE_WITH_KNOTS('',3,(#7225,#7226,#7227,#7228),
 .UNSPECIFIED.,.F.,.F.,(4,4),(0.624173446097776,0.802448282996504),
 .UNSPECIFIED.);
#235=B_SPLINE_CURVE_WITH_KNOTS('',3,(#7237,#7238,#7239,#7240),
 .UNSPECIFIED.,.F.,.F.,(4,4),(0.,0.000173637585388394),.UNSPECIFIED.);
#236=B_SPLINE_CURVE_WITH_KNOTS('',3,(#7242,#7243,#7244,#7245),
 .UNSPECIFIED.,.F.,.F.,(4,4),(0.76375119528078,1.),.UNSPECIFIED.);
#237=B_SPLINE_CURVE_WITH_KNOTS('',3,(#7358,#7359,#7360,#7361),
 .UNSPECIFIED.,.F.,.F.,(4,4),(0.,0.236247962906371),.UNSPECIFIED.);
#238=B_SPLINE_CURVE_WITH_KNOTS('',3,(#7395,#7396,#7397,#7398,#7399,#7400,
#7401,#7402,#7403,#7404),.UNSPECIFIED.,.F.,.F.,(4,1,1,1,1,1,1,4),(1.11886302282795E-16,
0.000934573611547236,0.00186914722309436,0.00233643402886792,0.00280372083464148,
0.00327100764041505,0.00350465104330183,0.00373829444618861),
 .UNSPECIFIED.);
#239=B_SPLINE_CURVE_WITH_KNOTS('',3,(#7566,#7567,#7568,#7569,#7570,#7571,
#7572,#7573,#7574,#7575,#7576,#7577,#7578,#7579,#7580,#7581,#7582,#7583,
#7584,#7585,#7586,#7587,#7588),.UNSPECIFIED.,.F.,.F.,(4,1,1,1,1,1,1,1,1,
1,1,1,1,1,1,1,1,1,1,1,4),(0.,0.00117070823875009,0.00234141647750018,0.00351212471625027,
0.00468283295500036,0.00585354119375045,0.00702424943250054,0.00936566591000072,
0.0117070823875009,0.0140484988650011,0.0187313318200014,0.0234141647750018,
0.025755581252502,0.0280969977300022,0.0304384142075024,0.0316091224462524,
0.0327798306850025,0.0339505389237526,0.0351212471625027,0.0362919554012528,
0.0374626636400029),.UNSPECIFIED.);
#240=B_SPLINE_CURVE_WITH_KNOTS('',3,(#7591,#7592,#7593,#7594),
 .UNSPECIFIED.,.F.,.F.,(4,4),(0.,0.0975517170034958),.UNSPECIFIED.);
#241=B_SPLINE_CURVE_WITH_KNOTS('',3,(#7596,#7597,#7598,#7599,#7600,#7601,
#7602,#7603,#7604,#7605,#7606,#7607,#7608,#7609,#7610,#7611,#7612,#7613,
#7614,#7615,#7616,#7617,#7618),.UNSPECIFIED.,.F.,.F.,(4,1,1,1,1,1,1,1,1,
1,1,1,1,1,1,1,1,1,1,1,4),(0.,0.00117064231813469,0.00234128463626938,0.00351192695440407,
0.00468256927253876,0.00585321159067345,0.00702385390880814,0.00936513854507753,
0.0117064231813469,0.0140477078176163,0.0187302770901551,0.0234128463626938,
0.0257541309989632,0.0280954156352326,0.030436700271502,0.0316073425896366,
0.0327779849077713,0.033948627225906,0.0351192695440407,0.0362899118621754,
0.0374605541803101),.UNSPECIFIED.);
#242=B_SPLINE_CURVE_WITH_KNOTS('',3,(#7620,#7621,#7622,#7623),
 .UNSPECIFIED.,.F.,.F.,(4,4),(0.,0.0975517170034959),.UNSPECIFIED.);
#243=B_SPLINE_CURVE_WITH_KNOTS('',3,(#7627,#7628,#7629,#7630),
 .UNSPECIFIED.,.F.,.F.,(4,4),(0.902448282996504,1.),.UNSPECIFIED.);
#244=B_SPLINE_CURVE_WITH_KNOTS('',3,(#7634,#7635,#7636,#7637,#7638,#7639,
#7640,#7641,#7642,#7643,#7644,#7645,#7646,#7647,#7648,#7649,#7650,#7651,
#7652,#7653,#7654,#7655,#7656),.UNSPECIFIED.,.F.,.F.,(4,1,1,1,1,1,1,1,1,
1,1,1,1,1,1,1,1,1,1,1,4),(0.000798337386011666,0.00512501206248962,0.0072883494007286,
0.00945168673896758,0.0116150240772066,0.0137783614154455,0.0181050360919235,
0.0224317107684015,0.0267583854448794,0.0310850601213574,0.0354117347978353,
0.0397384094743133,0.0419017468125523,0.0440650841507912,0.0462284214890302,
0.0483917588272692,0.0527184335037472,0.0570451081802251,0.0613717828567031,
0.065698457533181,0.070025132209659),.UNSPECIFIED.);
#245=B_SPLINE_CURVE_WITH_KNOTS('',3,(#7660,#7661,#7662,#7663),
 .UNSPECIFIED.,.F.,.F.,(4,4),(0.,0.00497204243996721),.UNSPECIFIED.);
#246=B_SPLINE_CURVE_WITH_KNOTS('',3,(#7667,#7668,#7669,#7670,#7671,#7672,
#7673,#7674),.UNSPECIFIED.,.F.,.F.,(4,1,1,1,1,4),(0.,0.00506281028977888,
0.0101256205795578,0.0151884308693366,0.0177198360142261,0.0202512411591155),
 .UNSPECIFIED.);
#247=B_SPLINE_CURVE_WITH_KNOTS('',3,(#7676,#7677,#7678,#7679,#7680),
 .UNSPECIFIED.,.F.,.F.,(4,1,4),(0.,0.00928734565947043,0.0185746913189409),
 .UNSPECIFIED.);
#248=B_SPLINE_CURVE_WITH_KNOTS('',3,(#7682,#7683,#7684,#7685),
 .UNSPECIFIED.,.F.,.F.,(4,4),(0.,0.00332290440840483),.UNSPECIFIED.);
#249=B_SPLINE_CURVE_WITH_KNOTS('',3,(#7686,#7687,#7688,#7689,#7690,#7691,
#7692,#7693),.UNSPECIFIED.,.F.,.F.,(4,1,1,1,1,4),(0.,0.00733356533206612,
0.0146671306641322,0.0220006959961984,0.0256674786622314,0.0293342613282645),
 .UNSPECIFIED.);
#250=B_SPLINE_CURVE_WITH_KNOTS('',3,(#7736,#7737,#7738,#7739),
 .UNSPECIFIED.,.F.,.F.,(4,4),(0.00197307029205875,0.00595561090718107),
 .UNSPECIFIED.);
#251=B_SPLINE_CURVE_WITH_KNOTS('',3,(#7741,#7742,#7743,#7744),
 .UNSPECIFIED.,.F.,.F.,(4,4),(0.0201243889277665,0.288378586362928),
 .UNSPECIFIED.);
#252=B_SPLINE_CURVE_WITH_KNOTS('',3,(#7746,#7747,#7748,#7749,#7750,#7751),
 .UNSPECIFIED.,.F.,.F.,(4,1,1,4),(0.000701266664794202,0.00639692623957402,
0.00924475602696393,0.0120925858143538),.UNSPECIFIED.);
#253=B_SPLINE_CURVE_WITH_KNOTS('',3,(#7868,#7869,#7870,#7871),
 .UNSPECIFIED.,.F.,.F.,(4,4),(0.,0.530900156282319),.UNSPECIFIED.);
#254=B_SPLINE_CURVE_WITH_KNOTS('',3,(#7873,#7874,#7875,#7876,#7877,#7878,
#7879,#7880,#7881),.UNSPECIFIED.,.F.,.F.,(4,1,1,1,1,1,4),(0.,0.00784359223884702,
0.015687184477694,0.0196089805971176,0.0235307767165411,0.0274525728359646,
0.0313743689553881),.UNSPECIFIED.);
#255=B_SPLINE_CURVE_WITH_KNOTS('',3,(#7883,#7884,#7885,#7886,#7887,#7888,
#7889,#7890,#7891,#7892,#7893,#7894,#7895),.UNSPECIFIED.,.F.,.F.,(4,1,1,
1,1,1,1,1,1,1,4),(0.,0.00492374469452258,0.00738561704178387,0.00984748938904516,
0.0123093617363065,0.0147712340835677,0.017233106430829,0.0196949787780903,
0.0246187234726129,0.0295424681671355,0.0393899575561807),.UNSPECIFIED.);
#256=B_SPLINE_CURVE_WITH_KNOTS('',3,(#7935,#7936,#7937,#7938,#7939,#7940,
#7941,#7942),.UNSPECIFIED.,.F.,.F.,(4,1,1,1,1,4),(0.,0.00299480374989824,
0.00449220562484736,0.00598960749979648,0.00898441124969472,0.011979214999593),
 .UNSPECIFIED.);
#257=B_SPLINE_CURVE_WITH_KNOTS('',3,(#7944,#7945,#7946,#7947),
 .UNSPECIFIED.,.F.,.F.,(4,4),(0.,0.00467438709806251),.UNSPECIFIED.);
#258=B_SPLINE_CURVE_WITH_KNOTS('',3,(#7980,#7981,#7982,#7983,#7984,#7985,
#7986,#7987),.UNSPECIFIED.,.F.,.F.,(4,1,1,1,1,4),(0.,0.00253396287320086,
0.00506792574640171,0.0101358514928034,0.0152037772392051,0.0202717029856068),
 .UNSPECIFIED.);
#259=B_SPLINE_CURVE_WITH_KNOTS('',3,(#7990,#7991,#7992,#7993),
 .UNSPECIFIED.,.F.,.F.,(4,4),(0.475716194209952,1.),.UNSPECIFIED.);
#260=B_SPLINE_CURVE_WITH_KNOTS('',3,(#8089,#8090,#8091,#8092,#8093),
 .UNSPECIFIED.,.F.,.F.,(4,1,4),(0.,0.00965227645896638,0.0193045529179328),
 .UNSPECIFIED.);
#261=B_SPLINE_CURVE_WITH_KNOTS('',3,(#8095,#8096,#8097,#8098),
 .UNSPECIFIED.,.F.,.F.,(4,4),(0.563669176377163,1.),.UNSPECIFIED.);
#262=B_SPLINE_CURVE_WITH_KNOTS('',3,(#8123,#8124,#8125,#8126),
 .UNSPECIFIED.,.F.,.F.,(4,4),(1.76762106941517E-5,0.0031167052734892),
 .UNSPECIFIED.);
#263=B_SPLINE_CURVE_WITH_KNOTS('',3,(#8128,#8129,#8130,#8131),
 .UNSPECIFIED.,.F.,.F.,(4,4),(0.,0.00393132694918415),.UNSPECIFIED.);
#264=B_SPLINE_CURVE_WITH_KNOTS('',3,(#8133,#8134,#8135,#8136),
 .UNSPECIFIED.,.F.,.F.,(4,4),(0.601732366112631,0.802448282996504),
 .UNSPECIFIED.);
#265=B_SPLINE_CURVE_WITH_KNOTS('',3,(#8138,#8139,#8140,#8141),
 .UNSPECIFIED.,.F.,.F.,(4,4),(0.,0.00309944110909321),.UNSPECIFIED.);
#266=B_SPLINE_CURVE_WITH_KNOTS('',3,(#8214,#8215,#8216,#8217,#8218,#8219,
#8220,#8221,#8222,#8223,#8224,#8225,#8226,#8227,#8228,#8229,#8230,#8231,
#8232,#8233,#8234,#8235,#8236),.UNSPECIFIED.,.F.,.F.,(4,1,1,1,1,1,1,1,1,
1,1,1,1,1,1,1,1,1,1,1,4),(0.,0.00116137482168409,0.00232274964336819,0.00348412446505228,
0.00464549928673638,0.00580687410842047,0.00696824893010456,0.00929099857347275,
0.0116137482168409,0.0139364978602091,0.0185819971469455,0.0232274964336819,
0.0255502460770501,0.0278729957204183,0.0301957453637864,0.0313571201854705,
0.0325184950071546,0.0336798698288387,0.0348412446505228,0.0360026194722069,
0.037163994293891),.UNSPECIFIED.);
#267=B_SPLINE_CURVE_WITH_KNOTS('',3,(#8238,#8239,#8240,#8241,#8242,#8243,
#8244,#8245,#8246,#8247,#8248,#8249,#8250,#8251,#8252,#8253,#8254,#8255,
#8256,#8257,#8258,#8259,#8260,#8261),.UNSPECIFIED.,.F.,.F.,(4,1,1,1,1,1,
1,1,1,1,1,1,1,1,1,1,1,1,1,1,1,4),(0.,0.00248790451788199,0.00373185677682299,
0.00497580903576398,0.00621976129470498,0.00746371355364597,0.00995161807152796,
0.01243952258941,0.0149274271072919,0.0174153316251739,0.0199032361430559,
0.0223911406609379,0.0248790451788199,0.0273669496967019,0.0298548542145839,
0.0323427587324659,0.0335867109914069,0.0348306632503479,0.0360746155092889,
0.0373185677682299,0.0385625200271709,0.0398064722861118),.UNSPECIFIED.);
#268=B_SPLINE_CURVE_WITH_KNOTS('',3,(#8263,#8264,#8265,#8266),
 .UNSPECIFIED.,.F.,.F.,(4,4),(0.197551717003495,0.393947065724645),
 .UNSPECIFIED.);
#269=B_SPLINE_CURVE_WITH_KNOTS('',3,(#8270,#8271,#8272,#8273),
 .UNSPECIFIED.,.F.,.F.,(4,4),(0.,0.000198855926044295),.UNSPECIFIED.);
#270=B_SPLINE_CURVE_WITH_KNOTS('',3,(#8275,#8276,#8277,#8278),
 .UNSPECIFIED.,.F.,.F.,(4,4),(0.603801233661394,0.802448282996504),
 .UNSPECIFIED.);
#271=B_SPLINE_CURVE_WITH_KNOTS('',3,(#8371,#8372,#8373,#8374,#8375),
 .UNSPECIFIED.,.F.,.F.,(4,1,4),(0.,0.00288291579030272,0.00576583158060545),
 .UNSPECIFIED.);
#272=B_SPLINE_CURVE_WITH_KNOTS('',3,(#8379,#8380,#8381,#8382,#8383),
 .UNSPECIFIED.,.F.,.F.,(4,1,4),(0.,0.00288291579030271,0.00576583158060543),
 .UNSPECIFIED.);
#273=B_SPLINE_CURVE_WITH_KNOTS('',3,(#8384,#8385,#8386,#8387,#8388,#8389,
#8390,#8391,#8392),.UNSPECIFIED.,.F.,.F.,(4,1,1,1,1,1,4),(0.,0.00384132545771171,
0.00768265091542342,0.0115239763731351,0.0153653018308468,0.0230479527462703,
0.0307306036616937),.UNSPECIFIED.);
#274=B_SPLINE_CURVE_WITH_KNOTS('',3,(#8431,#8432,#8433,#8434),
 .UNSPECIFIED.,.F.,.F.,(4,4),(0.721848081607725,0.828333735378306),
 .UNSPECIFIED.);
#275=B_SPLINE_CURVE_WITH_KNOTS('',3,(#8451,#8452,#8453,#8454),
 .UNSPECIFIED.,.F.,.F.,(4,4),(0.,0.0187079601249658),.UNSPECIFIED.);
#276=B_SPLINE_CURVE_WITH_KNOTS('',3,(#8857,#8858,#8859,#8860,#8861),
 .UNSPECIFIED.,.F.,.F.,(4,1,4),(0.,0.0075016315008624,0.0150032630017248),
 .UNSPECIFIED.);
#277=B_SPLINE_CURVE_WITH_KNOTS('',3,(#8865,#8866,#8867,#8868,#8869,#8870,
#8871,#8872,#8873,#8874,#8875,#8876,#8877,#8878,#8879,#8880,#8881,#8882,
#8883,#8884,#8885,#8886,#8887,#8888,#8889,#8890,#8891,#8892,#8893,#8894,
#8895,#8896,#8897,#8898,#8899,#8900,#8901,#8902,#8903,#8904,#8905,#8906,
#8907,#8908,#8909,#8910,#8911,#8912,#8913,#8914,#8915,#8916,#8917,#8918,
#8919,#8920),.UNSPECIFIED.,.F.,.F.,(4,1,1,1,1,1,1,1,1,1,1,1,1,1,1,1,1,1,
1,1,1,1,1,1,1,1,1,1,1,1,1,1,1,1,1,1,1,1,1,1,1,1,1,1,1,1,1,1,1,1,1,1,1,4),
(0.,0.03125,0.046875,0.0625,0.0703125,0.078125,0.09375,0.109375,0.125,0.1328125,
0.140625,0.142578125,0.14453125,0.1484375,0.15625,0.171875,0.1875,0.21875,
0.25,0.265625,0.2734375,0.28125,0.28515625,0.2890625,0.296875,0.3125,0.34375,
0.375,0.40625,0.4375,0.46875,0.484375,0.4921875,0.5,0.5078125,0.515625,
0.53125,0.5625,0.59375,0.625,0.65625,0.6875,0.71875,0.734375,0.7421875,
0.75,0.7578125,0.765625,0.78125,0.8125,0.84375,0.875,0.9375,1.),
 .UNSPECIFIED.);
#278=B_SPLINE_CURVE_WITH_KNOTS('',3,(#9037,#9038,#9039,#9040),
 .UNSPECIFIED.,.F.,.F.,(4,4),(0.,0.252310790479833),.UNSPECIFIED.);
#279=B_SPLINE_CURVE_WITH_KNOTS('',3,(#9043,#9044,#9045,#9046,#9047),
 .UNSPECIFIED.,.F.,.F.,(4,1,4),(0.,0.00749715746712473,0.0149943149342495),
 .UNSPECIFIED.);
#280=B_SPLINE_CURVE_WITH_KNOTS('',3,(#9049,#9050,#9051,#9052),
 .UNSPECIFIED.,.F.,.F.,(4,4),(0.747688196631503,1.),.UNSPECIFIED.);
#281=B_SPLINE_CURVE_WITH_KNOTS('',3,(#9054,#9055,#9056,#9057,#9058),
 .UNSPECIFIED.,.F.,.F.,(4,1,4),(0.,0.00749715746377318,0.0149943149275464),
 .UNSPECIFIED.);
#282=B_SPLINE_CURVE_WITH_KNOTS('',3,(#9095,#9096,#9097,#9098),
 .UNSPECIFIED.,.F.,.F.,(4,4),(0.,0.00696691700347857),.UNSPECIFIED.);
#283=B_SPLINE_CURVE_WITH_KNOTS('',3,(#9100,#9101,#9102,#9103),
 .UNSPECIFIED.,.F.,.F.,(4,4),(0.,0.00641569381710461),.UNSPECIFIED.);
#284=B_SPLINE_CURVE_WITH_KNOTS('',3,(#9105,#9106,#9107,#9108,#9109,#9110,
#9111,#9112,#9113,#9114),.UNSPECIFIED.,.F.,.F.,(4,1,1,1,1,1,1,4),(2.05438431584559E-17,
0.000183454483224631,0.000366908966449241,0.000733817932898462,0.00110072689934768,
0.0014676358657969,0.00220145379869535,0.00293527173159379),
 .UNSPECIFIED.);
#285=B_SPLINE_CURVE_WITH_KNOTS('',3,(#9121,#9122,#9123,#9124),
 .UNSPECIFIED.,.F.,.F.,(4,4),(0.813661664074425,0.81576448281181),
 .UNSPECIFIED.);
#286=B_SPLINE_CURVE_WITH_KNOTS('',3,(#9138,#9139,#9140,#9141),
 .UNSPECIFIED.,.F.,.F.,(4,4),(0.,0.00456940371026396),.UNSPECIFIED.);
#287=B_SPLINE_CURVE_WITH_KNOTS('',5,(#9144,#9145,#9146,#9147,#9148,#9149,
#9150,#9151,#9152,#9153,#9154,#9155,#9156,#9157,#9158,#9159),
 .UNSPECIFIED.,.F.,.F.,(6,5,5,6),(0.0418890481213647,1.,1.97292365911612,
2.97292365911612),.UNSPECIFIED.);
#288=B_SPLINE_CURVE_WITH_KNOTS('',3,(#9210,#9211,#9212,#9213,#9214,#9215),
 .UNSPECIFIED.,.F.,.F.,(4,1,1,4),(0.,0.00357652256479809,0.00715304512959619,
0.0143060902591924),.UNSPECIFIED.);
#289=B_SPLINE_CURVE_WITH_KNOTS('',3,(#9217,#9218,#9219,#9220,#9221,#9222,
#9223,#9224,#9225,#9226,#9227,#9228,#9229,#9230,#9231,#9232,#9233,#9234,
#9235,#9236,#9237,#9238,#9239,#9240),.UNSPECIFIED.,.F.,.F.,(4,1,1,1,1,1,
1,1,1,1,1,1,1,1,1,1,1,1,1,1,1,4),(0.,0.125,0.1875,0.25,0.3125,0.375,0.4375,
0.46875,0.5,0.53125,0.5625,0.625,0.6875,0.71875,0.734375,0.75,0.765625,
0.78125,0.8125,0.875,0.9375,1.),.UNSPECIFIED.);
#290=B_SPLINE_CURVE_WITH_KNOTS('',3,(#9241,#9242,#9243,#9244),
 .UNSPECIFIED.,.F.,.F.,(4,4),(0.,0.000247665477299592),.UNSPECIFIED.);
#291=B_SPLINE_CURVE_WITH_KNOTS('',5,(#9255,#9256,#9257,#9258,#9259,#9260),
 .UNSPECIFIED.,.F.,.F.,(6,6),(47.4693736210727,48.4621268123341),
 .UNSPECIFIED.);
#292=B_SPLINE_CURVE_WITH_KNOTS('',3,(#9263,#9264,#9265,#9266,#9267,#9268,
#9269),.UNSPECIFIED.,.F.,.F.,(4,1,1,1,4),(0.,0.0037945683162396,0.0075891366324792,
0.0113837049487188,0.0151782732649584),.UNSPECIFIED.);
#293=B_SPLINE_CURVE_WITH_KNOTS('',3,(#9308,#9309,#9310,#9311,#9312),
 .UNSPECIFIED.,.F.,.F.,(4,1,4),(0.,0.00251364148170113,0.00502728296340226),
 .UNSPECIFIED.);
#294=B_SPLINE_CURVE_WITH_KNOTS('',3,(#9316,#9317,#9318,#9319,#9320,#9321,
#9322,#9323,#9324,#9325,#9326,#9327,#9328,#9329,#9330,#9331,#9332,#9333),
 .UNSPECIFIED.,.F.,.F.,(4,1,1,1,1,1,1,1,1,1,1,1,1,1,1,4),(0.,0.125,0.1875,
0.25,0.3125,0.375,0.4375,0.46875,0.5,0.53125,0.5625,0.625,0.6875,0.75,0.875,
1.),.UNSPECIFIED.);
#295=B_SPLINE_CURVE_WITH_KNOTS('',3,(#9361,#9362,#9363,#9364,#9365),
 .UNSPECIFIED.,.F.,.F.,(4,1,4),(0.,0.00333536104490411,0.00667072208980823),
 .UNSPECIFIED.);
#296=B_SPLINE_CURVE_WITH_KNOTS('',3,(#9368,#9369,#9370,#9371),
 .UNSPECIFIED.,.F.,.F.,(4,4),(0.00708505405361527,0.0116782644395446),
 .UNSPECIFIED.);
#297=B_SPLINE_CURVE_WITH_KNOTS('',3,(#9373,#9374,#9375,#9376),
 .UNSPECIFIED.,.F.,.F.,(4,4),(0.,0.0863990093879869),.UNSPECIFIED.);
#298=B_SPLINE_CURVE_WITH_KNOTS('',3,(#9413,#9414,#9415,#9416,#9417),
 .UNSPECIFIED.,.F.,.F.,(4,1,4),(0.,0.00246631512371729,0.00493263024743458),
 .UNSPECIFIED.);
#299=B_SPLINE_CURVE_WITH_KNOTS('',3,(#9419,#9420,#9421,#9422),
 .UNSPECIFIED.,.F.,.F.,(4,4),(0.,0.00461456674673334),.UNSPECIFIED.);
#300=ORIENTED_EDGE('',*,*,#1392,.F.);
#301=ORIENTED_EDGE('',*,*,#1393,.F.);
#302=ORIENTED_EDGE('',*,*,#1394,.F.);
#303=ORIENTED_EDGE('',*,*,#1395,.F.);
#304=ORIENTED_EDGE('',*,*,#1396,.F.);
#305=ORIENTED_EDGE('',*,*,#1397,.F.);
#306=ORIENTED_EDGE('',*,*,#1398,.F.);
#307=ORIENTED_EDGE('',*,*,#1399,.F.);
#308=ORIENTED_EDGE('',*,*,#1400,.F.);
#309=ORIENTED_EDGE('',*,*,#1401,.F.);
#310=ORIENTED_EDGE('',*,*,#1402,.T.);
#311=ORIENTED_EDGE('',*,*,#1403,.T.);
#312=ORIENTED_EDGE('',*,*,#1404,.F.);
#313=ORIENTED_EDGE('',*,*,#1405,.F.);
#314=ORIENTED_EDGE('',*,*,#1406,.T.);
#315=ORIENTED_EDGE('',*,*,#1407,.T.);
#316=ORIENTED_EDGE('',*,*,#1408,.F.);
#317=ORIENTED_EDGE('',*,*,#1409,.T.);
#318=ORIENTED_EDGE('',*,*,#1410,.T.);
#319=ORIENTED_EDGE('',*,*,#1411,.F.);
#320=ORIENTED_EDGE('',*,*,#1412,.F.);
#321=ORIENTED_EDGE('',*,*,#1413,.F.);
#322=ORIENTED_EDGE('',*,*,#1414,.F.);
#323=ORIENTED_EDGE('',*,*,#1415,.F.);
#324=ORIENTED_EDGE('',*,*,#1416,.T.);
#325=ORIENTED_EDGE('',*,*,#1417,.F.);
#326=ORIENTED_EDGE('',*,*,#1418,.F.);
#327=ORIENTED_EDGE('',*,*,#1419,.F.);
#328=ORIENTED_EDGE('',*,*,#1420,.F.);
#329=ORIENTED_EDGE('',*,*,#1421,.F.);
#330=ORIENTED_EDGE('',*,*,#1422,.T.);
#331=ORIENTED_EDGE('',*,*,#1423,.T.);
#332=ORIENTED_EDGE('',*,*,#1424,.T.);
#333=ORIENTED_EDGE('',*,*,#1425,.F.);
#334=ORIENTED_EDGE('',*,*,#1426,.F.);
#335=ORIENTED_EDGE('',*,*,#1427,.F.);
#336=ORIENTED_EDGE('',*,*,#1428,.F.);
#337=ORIENTED_EDGE('',*,*,#1429,.F.);
#338=ORIENTED_EDGE('',*,*,#1430,.F.);
#339=ORIENTED_EDGE('',*,*,#1431,.F.);
#340=ORIENTED_EDGE('',*,*,#1432,.F.);
#341=ORIENTED_EDGE('',*,*,#1433,.T.);
#342=ORIENTED_EDGE('',*,*,#1434,.T.);
#343=ORIENTED_EDGE('',*,*,#1404,.T.);
#344=ORIENTED_EDGE('',*,*,#1435,.F.);
#345=ORIENTED_EDGE('',*,*,#1436,.F.);
#346=ORIENTED_EDGE('',*,*,#1431,.T.);
#347=ORIENTED_EDGE('',*,*,#1437,.T.);
#348=ORIENTED_EDGE('',*,*,#1438,.T.);
#349=ORIENTED_EDGE('',*,*,#1439,.F.);
#350=ORIENTED_EDGE('',*,*,#1440,.T.);
#351=ORIENTED_EDGE('',*,*,#1441,.F.);
#352=ORIENTED_EDGE('',*,*,#1442,.F.);
#353=ORIENTED_EDGE('',*,*,#1443,.T.);
#354=ORIENTED_EDGE('',*,*,#1444,.F.);
#355=ORIENTED_EDGE('',*,*,#1445,.T.);
#356=ORIENTED_EDGE('',*,*,#1446,.F.);
#357=ORIENTED_EDGE('',*,*,#1447,.F.);
#358=ORIENTED_EDGE('',*,*,#1448,.F.);
#359=ORIENTED_EDGE('',*,*,#1449,.T.);
#360=ORIENTED_EDGE('',*,*,#1450,.F.);
#361=ORIENTED_EDGE('',*,*,#1451,.F.);
#362=ORIENTED_EDGE('',*,*,#1452,.F.);
#363=ORIENTED_EDGE('',*,*,#1453,.F.);
#364=ORIENTED_EDGE('',*,*,#1454,.T.);
#365=ORIENTED_EDGE('',*,*,#1455,.F.);
#366=ORIENTED_EDGE('',*,*,#1456,.F.);
#367=ORIENTED_EDGE('',*,*,#1457,.F.);
#368=ORIENTED_EDGE('',*,*,#1458,.F.);
#369=ORIENTED_EDGE('',*,*,#1459,.F.);
#370=ORIENTED_EDGE('',*,*,#1460,.T.);
#371=ORIENTED_EDGE('',*,*,#1461,.F.);
#372=ORIENTED_EDGE('',*,*,#1462,.F.);
#373=ORIENTED_EDGE('',*,*,#1463,.F.);
#374=ORIENTED_EDGE('',*,*,#1464,.F.);
#375=ORIENTED_EDGE('',*,*,#1465,.T.);
#376=ORIENTED_EDGE('',*,*,#1466,.F.);
#377=ORIENTED_EDGE('',*,*,#1467,.F.);
#378=ORIENTED_EDGE('',*,*,#1468,.F.);
#379=ORIENTED_EDGE('',*,*,#1469,.F.);
#380=ORIENTED_EDGE('',*,*,#1470,.F.);
#381=ORIENTED_EDGE('',*,*,#1471,.F.);
#382=ORIENTED_EDGE('',*,*,#1472,.F.);
#383=ORIENTED_EDGE('',*,*,#1460,.F.);
#384=ORIENTED_EDGE('',*,*,#1473,.F.);
#385=ORIENTED_EDGE('',*,*,#1474,.F.);
#386=ORIENTED_EDGE('',*,*,#1475,.T.);
#387=ORIENTED_EDGE('',*,*,#1466,.T.);
#388=ORIENTED_EDGE('',*,*,#1476,.T.);
#389=ORIENTED_EDGE('',*,*,#1477,.F.);
#390=ORIENTED_EDGE('',*,*,#1478,.T.);
#391=ORIENTED_EDGE('',*,*,#1479,.F.);
#392=ORIENTED_EDGE('',*,*,#1480,.T.);
#393=ORIENTED_EDGE('',*,*,#1481,.T.);
#394=ORIENTED_EDGE('',*,*,#1453,.T.);
#395=ORIENTED_EDGE('',*,*,#1482,.F.);
#396=ORIENTED_EDGE('',*,*,#1483,.F.);
#397=ORIENTED_EDGE('',*,*,#1465,.F.);
#398=ORIENTED_EDGE('',*,*,#1484,.F.);
#399=ORIENTED_EDGE('',*,*,#1485,.F.);
#400=ORIENTED_EDGE('',*,*,#1486,.F.);
#401=ORIENTED_EDGE('',*,*,#1487,.T.);
#402=ORIENTED_EDGE('',*,*,#1488,.T.);
#403=ORIENTED_EDGE('',*,*,#1489,.F.);
#404=ORIENTED_EDGE('',*,*,#1490,.F.);
#405=ORIENTED_EDGE('',*,*,#1491,.F.);
#406=ORIENTED_EDGE('',*,*,#1492,.F.);
#407=ORIENTED_EDGE('',*,*,#1493,.F.);
#408=ORIENTED_EDGE('',*,*,#1480,.F.);
#409=ORIENTED_EDGE('',*,*,#1494,.T.);
#410=ORIENTED_EDGE('',*,*,#1495,.F.);
#411=ORIENTED_EDGE('',*,*,#1496,.T.);
#412=ORIENTED_EDGE('',*,*,#1476,.F.);
#413=ORIENTED_EDGE('',*,*,#1454,.F.);
#414=ORIENTED_EDGE('',*,*,#1481,.F.);
#415=ORIENTED_EDGE('',*,*,#1497,.T.);
#416=ORIENTED_EDGE('',*,*,#1498,.T.);
#417=ORIENTED_EDGE('',*,*,#1499,.T.);
#418=ORIENTED_EDGE('',*,*,#1500,.F.);
#419=ORIENTED_EDGE('',*,*,#1501,.F.);
#420=ORIENTED_EDGE('',*,*,#1502,.F.);
#421=ORIENTED_EDGE('',*,*,#1503,.F.);
#422=ORIENTED_EDGE('',*,*,#1504,.F.);
#423=ORIENTED_EDGE('',*,*,#1505,.F.);
#424=ORIENTED_EDGE('',*,*,#1506,.F.);
#425=ORIENTED_EDGE('',*,*,#1507,.F.);
#426=ORIENTED_EDGE('',*,*,#1508,.T.);
#427=ORIENTED_EDGE('',*,*,#1509,.F.);
#428=ORIENTED_EDGE('',*,*,#1482,.T.);
#429=ORIENTED_EDGE('',*,*,#1452,.T.);
#430=ORIENTED_EDGE('',*,*,#1510,.F.);
#431=ORIENTED_EDGE('',*,*,#1511,.F.);
#432=ORIENTED_EDGE('',*,*,#1512,.F.);
#433=ORIENTED_EDGE('',*,*,#1392,.T.);
#434=ORIENTED_EDGE('',*,*,#1513,.T.);
#435=ORIENTED_EDGE('',*,*,#1514,.T.);
#436=ORIENTED_EDGE('',*,*,#1515,.T.);
#437=ORIENTED_EDGE('',*,*,#1516,.F.);
#438=ORIENTED_EDGE('',*,*,#1517,.T.);
#439=ORIENTED_EDGE('',*,*,#1518,.T.);
#440=ORIENTED_EDGE('',*,*,#1519,.T.);
#441=ORIENTED_EDGE('',*,*,#1520,.T.);
#442=ORIENTED_EDGE('',*,*,#1521,.F.);
#443=ORIENTED_EDGE('',*,*,#1522,.F.);
#444=ORIENTED_EDGE('',*,*,#1523,.T.);
#445=ORIENTED_EDGE('',*,*,#1524,.T.);
#446=ORIENTED_EDGE('',*,*,#1525,.T.);
#447=ORIENTED_EDGE('',*,*,#1526,.T.);
#448=ORIENTED_EDGE('',*,*,#1527,.T.);
#449=ORIENTED_EDGE('',*,*,#1458,.T.);
#450=ORIENTED_EDGE('',*,*,#1528,.T.);
#451=ORIENTED_EDGE('',*,*,#1529,.T.);
#452=ORIENTED_EDGE('',*,*,#1455,.T.);
#453=ORIENTED_EDGE('',*,*,#1509,.T.);
#454=ORIENTED_EDGE('',*,*,#1530,.T.);
#455=ORIENTED_EDGE('',*,*,#1445,.F.);
#456=ORIENTED_EDGE('',*,*,#1531,.F.);
#457=ORIENTED_EDGE('',*,*,#1532,.F.);
#458=ORIENTED_EDGE('',*,*,#1533,.T.);
#459=ORIENTED_EDGE('',*,*,#1534,.T.);
#460=ORIENTED_EDGE('',*,*,#1439,.T.);
#461=ORIENTED_EDGE('',*,*,#1535,.T.);
#462=ORIENTED_EDGE('',*,*,#1536,.F.);
#463=ORIENTED_EDGE('',*,*,#1537,.F.);
#464=ORIENTED_EDGE('',*,*,#1538,.T.);
#465=ORIENTED_EDGE('',*,*,#1450,.T.);
#466=ORIENTED_EDGE('',*,*,#1539,.T.);
#467=ORIENTED_EDGE('',*,*,#1540,.T.);
#468=ORIENTED_EDGE('',*,*,#1541,.F.);
#469=ORIENTED_EDGE('',*,*,#1503,.T.);
#470=ORIENTED_EDGE('',*,*,#1542,.T.);
#471=ORIENTED_EDGE('',*,*,#1543,.T.);
#472=ORIENTED_EDGE('',*,*,#1446,.T.);
#473=ORIENTED_EDGE('',*,*,#1530,.F.);
#474=ORIENTED_EDGE('',*,*,#1473,.T.);
#475=ORIENTED_EDGE('',*,*,#1459,.T.);
#476=ORIENTED_EDGE('',*,*,#1527,.F.);
#477=ORIENTED_EDGE('',*,*,#1508,.F.);
#478=ORIENTED_EDGE('',*,*,#1544,.T.);
#479=ORIENTED_EDGE('',*,*,#1545,.T.);
#480=ORIENTED_EDGE('',*,*,#1469,.T.);
#481=ORIENTED_EDGE('',*,*,#1546,.F.);
#482=ORIENTED_EDGE('',*,*,#1491,.T.);
#483=ORIENTED_EDGE('',*,*,#1546,.T.);
#484=ORIENTED_EDGE('',*,*,#1468,.T.);
#485=ORIENTED_EDGE('',*,*,#1547,.F.);
#486=ORIENTED_EDGE('',*,*,#1492,.T.);
#487=ORIENTED_EDGE('',*,*,#1547,.T.);
#488=ORIENTED_EDGE('',*,*,#1467,.T.);
#489=ORIENTED_EDGE('',*,*,#1475,.F.);
#490=ORIENTED_EDGE('',*,*,#1493,.T.);
#491=ORIENTED_EDGE('',*,*,#1510,.T.);
#492=ORIENTED_EDGE('',*,*,#1451,.T.);
#493=ORIENTED_EDGE('',*,*,#1538,.F.);
#494=ORIENTED_EDGE('',*,*,#1502,.T.);
#495=ORIENTED_EDGE('',*,*,#1548,.T.);
#496=ORIENTED_EDGE('',*,*,#1549,.F.);
#497=ORIENTED_EDGE('',*,*,#1550,.F.);
#498=ORIENTED_EDGE('',*,*,#1551,.F.);
#499=ORIENTED_EDGE('',*,*,#1484,.T.);
#500=ORIENTED_EDGE('',*,*,#1464,.T.);
#501=ORIENTED_EDGE('',*,*,#1552,.F.);
#502=ORIENTED_EDGE('',*,*,#1440,.F.);
#503=ORIENTED_EDGE('',*,*,#1534,.F.);
#504=ORIENTED_EDGE('',*,*,#1553,.F.);
#505=ORIENTED_EDGE('',*,*,#1554,.T.);
#506=ORIENTED_EDGE('',*,*,#1555,.F.);
#507=ORIENTED_EDGE('',*,*,#1556,.T.);
#508=ORIENTED_EDGE('',*,*,#1470,.T.);
#509=ORIENTED_EDGE('',*,*,#1545,.F.);
#510=ORIENTED_EDGE('',*,*,#1490,.T.);
#511=ORIENTED_EDGE('',*,*,#1557,.F.);
#512=ORIENTED_EDGE('',*,*,#1558,.T.);
#513=ORIENTED_EDGE('',*,*,#1552,.T.);
#514=ORIENTED_EDGE('',*,*,#1463,.T.);
#515=ORIENTED_EDGE('',*,*,#1559,.F.);
#516=ORIENTED_EDGE('',*,*,#1560,.F.);
#517=ORIENTED_EDGE('',*,*,#1485,.T.);
#518=ORIENTED_EDGE('',*,*,#1559,.T.);
#519=ORIENTED_EDGE('',*,*,#1462,.T.);
#520=ORIENTED_EDGE('',*,*,#1561,.F.);
#521=ORIENTED_EDGE('',*,*,#1562,.F.);
#522=ORIENTED_EDGE('',*,*,#1561,.T.);
#523=ORIENTED_EDGE('',*,*,#1461,.T.);
#524=ORIENTED_EDGE('',*,*,#1472,.T.);
#525=ORIENTED_EDGE('',*,*,#1563,.T.);
#526=ORIENTED_EDGE('',*,*,#1432,.T.);
#527=ORIENTED_EDGE('',*,*,#1436,.T.);
#528=ORIENTED_EDGE('',*,*,#1564,.T.);
#529=ORIENTED_EDGE('',*,*,#1542,.F.);
#530=ORIENTED_EDGE('',*,*,#1533,.F.);
#531=ORIENTED_EDGE('',*,*,#1565,.F.);
#532=ORIENTED_EDGE('',*,*,#1566,.T.);
#533=ORIENTED_EDGE('',*,*,#1567,.T.);
#534=ORIENTED_EDGE('',*,*,#1568,.T.);
#535=ORIENTED_EDGE('',*,*,#1569,.T.);
#536=ORIENTED_EDGE('',*,*,#1540,.F.);
#537=ORIENTED_EDGE('',*,*,#1570,.T.);
#538=ORIENTED_EDGE('',*,*,#1571,.F.);
#539=ORIENTED_EDGE('',*,*,#1572,.F.);
#540=ORIENTED_EDGE('',*,*,#1573,.T.);
#541=ORIENTED_EDGE('',*,*,#1574,.T.);
#542=ORIENTED_EDGE('',*,*,#1575,.T.);
#543=ORIENTED_EDGE('',*,*,#1576,.F.);
#544=ORIENTED_EDGE('',*,*,#1577,.F.);
#545=ORIENTED_EDGE('',*,*,#1578,.T.);
#546=ORIENTED_EDGE('',*,*,#1579,.T.);
#547=ORIENTED_EDGE('',*,*,#1580,.T.);
#548=ORIENTED_EDGE('',*,*,#1581,.T.);
#549=ORIENTED_EDGE('',*,*,#1582,.F.);
#550=ORIENTED_EDGE('',*,*,#1583,.T.);
#551=ORIENTED_EDGE('',*,*,#1584,.F.);
#552=ORIENTED_EDGE('',*,*,#1585,.F.);
#553=ORIENTED_EDGE('',*,*,#1586,.T.);
#554=ORIENTED_EDGE('',*,*,#1587,.T.);
#555=ORIENTED_EDGE('',*,*,#1588,.F.);
#556=ORIENTED_EDGE('',*,*,#1589,.F.);
#557=ORIENTED_EDGE('',*,*,#1590,.F.);
#558=ORIENTED_EDGE('',*,*,#1591,.T.);
#559=ORIENTED_EDGE('',*,*,#1592,.F.);
#560=ORIENTED_EDGE('',*,*,#1593,.T.);
#561=ORIENTED_EDGE('',*,*,#1594,.T.);
#562=ORIENTED_EDGE('',*,*,#1536,.T.);
#563=ORIENTED_EDGE('',*,*,#1595,.F.);
#564=ORIENTED_EDGE('',*,*,#1555,.T.);
#565=ORIENTED_EDGE('',*,*,#1596,.T.);
#566=ORIENTED_EDGE('',*,*,#1597,.T.);
#567=ORIENTED_EDGE('',*,*,#1528,.F.);
#568=ORIENTED_EDGE('',*,*,#1457,.T.);
#569=ORIENTED_EDGE('',*,*,#1598,.T.);
#570=ORIENTED_EDGE('',*,*,#1598,.F.);
#571=ORIENTED_EDGE('',*,*,#1456,.T.);
#572=ORIENTED_EDGE('',*,*,#1529,.F.);
#573=ORIENTED_EDGE('',*,*,#1578,.F.);
#574=ORIENTED_EDGE('',*,*,#1599,.T.);
#575=ORIENTED_EDGE('',*,*,#1597,.F.);
#576=ORIENTED_EDGE('',*,*,#1600,.F.);
#577=ORIENTED_EDGE('',*,*,#1601,.F.);
#578=ORIENTED_EDGE('',*,*,#1602,.T.);
#579=ORIENTED_EDGE('',*,*,#1419,.T.);
#580=ORIENTED_EDGE('',*,*,#1603,.F.);
#581=ORIENTED_EDGE('',*,*,#1604,.F.);
#582=ORIENTED_EDGE('',*,*,#1605,.T.);
#583=ORIENTED_EDGE('',*,*,#1426,.T.);
#584=ORIENTED_EDGE('',*,*,#1606,.F.);
#585=ORIENTED_EDGE('',*,*,#1607,.F.);
#586=ORIENTED_EDGE('',*,*,#1603,.T.);
#587=ORIENTED_EDGE('',*,*,#1418,.T.);
#588=ORIENTED_EDGE('',*,*,#1608,.F.);
#589=ORIENTED_EDGE('',*,*,#1609,.F.);
#590=ORIENTED_EDGE('',*,*,#1610,.T.);
#591=ORIENTED_EDGE('',*,*,#1420,.T.);
#592=ORIENTED_EDGE('',*,*,#1602,.F.);
#593=ORIENTED_EDGE('',*,*,#1610,.F.);
#594=ORIENTED_EDGE('',*,*,#1611,.F.);
#595=ORIENTED_EDGE('',*,*,#1606,.T.);
#596=ORIENTED_EDGE('',*,*,#1425,.T.);
#597=ORIENTED_EDGE('',*,*,#1612,.F.);
#598=ORIENTED_EDGE('',*,*,#1613,.F.);
#599=ORIENTED_EDGE('',*,*,#1614,.T.);
#600=ORIENTED_EDGE('',*,*,#1421,.T.);
#601=ORIENTED_EDGE('',*,*,#1615,.F.);
#602=ORIENTED_EDGE('',*,*,#1616,.T.);
#603=ORIENTED_EDGE('',*,*,#1427,.T.);
#604=ORIENTED_EDGE('',*,*,#1605,.F.);
#605=ORIENTED_EDGE('',*,*,#1589,.T.);
#606=ORIENTED_EDGE('',*,*,#1617,.T.);
#607=ORIENTED_EDGE('',*,*,#1618,.F.);
#608=ORIENTED_EDGE('',*,*,#1413,.T.);
#609=ORIENTED_EDGE('',*,*,#1619,.F.);
#610=ORIENTED_EDGE('',*,*,#1620,.F.);
#611=ORIENTED_EDGE('',*,*,#1417,.T.);
#612=ORIENTED_EDGE('',*,*,#1621,.T.);
#613=ORIENTED_EDGE('',*,*,#1622,.F.);
#614=ORIENTED_EDGE('',*,*,#1608,.T.);
#615=ORIENTED_EDGE('',*,*,#1434,.F.);
#616=ORIENTED_EDGE('',*,*,#1433,.F.);
#617=ORIENTED_EDGE('',*,*,#1569,.F.);
#618=ORIENTED_EDGE('',*,*,#1623,.T.);
#619=ORIENTED_EDGE('',*,*,#1624,.F.);
#620=ORIENTED_EDGE('',*,*,#1625,.T.);
#621=ORIENTED_EDGE('',*,*,#1626,.T.);
#622=ORIENTED_EDGE('',*,*,#1627,.T.);
#623=ORIENTED_EDGE('',*,*,#1405,.T.);
#624=ORIENTED_EDGE('',*,*,#1628,.T.);
#625=ORIENTED_EDGE('',*,*,#1629,.T.);
#626=ORIENTED_EDGE('',*,*,#1407,.F.);
#627=ORIENTED_EDGE('',*,*,#1630,.F.);
#628=ORIENTED_EDGE('',*,*,#1625,.F.);
#629=ORIENTED_EDGE('',*,*,#1624,.T.);
#630=ORIENTED_EDGE('',*,*,#1631,.T.);
#631=ORIENTED_EDGE('',*,*,#1632,.T.);
#632=ORIENTED_EDGE('',*,*,#1633,.F.);
#633=ORIENTED_EDGE('',*,*,#1634,.F.);
#634=ORIENTED_EDGE('',*,*,#1635,.T.);
#635=ORIENTED_EDGE('',*,*,#1428,.T.);
#636=ORIENTED_EDGE('',*,*,#1616,.F.);
#637=ORIENTED_EDGE('',*,*,#1636,.T.);
#638=ORIENTED_EDGE('',*,*,#1637,.T.);
#639=ORIENTED_EDGE('',*,*,#1592,.T.);
#640=ORIENTED_EDGE('',*,*,#1638,.T.);
#641=ORIENTED_EDGE('',*,*,#1639,.T.);
#642=ORIENTED_EDGE('',*,*,#1640,.T.);
#643=ORIENTED_EDGE('',*,*,#1641,.T.);
#644=ORIENTED_EDGE('',*,*,#1642,.T.);
#645=ORIENTED_EDGE('',*,*,#1643,.T.);
#646=ORIENTED_EDGE('',*,*,#1644,.F.);
#647=ORIENTED_EDGE('',*,*,#1633,.T.);
#648=ORIENTED_EDGE('',*,*,#1645,.F.);
#649=ORIENTED_EDGE('',*,*,#1646,.T.);
#650=ORIENTED_EDGE('',*,*,#1567,.F.);
#651=ORIENTED_EDGE('',*,*,#1647,.T.);
#652=ORIENTED_EDGE('',*,*,#1648,.F.);
#653=ORIENTED_EDGE('',*,*,#1517,.F.);
#654=ORIENTED_EDGE('',*,*,#1649,.T.);
#655=ORIENTED_EDGE('',*,*,#1650,.F.);
#656=ORIENTED_EDGE('',*,*,#1651,.T.);
#657=ORIENTED_EDGE('',*,*,#1652,.F.);
#658=ORIENTED_EDGE('',*,*,#1653,.F.);
#659=ORIENTED_EDGE('',*,*,#1523,.F.);
#660=ORIENTED_EDGE('',*,*,#1520,.F.);
#661=ORIENTED_EDGE('',*,*,#1654,.F.);
#662=ORIENTED_EDGE('',*,*,#1655,.T.);
#663=ORIENTED_EDGE('',*,*,#1574,.F.);
#664=ORIENTED_EDGE('',*,*,#1656,.T.);
#665=ORIENTED_EDGE('',*,*,#1657,.F.);
#666=ORIENTED_EDGE('',*,*,#1658,.T.);
#667=ORIENTED_EDGE('',*,*,#1659,.F.);
#668=ORIENTED_EDGE('',*,*,#1660,.T.);
#669=ORIENTED_EDGE('',*,*,#1661,.T.);
#670=ORIENTED_EDGE('',*,*,#1662,.T.);
#671=ORIENTED_EDGE('',*,*,#1663,.T.);
#672=ORIENTED_EDGE('',*,*,#1664,.T.);
#673=ORIENTED_EDGE('',*,*,#1582,.T.);
#674=ORIENTED_EDGE('',*,*,#1665,.T.);
#675=ORIENTED_EDGE('',*,*,#1666,.T.);
#676=ORIENTED_EDGE('',*,*,#1594,.F.);
#677=ORIENTED_EDGE('',*,*,#1667,.T.);
#678=ORIENTED_EDGE('',*,*,#1668,.F.);
#679=ORIENTED_EDGE('',*,*,#1486,.T.);
#680=ORIENTED_EDGE('',*,*,#1560,.T.);
#681=ORIENTED_EDGE('',*,*,#1562,.T.);
#682=ORIENTED_EDGE('',*,*,#1563,.F.);
#683=ORIENTED_EDGE('',*,*,#1474,.T.);
#684=ORIENTED_EDGE('',*,*,#1544,.F.);
#685=ORIENTED_EDGE('',*,*,#1507,.T.);
#686=ORIENTED_EDGE('',*,*,#1669,.T.);
#687=ORIENTED_EDGE('',*,*,#1670,.T.);
#688=ORIENTED_EDGE('',*,*,#1565,.T.);
#689=ORIENTED_EDGE('',*,*,#1532,.T.);
#690=ORIENTED_EDGE('',*,*,#1671,.F.);
#691=ORIENTED_EDGE('',*,*,#1672,.T.);
#692=ORIENTED_EDGE('',*,*,#1673,.F.);
#693=ORIENTED_EDGE('',*,*,#1674,.F.);
#694=ORIENTED_EDGE('',*,*,#1553,.T.);
#695=ORIENTED_EDGE('',*,*,#1537,.T.);
#696=ORIENTED_EDGE('',*,*,#1576,.T.);
#697=ORIENTED_EDGE('',*,*,#1675,.T.);
#698=ORIENTED_EDGE('',*,*,#1676,.T.);
#699=ORIENTED_EDGE('',*,*,#1504,.T.);
#700=ORIENTED_EDGE('',*,*,#1541,.T.);
#701=ORIENTED_EDGE('',*,*,#1677,.F.);
#702=ORIENTED_EDGE('',*,*,#1678,.T.);
#703=ORIENTED_EDGE('',*,*,#1580,.F.);
#704=ORIENTED_EDGE('',*,*,#1679,.T.);
#705=ORIENTED_EDGE('',*,*,#1557,.T.);
#706=ORIENTED_EDGE('',*,*,#1489,.T.);
#707=ORIENTED_EDGE('',*,*,#1680,.T.);
#708=ORIENTED_EDGE('',*,*,#1399,.T.);
#709=ORIENTED_EDGE('',*,*,#1681,.F.);
#710=ORIENTED_EDGE('',*,*,#1649,.F.);
#711=ORIENTED_EDGE('',*,*,#1516,.T.);
#712=ORIENTED_EDGE('',*,*,#1682,.T.);
#713=ORIENTED_EDGE('',*,*,#1394,.T.);
#714=ORIENTED_EDGE('',*,*,#1683,.F.);
#715=ORIENTED_EDGE('',*,*,#1684,.F.);
#716=ORIENTED_EDGE('',*,*,#1525,.F.);
#717=ORIENTED_EDGE('',*,*,#1515,.F.);
#718=ORIENTED_EDGE('',*,*,#1685,.F.);
#719=ORIENTED_EDGE('',*,*,#1686,.T.);
#720=ORIENTED_EDGE('',*,*,#1400,.T.);
#721=ORIENTED_EDGE('',*,*,#1680,.F.);
#722=ORIENTED_EDGE('',*,*,#1687,.T.);
#723=ORIENTED_EDGE('',*,*,#1688,.T.);
#724=ORIENTED_EDGE('',*,*,#1628,.F.);
#725=ORIENTED_EDGE('',*,*,#1644,.T.);
#726=ORIENTED_EDGE('',*,*,#1689,.T.);
#727=ORIENTED_EDGE('',*,*,#1409,.F.);
#728=ORIENTED_EDGE('',*,*,#1690,.F.);
#729=ORIENTED_EDGE('',*,*,#1687,.F.);
#730=ORIENTED_EDGE('',*,*,#1643,.F.);
#731=ORIENTED_EDGE('',*,*,#1691,.F.);
#732=ORIENTED_EDGE('',*,*,#1692,.T.);
#733=ORIENTED_EDGE('',*,*,#1693,.F.);
#734=ORIENTED_EDGE('',*,*,#1639,.F.);
#735=ORIENTED_EDGE('',*,*,#1694,.T.);
#736=ORIENTED_EDGE('',*,*,#1695,.T.);
#737=ORIENTED_EDGE('',*,*,#1410,.F.);
#738=ORIENTED_EDGE('',*,*,#1689,.F.);
#739=ORIENTED_EDGE('',*,*,#1638,.F.);
#740=ORIENTED_EDGE('',*,*,#1591,.F.);
#741=ORIENTED_EDGE('',*,*,#1620,.T.);
#742=ORIENTED_EDGE('',*,*,#1619,.T.);
#743=ORIENTED_EDGE('',*,*,#1412,.T.);
#744=ORIENTED_EDGE('',*,*,#1696,.F.);
#745=ORIENTED_EDGE('',*,*,#1697,.T.);
#746=ORIENTED_EDGE('',*,*,#1694,.F.);
#747=ORIENTED_EDGE('',*,*,#1590,.T.);
#748=ORIENTED_EDGE('',*,*,#1698,.T.);
#749=ORIENTED_EDGE('',*,*,#1395,.T.);
#750=ORIENTED_EDGE('',*,*,#1682,.F.);
#751=ORIENTED_EDGE('',*,*,#1524,.F.);
#752=ORIENTED_EDGE('',*,*,#1653,.T.);
#753=ORIENTED_EDGE('',*,*,#1396,.T.);
#754=ORIENTED_EDGE('',*,*,#1698,.F.);
#755=ORIENTED_EDGE('',*,*,#1652,.T.);
#756=ORIENTED_EDGE('',*,*,#1699,.T.);
#757=ORIENTED_EDGE('',*,*,#1398,.T.);
#758=ORIENTED_EDGE('',*,*,#1700,.T.);
#759=ORIENTED_EDGE('',*,*,#1650,.T.);
#760=ORIENTED_EDGE('',*,*,#1681,.T.);
#761=ORIENTED_EDGE('',*,*,#1651,.F.);
#762=ORIENTED_EDGE('',*,*,#1700,.F.);
#763=ORIENTED_EDGE('',*,*,#1397,.T.);
#764=ORIENTED_EDGE('',*,*,#1699,.F.);
#765=ORIENTED_EDGE('',*,*,#1701,.F.);
#766=ORIENTED_EDGE('',*,*,#1702,.F.);
#767=ORIENTED_EDGE('',*,*,#1500,.T.);
#768=ORIENTED_EDGE('',*,*,#1703,.F.);
#769=ORIENTED_EDGE('',*,*,#1548,.F.);
#770=ORIENTED_EDGE('',*,*,#1501,.T.);
#771=ORIENTED_EDGE('',*,*,#1702,.T.);
#772=ORIENTED_EDGE('',*,*,#1531,.T.);
#773=ORIENTED_EDGE('',*,*,#1444,.T.);
#774=ORIENTED_EDGE('',*,*,#1704,.F.);
#775=ORIENTED_EDGE('',*,*,#1671,.T.);
#776=ORIENTED_EDGE('',*,*,#1443,.F.);
#777=ORIENTED_EDGE('',*,*,#1705,.F.);
#778=ORIENTED_EDGE('',*,*,#1672,.F.);
#779=ORIENTED_EDGE('',*,*,#1704,.T.);
#780=ORIENTED_EDGE('',*,*,#1705,.T.);
#781=ORIENTED_EDGE('',*,*,#1442,.T.);
#782=ORIENTED_EDGE('',*,*,#1706,.F.);
#783=ORIENTED_EDGE('',*,*,#1673,.T.);
#784=ORIENTED_EDGE('',*,*,#1706,.T.);
#785=ORIENTED_EDGE('',*,*,#1441,.T.);
#786=ORIENTED_EDGE('',*,*,#1554,.F.);
#787=ORIENTED_EDGE('',*,*,#1674,.T.);
#788=ORIENTED_EDGE('',*,*,#1579,.F.);
#789=ORIENTED_EDGE('',*,*,#1600,.T.);
#790=ORIENTED_EDGE('',*,*,#1596,.F.);
#791=ORIENTED_EDGE('',*,*,#1558,.F.);
#792=ORIENTED_EDGE('',*,*,#1679,.F.);
#793=ORIENTED_EDGE('',*,*,#1648,.T.);
#794=ORIENTED_EDGE('',*,*,#1707,.T.);
#795=ORIENTED_EDGE('',*,*,#1669,.F.);
#796=ORIENTED_EDGE('',*,*,#1506,.T.);
#797=ORIENTED_EDGE('',*,*,#1708,.T.);
#798=ORIENTED_EDGE('',*,*,#1518,.F.);
#799=ORIENTED_EDGE('',*,*,#1676,.F.);
#800=ORIENTED_EDGE('',*,*,#1709,.T.);
#801=ORIENTED_EDGE('',*,*,#1654,.T.);
#802=ORIENTED_EDGE('',*,*,#1519,.F.);
#803=ORIENTED_EDGE('',*,*,#1708,.F.);
#804=ORIENTED_EDGE('',*,*,#1505,.T.);
#805=ORIENTED_EDGE('',*,*,#1632,.F.);
#806=ORIENTED_EDGE('',*,*,#1710,.T.);
#807=ORIENTED_EDGE('',*,*,#1645,.T.);
#808=ORIENTED_EDGE('',*,*,#1666,.F.);
#809=ORIENTED_EDGE('',*,*,#1711,.T.);
#810=ORIENTED_EDGE('',*,*,#1677,.T.);
#811=ORIENTED_EDGE('',*,*,#1488,.F.);
#812=ORIENTED_EDGE('',*,*,#1712,.T.);
#813=ORIENTED_EDGE('',*,*,#1521,.T.);
#814=ORIENTED_EDGE('',*,*,#1668,.T.);
#815=ORIENTED_EDGE('',*,*,#1713,.T.);
#816=ORIENTED_EDGE('',*,*,#1636,.F.);
#817=ORIENTED_EDGE('',*,*,#1522,.T.);
#818=ORIENTED_EDGE('',*,*,#1712,.F.);
#819=ORIENTED_EDGE('',*,*,#1487,.F.);
#820=ORIENTED_EDGE('',*,*,#1693,.T.);
#821=ORIENTED_EDGE('',*,*,#1714,.T.);
#822=ORIENTED_EDGE('',*,*,#1640,.F.);
#823=ORIENTED_EDGE('',*,*,#1642,.F.);
#824=ORIENTED_EDGE('',*,*,#1715,.T.);
#825=ORIENTED_EDGE('',*,*,#1691,.T.);
#826=ORIENTED_EDGE('',*,*,#1675,.F.);
#827=ORIENTED_EDGE('',*,*,#1575,.F.);
#828=ORIENTED_EDGE('',*,*,#1655,.F.);
#829=ORIENTED_EDGE('',*,*,#1709,.F.);
#830=ORIENTED_EDGE('',*,*,#1623,.F.);
#831=ORIENTED_EDGE('',*,*,#1568,.F.);
#832=ORIENTED_EDGE('',*,*,#1646,.F.);
#833=ORIENTED_EDGE('',*,*,#1710,.F.);
#834=ORIENTED_EDGE('',*,*,#1631,.F.);
#835=ORIENTED_EDGE('',*,*,#1670,.F.);
#836=ORIENTED_EDGE('',*,*,#1707,.F.);
#837=ORIENTED_EDGE('',*,*,#1647,.F.);
#838=ORIENTED_EDGE('',*,*,#1566,.F.);
#839=ORIENTED_EDGE('',*,*,#1573,.F.);
#840=ORIENTED_EDGE('',*,*,#1716,.F.);
#841=ORIENTED_EDGE('',*,*,#1717,.F.);
#842=ORIENTED_EDGE('',*,*,#1656,.F.);
#843=ORIENTED_EDGE('',*,*,#1692,.F.);
#844=ORIENTED_EDGE('',*,*,#1715,.F.);
#845=ORIENTED_EDGE('',*,*,#1641,.F.);
#846=ORIENTED_EDGE('',*,*,#1714,.F.);
#847=ORIENTED_EDGE('',*,*,#1667,.F.);
#848=ORIENTED_EDGE('',*,*,#1593,.F.);
#849=ORIENTED_EDGE('',*,*,#1637,.F.);
#850=ORIENTED_EDGE('',*,*,#1713,.F.);
#851=ORIENTED_EDGE('',*,*,#1678,.F.);
#852=ORIENTED_EDGE('',*,*,#1711,.F.);
#853=ORIENTED_EDGE('',*,*,#1665,.F.);
#854=ORIENTED_EDGE('',*,*,#1581,.F.);
#855=ORIENTED_EDGE('',*,*,#1498,.F.);
#856=ORIENTED_EDGE('',*,*,#1718,.F.);
#857=ORIENTED_EDGE('',*,*,#1550,.T.);
#858=ORIENTED_EDGE('',*,*,#1719,.F.);
#859=ORIENTED_EDGE('',*,*,#1499,.F.);
#860=ORIENTED_EDGE('',*,*,#1719,.T.);
#861=ORIENTED_EDGE('',*,*,#1549,.T.);
#862=ORIENTED_EDGE('',*,*,#1703,.T.);
#863=ORIENTED_EDGE('',*,*,#1701,.T.);
#864=ORIENTED_EDGE('',*,*,#1497,.F.);
#865=ORIENTED_EDGE('',*,*,#1483,.T.);
#866=ORIENTED_EDGE('',*,*,#1511,.T.);
#867=ORIENTED_EDGE('',*,*,#1551,.T.);
#868=ORIENTED_EDGE('',*,*,#1718,.T.);
#869=ORIENTED_EDGE('',*,*,#1494,.F.);
#870=ORIENTED_EDGE('',*,*,#1479,.T.);
#871=ORIENTED_EDGE('',*,*,#1720,.F.);
#872=ORIENTED_EDGE('',*,*,#1496,.F.);
#873=ORIENTED_EDGE('',*,*,#1721,.F.);
#874=ORIENTED_EDGE('',*,*,#1477,.T.);
#875=ORIENTED_EDGE('',*,*,#1721,.T.);
#876=ORIENTED_EDGE('',*,*,#1495,.T.);
#877=ORIENTED_EDGE('',*,*,#1720,.T.);
#878=ORIENTED_EDGE('',*,*,#1478,.F.);
#879=ORIENTED_EDGE('',*,*,#1722,.F.);
#880=ORIENTED_EDGE('',*,*,#1723,.F.);
#881=ORIENTED_EDGE('',*,*,#1724,.T.);
#882=ORIENTED_EDGE('',*,*,#1725,.T.);
#883=ORIENTED_EDGE('',*,*,#1726,.F.);
#884=ORIENTED_EDGE('',*,*,#1727,.F.);
#885=ORIENTED_EDGE('',*,*,#1728,.T.);
#886=ORIENTED_EDGE('',*,*,#1723,.T.);
#887=ORIENTED_EDGE('',*,*,#1729,.F.);
#888=ORIENTED_EDGE('',*,*,#1570,.F.);
#889=ORIENTED_EDGE('',*,*,#1539,.F.);
#890=ORIENTED_EDGE('',*,*,#1730,.T.);
#891=ORIENTED_EDGE('',*,*,#1634,.T.);
#892=ORIENTED_EDGE('',*,*,#1615,.T.);
#893=ORIENTED_EDGE('',*,*,#1604,.T.);
#894=ORIENTED_EDGE('',*,*,#1611,.T.);
#895=ORIENTED_EDGE('',*,*,#1609,.T.);
#896=ORIENTED_EDGE('',*,*,#1601,.T.);
#897=ORIENTED_EDGE('',*,*,#1607,.T.);
#898=ORIENTED_EDGE('',*,*,#1622,.T.);
#899=ORIENTED_EDGE('',*,*,#1731,.F.);
#900=ORIENTED_EDGE('',*,*,#1556,.F.);
#901=ORIENTED_EDGE('',*,*,#1595,.T.);
#902=ORIENTED_EDGE('',*,*,#1599,.F.);
#903=ORIENTED_EDGE('',*,*,#1577,.T.);
#904=ORIENTED_EDGE('',*,*,#1732,.F.);
#905=ORIENTED_EDGE('',*,*,#1733,.F.);
#906=ORIENTED_EDGE('',*,*,#1734,.F.);
#907=ORIENTED_EDGE('',*,*,#1735,.F.);
#908=ORIENTED_EDGE('',*,*,#1736,.F.);
#909=ORIENTED_EDGE('',*,*,#1724,.F.);
#910=ORIENTED_EDGE('',*,*,#1728,.F.);
#911=ORIENTED_EDGE('',*,*,#1737,.F.);
#912=ORIENTED_EDGE('',*,*,#1738,.T.);
#913=ORIENTED_EDGE('',*,*,#1716,.T.);
#914=ORIENTED_EDGE('',*,*,#1572,.T.);
#915=ORIENTED_EDGE('',*,*,#1739,.T.);
#916=ORIENTED_EDGE('',*,*,#1740,.F.);
#917=ORIENTED_EDGE('',*,*,#1584,.T.);
#918=ORIENTED_EDGE('',*,*,#1741,.T.);
#919=ORIENTED_EDGE('',*,*,#1742,.T.);
#920=ORIENTED_EDGE('',*,*,#1743,.T.);
#921=ORIENTED_EDGE('',*,*,#1744,.F.);
#922=ORIENTED_EDGE('',*,*,#1739,.F.);
#923=ORIENTED_EDGE('',*,*,#1571,.T.);
#924=ORIENTED_EDGE('',*,*,#1729,.T.);
#925=ORIENTED_EDGE('',*,*,#1745,.T.);
#926=ORIENTED_EDGE('',*,*,#1746,.T.);
#927=ORIENTED_EDGE('',*,*,#1747,.F.);
#928=ORIENTED_EDGE('',*,*,#1748,.F.);
#929=ORIENTED_EDGE('',*,*,#1749,.T.);
#930=ORIENTED_EDGE('',*,*,#1750,.T.);
#931=ORIENTED_EDGE('',*,*,#1751,.F.);
#932=ORIENTED_EDGE('',*,*,#1752,.F.);
#933=ORIENTED_EDGE('',*,*,#1751,.T.);
#934=ORIENTED_EDGE('',*,*,#1753,.T.);
#935=ORIENTED_EDGE('',*,*,#1754,.F.);
#936=ORIENTED_EDGE('',*,*,#1755,.F.);
#937=ORIENTED_EDGE('',*,*,#1754,.T.);
#938=ORIENTED_EDGE('',*,*,#1756,.T.);
#939=ORIENTED_EDGE('',*,*,#1757,.F.);
#940=ORIENTED_EDGE('',*,*,#1758,.F.);
#941=ORIENTED_EDGE('',*,*,#1759,.T.);
#942=ORIENTED_EDGE('',*,*,#1760,.F.);
#943=ORIENTED_EDGE('',*,*,#1761,.T.);
#944=ORIENTED_EDGE('',*,*,#1762,.T.);
#945=ORIENTED_EDGE('',*,*,#1763,.T.);
#946=ORIENTED_EDGE('',*,*,#1764,.T.);
#947=ORIENTED_EDGE('',*,*,#1740,.T.);
#948=ORIENTED_EDGE('',*,*,#1747,.T.);
#949=ORIENTED_EDGE('',*,*,#1765,.T.);
#950=ORIENTED_EDGE('',*,*,#1766,.T.);
#951=ORIENTED_EDGE('',*,*,#1767,.T.);
#952=ORIENTED_EDGE('',*,*,#1768,.T.);
#953=ORIENTED_EDGE('',*,*,#1769,.F.);
#954=ORIENTED_EDGE('',*,*,#1743,.F.);
#955=ORIENTED_EDGE('',*,*,#1770,.T.);
#956=ORIENTED_EDGE('',*,*,#1757,.T.);
#957=ORIENTED_EDGE('',*,*,#1771,.F.);
#958=ORIENTED_EDGE('',*,*,#1749,.F.);
#959=ORIENTED_EDGE('',*,*,#1772,.F.);
#960=ORIENTED_EDGE('',*,*,#1773,.T.);
#961=ORIENTED_EDGE('',*,*,#1774,.T.);
#962=ORIENTED_EDGE('',*,*,#1775,.F.);
#963=ORIENTED_EDGE('',*,*,#1776,.T.);
#964=ORIENTED_EDGE('',*,*,#1777,.F.);
#965=ORIENTED_EDGE('',*,*,#1734,.T.);
#966=ORIENTED_EDGE('',*,*,#1778,.T.);
#967=ORIENTED_EDGE('',*,*,#1779,.T.);
#968=ORIENTED_EDGE('',*,*,#1780,.F.);
#969=ORIENTED_EDGE('',*,*,#1735,.T.);
#970=ORIENTED_EDGE('',*,*,#1777,.T.);
#971=ORIENTED_EDGE('',*,*,#1781,.F.);
#972=ORIENTED_EDGE('',*,*,#1725,.F.);
#973=ORIENTED_EDGE('',*,*,#1736,.T.);
#974=ORIENTED_EDGE('',*,*,#1780,.T.);
#975=ORIENTED_EDGE('',*,*,#1782,.T.);
#976=ORIENTED_EDGE('',*,*,#1783,.F.);
#977=ORIENTED_EDGE('',*,*,#1784,.F.);
#978=ORIENTED_EDGE('',*,*,#1785,.T.);
#979=ORIENTED_EDGE('',*,*,#1786,.F.);
#980=ORIENTED_EDGE('',*,*,#1783,.T.);
#981=ORIENTED_EDGE('',*,*,#1787,.T.);
#982=ORIENTED_EDGE('',*,*,#1788,.F.);
#983=ORIENTED_EDGE('',*,*,#1789,.F.);
#984=ORIENTED_EDGE('',*,*,#1788,.T.);
#985=ORIENTED_EDGE('',*,*,#1790,.T.);
#986=ORIENTED_EDGE('',*,*,#1791,.F.);
#987=ORIENTED_EDGE('',*,*,#1792,.F.);
#988=ORIENTED_EDGE('',*,*,#1793,.F.);
#989=ORIENTED_EDGE('',*,*,#1794,.F.);
#990=ORIENTED_EDGE('',*,*,#1791,.T.);
#991=ORIENTED_EDGE('',*,*,#1795,.T.);
#992=ORIENTED_EDGE('',*,*,#1745,.F.);
#993=ORIENTED_EDGE('',*,*,#1737,.T.);
#994=ORIENTED_EDGE('',*,*,#1727,.T.);
#995=ORIENTED_EDGE('',*,*,#1796,.F.);
#996=ORIENTED_EDGE('',*,*,#1585,.T.);
#997=ORIENTED_EDGE('',*,*,#1744,.T.);
#998=ORIENTED_EDGE('',*,*,#1769,.T.);
#999=ORIENTED_EDGE('',*,*,#1586,.F.);
#1000=ORIENTED_EDGE('',*,*,#1796,.T.);
#1001=ORIENTED_EDGE('',*,*,#1768,.F.);
#1002=ORIENTED_EDGE('',*,*,#1797,.F.);
#1003=ORIENTED_EDGE('',*,*,#1587,.F.);
#1004=ORIENTED_EDGE('',*,*,#1797,.T.);
#1005=ORIENTED_EDGE('',*,*,#1767,.F.);
#1006=ORIENTED_EDGE('',*,*,#1798,.F.);
#1007=ORIENTED_EDGE('',*,*,#1732,.T.);
#1008=ORIENTED_EDGE('',*,*,#1799,.T.);
#1009=ORIENTED_EDGE('',*,*,#1778,.F.);
#1010=ORIENTED_EDGE('',*,*,#1733,.T.);
#1011=ORIENTED_EDGE('',*,*,#1798,.T.);
#1012=ORIENTED_EDGE('',*,*,#1766,.F.);
#1013=ORIENTED_EDGE('',*,*,#1799,.F.);
#1014=ORIENTED_EDGE('',*,*,#1765,.F.);
#1015=ORIENTED_EDGE('',*,*,#1746,.F.);
#1016=ORIENTED_EDGE('',*,*,#1795,.F.);
#1017=ORIENTED_EDGE('',*,*,#1790,.F.);
#1018=ORIENTED_EDGE('',*,*,#1787,.F.);
#1019=ORIENTED_EDGE('',*,*,#1782,.F.);
#1020=ORIENTED_EDGE('',*,*,#1779,.F.);
#1021=ORIENTED_EDGE('',*,*,#1776,.F.);
#1022=ORIENTED_EDGE('',*,*,#1772,.T.);
#1023=ORIENTED_EDGE('',*,*,#1800,.T.);
#1024=ORIENTED_EDGE('',*,*,#1801,.F.);
#1025=ORIENTED_EDGE('',*,*,#1802,.F.);
#1026=ORIENTED_EDGE('',*,*,#1801,.T.);
#1027=ORIENTED_EDGE('',*,*,#1803,.T.);
#1028=ORIENTED_EDGE('',*,*,#1804,.F.);
#1029=ORIENTED_EDGE('',*,*,#1805,.F.);
#1030=ORIENTED_EDGE('',*,*,#1804,.T.);
#1031=ORIENTED_EDGE('',*,*,#1806,.T.);
#1032=ORIENTED_EDGE('',*,*,#1774,.F.);
#1033=ORIENTED_EDGE('',*,*,#1807,.F.);
#1034=ORIENTED_EDGE('',*,*,#1773,.F.);
#1035=ORIENTED_EDGE('',*,*,#1802,.T.);
#1036=ORIENTED_EDGE('',*,*,#1805,.T.);
#1037=ORIENTED_EDGE('',*,*,#1807,.T.);
#1038=ORIENTED_EDGE('',*,*,#1771,.T.);
#1039=ORIENTED_EDGE('',*,*,#1756,.F.);
#1040=ORIENTED_EDGE('',*,*,#1753,.F.);
#1041=ORIENTED_EDGE('',*,*,#1750,.F.);
#1042=ORIENTED_EDGE('',*,*,#1775,.T.);
#1043=ORIENTED_EDGE('',*,*,#1806,.F.);
#1044=ORIENTED_EDGE('',*,*,#1803,.F.);
#1045=ORIENTED_EDGE('',*,*,#1800,.F.);
#1046=ORIENTED_EDGE('',*,*,#1770,.F.);
#1047=ORIENTED_EDGE('',*,*,#1748,.T.);
#1048=ORIENTED_EDGE('',*,*,#1752,.T.);
#1049=ORIENTED_EDGE('',*,*,#1755,.T.);
#1050=ORIENTED_EDGE('',*,*,#1742,.F.);
#1051=ORIENTED_EDGE('',*,*,#1808,.T.);
#1052=ORIENTED_EDGE('',*,*,#1663,.F.);
#1053=ORIENTED_EDGE('',*,*,#1809,.T.);
#1054=ORIENTED_EDGE('',*,*,#1758,.T.);
#1055=ORIENTED_EDGE('',*,*,#1657,.T.);
#1056=ORIENTED_EDGE('',*,*,#1717,.T.);
#1057=ORIENTED_EDGE('',*,*,#1738,.F.);
#1058=ORIENTED_EDGE('',*,*,#1764,.F.);
#1059=ORIENTED_EDGE('',*,*,#1810,.T.);
#1060=ORIENTED_EDGE('',*,*,#1659,.T.);
#1061=ORIENTED_EDGE('',*,*,#1811,.T.);
#1062=ORIENTED_EDGE('',*,*,#1762,.F.);
#1063=ORIENTED_EDGE('',*,*,#1812,.T.);
#1064=ORIENTED_EDGE('',*,*,#1760,.T.);
#1065=ORIENTED_EDGE('',*,*,#1813,.T.);
#1066=ORIENTED_EDGE('',*,*,#1661,.F.);
#1067=ORIENTED_EDGE('',*,*,#1814,.T.);
#1068=ORIENTED_EDGE('',*,*,#1763,.F.);
#1069=ORIENTED_EDGE('',*,*,#1811,.F.);
#1070=ORIENTED_EDGE('',*,*,#1658,.F.);
#1071=ORIENTED_EDGE('',*,*,#1810,.F.);
#1072=ORIENTED_EDGE('',*,*,#1741,.F.);
#1073=ORIENTED_EDGE('',*,*,#1583,.F.);
#1074=ORIENTED_EDGE('',*,*,#1664,.F.);
#1075=ORIENTED_EDGE('',*,*,#1808,.F.);
#1076=ORIENTED_EDGE('',*,*,#1759,.F.);
#1077=ORIENTED_EDGE('',*,*,#1809,.F.);
#1078=ORIENTED_EDGE('',*,*,#1662,.F.);
#1079=ORIENTED_EDGE('',*,*,#1813,.F.);
#1080=ORIENTED_EDGE('',*,*,#1761,.F.);
#1081=ORIENTED_EDGE('',*,*,#1814,.F.);
#1082=ORIENTED_EDGE('',*,*,#1660,.F.);
#1083=ORIENTED_EDGE('',*,*,#1812,.F.);
#1084=ORIENTED_EDGE('',*,*,#1815,.F.);
#1085=ORIENTED_EDGE('',*,*,#1784,.T.);
#1086=ORIENTED_EDGE('',*,*,#1786,.T.);
#1087=ORIENTED_EDGE('',*,*,#1789,.T.);
#1088=ORIENTED_EDGE('',*,*,#1794,.T.);
#1089=ORIENTED_EDGE('',*,*,#1816,.T.);
#1090=ORIENTED_EDGE('',*,*,#1816,.F.);
#1091=ORIENTED_EDGE('',*,*,#1793,.T.);
#1092=ORIENTED_EDGE('',*,*,#1817,.T.);
#1093=ORIENTED_EDGE('',*,*,#1818,.F.);
#1094=ORIENTED_EDGE('',*,*,#1819,.F.);
#1095=ORIENTED_EDGE('',*,*,#1820,.F.);
#1096=ORIENTED_EDGE('',*,*,#1722,.T.);
#1097=ORIENTED_EDGE('',*,*,#1781,.T.);
#1098=ORIENTED_EDGE('',*,*,#1821,.F.);
#1099=ORIENTED_EDGE('',*,*,#1817,.F.);
#1100=ORIENTED_EDGE('',*,*,#1792,.T.);
#1101=ORIENTED_EDGE('',*,*,#1726,.T.);
#1102=ORIENTED_EDGE('',*,*,#1785,.F.);
#1103=ORIENTED_EDGE('',*,*,#1815,.T.);
#1104=ORIENTED_EDGE('',*,*,#1818,.T.);
#1105=ORIENTED_EDGE('',*,*,#1821,.T.);
#1106=ORIENTED_EDGE('',*,*,#1822,.F.);
#1107=ORIENTED_EDGE('',*,*,#1820,.T.);
#1108=ORIENTED_EDGE('',*,*,#1822,.T.);
#1109=ORIENTED_EDGE('',*,*,#1823,.F.);
#1110=ORIENTED_EDGE('',*,*,#1819,.T.);
#1111=ORIENTED_EDGE('',*,*,#1823,.T.);
#1112=ORIENTED_EDGE('',*,*,#1423,.F.);
#1113=ORIENTED_EDGE('',*,*,#1824,.F.);
#1114=ORIENTED_EDGE('',*,*,#1825,.T.);
#1115=ORIENTED_EDGE('',*,*,#1826,.T.);
#1116=ORIENTED_EDGE('',*,*,#1422,.F.);
#1117=ORIENTED_EDGE('',*,*,#1614,.F.);
#1118=ORIENTED_EDGE('',*,*,#1827,.T.);
#1119=ORIENTED_EDGE('',*,*,#1824,.T.);
#1120=ORIENTED_EDGE('',*,*,#1424,.F.);
#1121=ORIENTED_EDGE('',*,*,#1826,.F.);
#1122=ORIENTED_EDGE('',*,*,#1828,.T.);
#1123=ORIENTED_EDGE('',*,*,#1612,.T.);
#1124=ORIENTED_EDGE('',*,*,#1825,.F.);
#1125=ORIENTED_EDGE('',*,*,#1827,.F.);
#1126=ORIENTED_EDGE('',*,*,#1613,.T.);
#1127=ORIENTED_EDGE('',*,*,#1828,.F.);
#1128=ORIENTED_EDGE('',*,*,#1697,.F.);
#1129=ORIENTED_EDGE('',*,*,#1696,.T.);
#1130=ORIENTED_EDGE('',*,*,#1411,.T.);
#1131=ORIENTED_EDGE('',*,*,#1695,.F.);
#1132=ORIENTED_EDGE('',*,*,#1627,.F.);
#1133=ORIENTED_EDGE('',*,*,#1626,.F.);
#1134=ORIENTED_EDGE('',*,*,#1630,.T.);
#1135=ORIENTED_EDGE('',*,*,#1406,.F.);
#1136=ORIENTED_EDGE('',*,*,#1408,.T.);
#1137=ORIENTED_EDGE('',*,*,#1629,.F.);
#1138=ORIENTED_EDGE('',*,*,#1688,.F.);
#1139=ORIENTED_EDGE('',*,*,#1690,.T.);
#1140=ORIENTED_EDGE('',*,*,#1514,.F.);
#1141=ORIENTED_EDGE('',*,*,#1829,.T.);
#1142=ORIENTED_EDGE('',*,*,#1830,.T.);
#1143=ORIENTED_EDGE('',*,*,#1685,.T.);
#1144=ORIENTED_EDGE('',*,*,#1513,.F.);
#1145=ORIENTED_EDGE('',*,*,#1831,.F.);
#1146=ORIENTED_EDGE('',*,*,#1829,.F.);
#1147=ORIENTED_EDGE('',*,*,#1401,.T.);
#1148=ORIENTED_EDGE('',*,*,#1686,.F.);
#1149=ORIENTED_EDGE('',*,*,#1830,.F.);
#1150=ORIENTED_EDGE('',*,*,#1831,.T.);
#1151=ORIENTED_EDGE('',*,*,#1526,.F.);
#1152=ORIENTED_EDGE('',*,*,#1684,.T.);
#1153=ORIENTED_EDGE('',*,*,#1832,.T.);
#1154=ORIENTED_EDGE('',*,*,#1833,.F.);
#1155=ORIENTED_EDGE('',*,*,#1834,.T.);
#1156=ORIENTED_EDGE('',*,*,#1512,.T.);
#1157=ORIENTED_EDGE('',*,*,#1833,.T.);
#1158=ORIENTED_EDGE('',*,*,#1393,.T.);
#1159=ORIENTED_EDGE('',*,*,#1834,.F.);
#1160=ORIENTED_EDGE('',*,*,#1832,.F.);
#1161=ORIENTED_EDGE('',*,*,#1683,.T.);
#1162=ORIENTED_EDGE('',*,*,#1835,.T.);
#1163=ORIENTED_EDGE('',*,*,#1617,.F.);
#1164=ORIENTED_EDGE('',*,*,#1588,.T.);
#1165=ORIENTED_EDGE('',*,*,#1535,.F.);
#1166=ORIENTED_EDGE('',*,*,#1416,.F.);
#1167=ORIENTED_EDGE('',*,*,#1836,.F.);
#1168=ORIENTED_EDGE('',*,*,#1471,.T.);
#1169=ORIENTED_EDGE('',*,*,#1731,.T.);
#1170=ORIENTED_EDGE('',*,*,#1621,.F.);
#1171=ORIENTED_EDGE('',*,*,#1618,.T.);
#1172=ORIENTED_EDGE('',*,*,#1835,.F.);
#1173=ORIENTED_EDGE('',*,*,#1438,.F.);
#1174=ORIENTED_EDGE('',*,*,#1837,.T.);
#1175=ORIENTED_EDGE('',*,*,#1414,.T.);
#1176=ORIENTED_EDGE('',*,*,#1837,.F.);
#1177=ORIENTED_EDGE('',*,*,#1437,.F.);
#1178=ORIENTED_EDGE('',*,*,#1836,.T.);
#1179=ORIENTED_EDGE('',*,*,#1415,.T.);
#1180=ORIENTED_EDGE('',*,*,#1838,.F.);
#1181=ORIENTED_EDGE('',*,*,#1543,.F.);
#1182=ORIENTED_EDGE('',*,*,#1564,.F.);
#1183=ORIENTED_EDGE('',*,*,#1730,.F.);
#1184=ORIENTED_EDGE('',*,*,#1449,.F.);
#1185=ORIENTED_EDGE('',*,*,#1839,.T.);
#1186=ORIENTED_EDGE('',*,*,#1429,.T.);
#1187=ORIENTED_EDGE('',*,*,#1635,.F.);
#1188=ORIENTED_EDGE('',*,*,#1430,.T.);
#1189=ORIENTED_EDGE('',*,*,#1403,.F.);
#1190=ORIENTED_EDGE('',*,*,#1840,.F.);
#1191=ORIENTED_EDGE('',*,*,#1447,.T.);
#1192=ORIENTED_EDGE('',*,*,#1838,.T.);
#1193=ORIENTED_EDGE('',*,*,#1435,.T.);
#1194=ORIENTED_EDGE('',*,*,#1840,.T.);
#1195=ORIENTED_EDGE('',*,*,#1402,.F.);
#1196=ORIENTED_EDGE('',*,*,#1839,.F.);
#1197=ORIENTED_EDGE('',*,*,#1448,.T.);
#1198=ORIENTED_EDGE('',*,*,#1841,.T.);
#1199=ORIENTED_EDGE('',*,*,#1842,.T.);
#1200=ORIENTED_EDGE('',*,*,#1843,.T.);
#1201=ORIENTED_EDGE('',*,*,#1844,.F.);
#1202=ORIENTED_EDGE('',*,*,#1845,.T.);
#1203=ORIENTED_EDGE('',*,*,#1846,.T.);
#1204=ORIENTED_EDGE('',*,*,#1847,.T.);
#1205=ORIENTED_EDGE('',*,*,#1842,.F.);
#1206=ORIENTED_EDGE('',*,*,#1848,.T.);
#1207=ORIENTED_EDGE('',*,*,#1849,.F.);
#1208=ORIENTED_EDGE('',*,*,#1846,.F.);
#1209=ORIENTED_EDGE('',*,*,#1850,.F.);
#1210=ORIENTED_EDGE('',*,*,#1844,.T.);
#1211=ORIENTED_EDGE('',*,*,#1851,.F.);
#1212=ORIENTED_EDGE('',*,*,#1848,.F.);
#1213=ORIENTED_EDGE('',*,*,#1852,.F.);
#1214=ORIENTED_EDGE('',*,*,#1853,.T.);
#1215=ORIENTED_EDGE('',*,*,#1854,.T.);
#1216=ORIENTED_EDGE('',*,*,#1855,.F.);
#1217=ORIENTED_EDGE('',*,*,#1856,.F.);
#1218=ORIENTED_EDGE('',*,*,#1857,.F.);
#1219=ORIENTED_EDGE('',*,*,#1858,.T.);
#1220=ORIENTED_EDGE('',*,*,#1859,.T.);
#1221=ORIENTED_EDGE('',*,*,#1860,.F.);
#1222=ORIENTED_EDGE('',*,*,#1861,.F.);
#1223=ORIENTED_EDGE('',*,*,#1862,.T.);
#1224=ORIENTED_EDGE('',*,*,#1859,.F.);
#1225=ORIENTED_EDGE('',*,*,#1863,.F.);
#1226=ORIENTED_EDGE('',*,*,#1864,.T.);
#1227=ORIENTED_EDGE('',*,*,#1865,.T.);
#1228=ORIENTED_EDGE('',*,*,#1866,.T.);
#1229=ORIENTED_EDGE('',*,*,#1867,.T.);
#1230=ORIENTED_EDGE('',*,*,#1868,.T.);
#1231=ORIENTED_EDGE('',*,*,#1864,.F.);
#1232=ORIENTED_EDGE('',*,*,#1869,.T.);
#1233=ORIENTED_EDGE('',*,*,#1870,.T.);
#1234=ORIENTED_EDGE('',*,*,#1871,.F.);
#1235=ORIENTED_EDGE('',*,*,#1872,.F.);
#1236=ORIENTED_EDGE('',*,*,#1873,.T.);
#1237=ORIENTED_EDGE('',*,*,#1855,.T.);
#1238=ORIENTED_EDGE('',*,*,#1874,.F.);
#1239=ORIENTED_EDGE('',*,*,#1875,.F.);
#1240=ORIENTED_EDGE('',*,*,#1876,.F.);
#1241=ORIENTED_EDGE('',*,*,#1877,.T.);
#1242=ORIENTED_EDGE('',*,*,#1878,.F.);
#1243=ORIENTED_EDGE('',*,*,#1877,.F.);
#1244=ORIENTED_EDGE('',*,*,#1879,.F.);
#1245=ORIENTED_EDGE('',*,*,#1872,.T.);
#1246=ORIENTED_EDGE('',*,*,#1871,.T.);
#1247=ORIENTED_EDGE('',*,*,#1880,.T.);
#1248=ORIENTED_EDGE('',*,*,#1881,.F.);
#1249=ORIENTED_EDGE('',*,*,#1882,.T.);
#1250=ORIENTED_EDGE('',*,*,#1883,.F.);
#1251=ORIENTED_EDGE('',*,*,#1883,.T.);
#1252=ORIENTED_EDGE('',*,*,#1884,.T.);
#1253=ORIENTED_EDGE('',*,*,#1885,.F.);
#1254=ORIENTED_EDGE('',*,*,#1886,.F.);
#1255=ORIENTED_EDGE('',*,*,#1887,.F.);
#1256=ORIENTED_EDGE('',*,*,#1888,.F.);
#1257=ORIENTED_EDGE('',*,*,#1889,.F.);
#1258=ORIENTED_EDGE('',*,*,#1890,.T.);
#1259=ORIENTED_EDGE('',*,*,#1885,.T.);
#1260=ORIENTED_EDGE('',*,*,#1891,.F.);
#1261=ORIENTED_EDGE('',*,*,#1892,.T.);
#1262=ORIENTED_EDGE('',*,*,#1893,.F.);
#1263=ORIENTED_EDGE('',*,*,#1894,.F.);
#1264=ORIENTED_EDGE('',*,*,#1853,.F.);
#1265=ORIENTED_EDGE('',*,*,#1895,.T.);
#1266=ORIENTED_EDGE('',*,*,#1889,.T.);
#1267=ORIENTED_EDGE('',*,*,#1896,.F.);
#1268=ORIENTED_EDGE('',*,*,#1897,.F.);
#1269=ORIENTED_EDGE('',*,*,#1898,.T.);
#1270=ORIENTED_EDGE('',*,*,#1899,.T.);
#1271=ORIENTED_EDGE('',*,*,#1900,.F.);
#1272=ORIENTED_EDGE('',*,*,#1899,.F.);
#1273=ORIENTED_EDGE('',*,*,#1901,.T.);
#1274=ORIENTED_EDGE('',*,*,#1902,.T.);
#1275=ORIENTED_EDGE('',*,*,#1903,.T.);
#1276=ORIENTED_EDGE('',*,*,#1904,.T.);
#1277=ORIENTED_EDGE('',*,*,#1902,.F.);
#1278=ORIENTED_EDGE('',*,*,#1905,.F.);
#1279=ORIENTED_EDGE('',*,*,#1906,.T.);
#1280=ORIENTED_EDGE('',*,*,#1907,.T.);
#1281=ORIENTED_EDGE('',*,*,#1908,.T.);
#1282=ORIENTED_EDGE('',*,*,#1903,.F.);
#1283=ORIENTED_EDGE('',*,*,#1909,.F.);
#1284=ORIENTED_EDGE('',*,*,#1857,.T.);
#1285=ORIENTED_EDGE('',*,*,#1910,.T.);
#1286=ORIENTED_EDGE('',*,*,#1881,.T.);
#1287=ORIENTED_EDGE('',*,*,#1886,.T.);
#1288=ORIENTED_EDGE('',*,*,#1890,.F.);
#1289=ORIENTED_EDGE('',*,*,#1895,.F.);
#1290=ORIENTED_EDGE('',*,*,#1856,.T.);
#1291=ORIENTED_EDGE('',*,*,#1873,.F.);
#1292=ORIENTED_EDGE('',*,*,#1879,.T.);
#1293=ORIENTED_EDGE('',*,*,#1876,.T.);
#1294=ORIENTED_EDGE('',*,*,#1911,.F.);
#1295=ORIENTED_EDGE('',*,*,#1866,.F.);
#1296=ORIENTED_EDGE('',*,*,#1863,.T.);
#1297=ORIENTED_EDGE('',*,*,#1858,.F.);
#1298=ORIENTED_EDGE('',*,*,#1909,.T.);
#1299=ORIENTED_EDGE('',*,*,#1905,.T.);
#1300=ORIENTED_EDGE('',*,*,#1901,.F.);
#1301=ORIENTED_EDGE('',*,*,#1898,.F.);
#1302=ORIENTED_EDGE('',*,*,#1912,.T.);
#1303=ORIENTED_EDGE('',*,*,#1852,.T.);
#1304=ORIENTED_EDGE('',*,*,#1850,.T.);
#1305=ORIENTED_EDGE('',*,*,#1845,.F.);
#1306=ORIENTED_EDGE('',*,*,#1841,.F.);
#1307=ORIENTED_EDGE('',*,*,#1913,.T.);
#1308=ORIENTED_EDGE('',*,*,#1914,.T.);
#1309=ORIENTED_EDGE('',*,*,#1915,.F.);
#1310=ORIENTED_EDGE('',*,*,#1916,.T.);
#1311=ORIENTED_EDGE('',*,*,#1917,.F.);
#1312=ORIENTED_EDGE('',*,*,#1910,.F.);
#1313=ORIENTED_EDGE('',*,*,#1860,.T.);
#1314=ORIENTED_EDGE('',*,*,#1862,.F.);
#1315=ORIENTED_EDGE('',*,*,#1918,.T.);
#1316=ORIENTED_EDGE('',*,*,#1919,.T.);
#1317=ORIENTED_EDGE('',*,*,#1849,.T.);
#1318=ORIENTED_EDGE('',*,*,#1851,.T.);
#1319=ORIENTED_EDGE('',*,*,#1843,.F.);
#1320=ORIENTED_EDGE('',*,*,#1847,.F.);
#1321=ORIENTED_EDGE('',*,*,#1920,.T.);
#1322=ORIENTED_EDGE('',*,*,#1921,.T.);
#1323=ORIENTED_EDGE('',*,*,#1922,.F.);
#1324=ORIENTED_EDGE('',*,*,#1923,.T.);
#1325=ORIENTED_EDGE('',*,*,#1924,.F.);
#1326=ORIENTED_EDGE('',*,*,#1874,.T.);
#1327=ORIENTED_EDGE('',*,*,#1854,.F.);
#1328=ORIENTED_EDGE('',*,*,#1894,.T.);
#1329=ORIENTED_EDGE('',*,*,#1925,.T.);
#1330=ORIENTED_EDGE('',*,*,#1926,.T.);
#1331=ORIENTED_EDGE('',*,*,#1888,.T.);
#1332=ORIENTED_EDGE('',*,*,#1927,.T.);
#1333=ORIENTED_EDGE('',*,*,#1896,.T.);
#1334=ORIENTED_EDGE('',*,*,#1922,.T.);
#1335=ORIENTED_EDGE('',*,*,#1928,.T.);
#1336=ORIENTED_EDGE('',*,*,#1913,.F.);
#1337=ORIENTED_EDGE('',*,*,#1929,.T.);
#1338=ORIENTED_EDGE('',*,*,#1915,.T.);
#1339=ORIENTED_EDGE('',*,*,#1930,.T.);
#1340=ORIENTED_EDGE('',*,*,#1920,.F.);
#1341=ORIENTED_EDGE('',*,*,#1931,.T.);
#1342=ORIENTED_EDGE('',*,*,#1861,.T.);
#1343=ORIENTED_EDGE('',*,*,#1932,.T.);
#1344=ORIENTED_EDGE('',*,*,#1869,.F.);
#1345=ORIENTED_EDGE('',*,*,#1924,.T.);
#1346=ORIENTED_EDGE('',*,*,#1933,.T.);
#1347=ORIENTED_EDGE('',*,*,#1918,.F.);
#1348=ORIENTED_EDGE('',*,*,#1917,.T.);
#1349=ORIENTED_EDGE('',*,*,#1934,.T.);
#1350=ORIENTED_EDGE('',*,*,#1925,.F.);
#1351=ORIENTED_EDGE('',*,*,#1893,.T.);
#1352=ORIENTED_EDGE('',*,*,#1935,.T.);
#1353=ORIENTED_EDGE('',*,*,#1906,.F.);
#1354=ORIENTED_EDGE('',*,*,#1908,.F.);
#1355=ORIENTED_EDGE('',*,*,#1936,.T.);
#1356=ORIENTED_EDGE('',*,*,#1891,.T.);
#1357=ORIENTED_EDGE('',*,*,#1927,.F.);
#1358=ORIENTED_EDGE('',*,*,#1887,.T.);
#1359=ORIENTED_EDGE('',*,*,#1884,.F.);
#1360=ORIENTED_EDGE('',*,*,#1882,.F.);
#1361=ORIENTED_EDGE('',*,*,#1912,.F.);
#1362=ORIENTED_EDGE('',*,*,#1897,.T.);
#1363=ORIENTED_EDGE('',*,*,#1900,.T.);
#1364=ORIENTED_EDGE('',*,*,#1904,.F.);
#1365=ORIENTED_EDGE('',*,*,#1878,.T.);
#1366=ORIENTED_EDGE('',*,*,#1937,.T.);
#1367=ORIENTED_EDGE('',*,*,#1867,.F.);
#1368=ORIENTED_EDGE('',*,*,#1911,.T.);
#1369=ORIENTED_EDGE('',*,*,#1875,.T.);
#1370=ORIENTED_EDGE('',*,*,#1868,.F.);
#1371=ORIENTED_EDGE('',*,*,#1937,.F.);
#1372=ORIENTED_EDGE('',*,*,#1880,.F.);
#1373=ORIENTED_EDGE('',*,*,#1870,.F.);
#1374=ORIENTED_EDGE('',*,*,#1932,.F.);
#1375=ORIENTED_EDGE('',*,*,#1865,.F.);
#1376=ORIENTED_EDGE('',*,*,#1914,.F.);
#1377=ORIENTED_EDGE('',*,*,#1928,.F.);
#1378=ORIENTED_EDGE('',*,*,#1921,.F.);
#1379=ORIENTED_EDGE('',*,*,#1930,.F.);
#1380=ORIENTED_EDGE('',*,*,#1916,.F.);
#1381=ORIENTED_EDGE('',*,*,#1931,.F.);
#1382=ORIENTED_EDGE('',*,*,#1926,.F.);
#1383=ORIENTED_EDGE('',*,*,#1934,.F.);
#1384=ORIENTED_EDGE('',*,*,#1907,.F.);
#1385=ORIENTED_EDGE('',*,*,#1935,.F.);
#1386=ORIENTED_EDGE('',*,*,#1892,.F.);
#1387=ORIENTED_EDGE('',*,*,#1936,.F.);
#1388=ORIENTED_EDGE('',*,*,#1919,.F.);
#1389=ORIENTED_EDGE('',*,*,#1933,.F.);
#1390=ORIENTED_EDGE('',*,*,#1923,.F.);
#1391=ORIENTED_EDGE('',*,*,#1929,.F.);
#1392=EDGE_CURVE('',#1938,#1939,#2303,.T.);
#1393=EDGE_CURVE('',#1940,#1938,#2304,.T.);
#1394=EDGE_CURVE('',#1941,#1940,#2305,.T.);
#1395=EDGE_CURVE('',#1942,#1941,#2306,.T.);
#1396=EDGE_CURVE('',#1943,#1942,#2307,.T.);
#1397=EDGE_CURVE('',#1944,#1943,#2308,.T.);
#1398=EDGE_CURVE('',#1945,#1944,#2309,.T.);
#1399=EDGE_CURVE('',#1946,#1945,#2310,.T.);
#1400=EDGE_CURVE('',#1947,#1946,#2311,.T.);
#1401=EDGE_CURVE('',#1939,#1947,#2312,.T.);
#1402=EDGE_CURVE('',#1948,#1949,#2313,.T.);
#1403=EDGE_CURVE('',#1949,#1950,#2314,.T.);
#1404=EDGE_CURVE('',#1951,#1950,#122,.T.);
#1405=EDGE_CURVE('',#1952,#1951,#123,.T.);
#1406=EDGE_CURVE('',#1952,#1953,#124,.T.);
#1407=EDGE_CURVE('',#1953,#1954,#2315,.T.);
#1408=EDGE_CURVE('',#1955,#1954,#125,.T.);
#1409=EDGE_CURVE('',#1955,#1956,#2316,.T.);
#1410=EDGE_CURVE('',#1956,#1957,#2317,.T.);
#1411=EDGE_CURVE('',#1958,#1957,#126,.T.);
#1412=EDGE_CURVE('',#1959,#1958,#127,.T.);
#1413=EDGE_CURVE('',#1960,#1959,#128,.T.);
#1414=EDGE_CURVE('',#1961,#1960,#2318,.T.);
#1415=EDGE_CURVE('',#1962,#1961,#2319,.T.);
#1416=EDGE_CURVE('',#1962,#1963,#2320,.T.);
#1417=EDGE_CURVE('',#1964,#1963,#2321,.T.);
#1418=EDGE_CURVE('',#1965,#1964,#129,.T.);
#1419=EDGE_CURVE('',#1966,#1965,#130,.T.);
#1420=EDGE_CURVE('',#1967,#1966,#131,.T.);
#1421=EDGE_CURVE('',#1968,#1967,#132,.T.);
#1422=EDGE_CURVE('',#1968,#1969,#2322,.T.);
#1423=EDGE_CURVE('',#1969,#1970,#2323,.T.);
#1424=EDGE_CURVE('',#1970,#1971,#2324,.T.);
#1425=EDGE_CURVE('',#1972,#1971,#133,.T.);
#1426=EDGE_CURVE('',#1973,#1972,#2325,.T.);
#1427=EDGE_CURVE('',#1974,#1973,#134,.T.);
#1428=EDGE_CURVE('',#1975,#1974,#135,.T.);
#1429=EDGE_CURVE('',#1948,#1975,#2326,.T.);
#1430=EDGE_CURVE('',#1976,#1950,#2327,.T.);
#1431=EDGE_CURVE('',#1977,#1976,#136,.T.);
#1432=EDGE_CURVE('',#1978,#1977,#137,.T.);
#1433=EDGE_CURVE('',#1978,#1979,#2328,.T.);
#1434=EDGE_CURVE('',#1979,#1951,#2329,.T.);
#1435=EDGE_CURVE('',#1980,#1976,#2330,.T.);
#1436=EDGE_CURVE('',#1977,#1980,#2331,.T.);
#1437=EDGE_CURVE('',#1981,#1982,#2332,.T.);
#1438=EDGE_CURVE('',#1982,#1983,#2333,.T.);
#1439=EDGE_CURVE('',#1984,#1983,#138,.T.);
#1440=EDGE_CURVE('',#1984,#1985,#139,.T.);
#1441=EDGE_CURVE('',#1986,#1985,#2334,.T.);
#1442=EDGE_CURVE('',#1987,#1986,#2335,.F.);
#1443=EDGE_CURVE('',#1987,#1988,#140,.T.);
#1444=EDGE_CURVE('',#1989,#1988,#2336,.F.);
#1445=EDGE_CURVE('',#1989,#1990,#141,.T.);
#1446=EDGE_CURVE('',#1991,#1990,#142,.T.);
#1447=EDGE_CURVE('',#1992,#1991,#2337,.T.);
#1448=EDGE_CURVE('',#1993,#1992,#2338,.T.);
#1449=EDGE_CURVE('',#1993,#1994,#2339,.T.);
#1450=EDGE_CURVE('',#1995,#1994,#143,.T.);
#1451=EDGE_CURVE('',#1996,#1995,#144,.T.);
#1452=EDGE_CURVE('',#1997,#1996,#145,.T.);
#1453=EDGE_CURVE('',#1998,#1997,#146,.T.);
#1454=EDGE_CURVE('',#1998,#1999,#2340,.F.);
#1455=EDGE_CURVE('',#2000,#1999,#2341,.T.);
#1456=EDGE_CURVE('',#2001,#2000,#2342,.T.);
#1457=EDGE_CURVE('',#2002,#2001,#2343,.T.);
#1458=EDGE_CURVE('',#2003,#2002,#2344,.T.);
#1459=EDGE_CURVE('',#2004,#2003,#2345,.T.);
#1460=EDGE_CURVE('',#2004,#2005,#2346,.T.);
#1461=EDGE_CURVE('',#2006,#2005,#2347,.T.);
#1462=EDGE_CURVE('',#2007,#2006,#2348,.T.);
#1463=EDGE_CURVE('',#2008,#2007,#2349,.T.);
#1464=EDGE_CURVE('',#2009,#2008,#2350,.T.);
#1465=EDGE_CURVE('',#2009,#2010,#2351,.F.);
#1466=EDGE_CURVE('',#2011,#2010,#147,.T.);
#1467=EDGE_CURVE('',#2012,#2011,#148,.T.);
#1468=EDGE_CURVE('',#2013,#2012,#149,.T.);
#1469=EDGE_CURVE('',#2014,#2013,#150,.T.);
#1470=EDGE_CURVE('',#2015,#2014,#2352,.T.);
#1471=EDGE_CURVE('',#1981,#2015,#2353,.T.);
#1472=EDGE_CURVE('',#2005,#2016,#2354,.T.);
#1473=EDGE_CURVE('',#2017,#2004,#2355,.T.);
#1474=EDGE_CURVE('',#2016,#2017,#2356,.T.);
#1475=EDGE_CURVE('',#2018,#2011,#151,.F.);
#1476=EDGE_CURVE('',#2010,#2019,#152,.T.);
#1477=EDGE_CURVE('',#2020,#2019,#153,.T.);
#1478=EDGE_CURVE('',#2020,#2021,#2357,.F.);
#1479=EDGE_CURVE('',#2022,#2021,#154,.T.);
#1480=EDGE_CURVE('',#2022,#2018,#155,.T.);
#1481=EDGE_CURVE('',#2023,#1998,#156,.T.);
#1482=EDGE_CURVE('',#2024,#1997,#157,.T.);
#1483=EDGE_CURVE('',#2023,#2024,#158,.T.);
#1484=EDGE_CURVE('',#2025,#2009,#159,.T.);
#1485=EDGE_CURVE('',#2026,#2025,#160,.T.);
#1486=EDGE_CURVE('',#2027,#2026,#2358,.T.);
#1487=EDGE_CURVE('',#2027,#2028,#161,.T.);
#1488=EDGE_CURVE('',#2028,#2029,#162,.T.);
#1489=EDGE_CURVE('',#2030,#2029,#2359,.T.);
#1490=EDGE_CURVE('',#2031,#2030,#163,.T.);
#1491=EDGE_CURVE('',#2032,#2031,#164,.T.);
#1492=EDGE_CURVE('',#2033,#2032,#165,.T.);
#1493=EDGE_CURVE('',#2018,#2033,#166,.T.);
#1494=EDGE_CURVE('',#2022,#2034,#2360,.T.);
#1495=EDGE_CURVE('',#2035,#2034,#167,.T.);
#1496=EDGE_CURVE('',#2035,#2019,#2361,.F.);
#1497=EDGE_CURVE('',#2023,#2036,#2362,.F.);
#1498=EDGE_CURVE('',#2036,#2037,#168,.T.);
#1499=EDGE_CURVE('',#2037,#2038,#2363,.T.);
#1500=EDGE_CURVE('',#2039,#2038,#169,.T.);
#1501=EDGE_CURVE('',#2040,#2039,#170,.T.);
#1502=EDGE_CURVE('',#2041,#2040,#171,.T.);
#1503=EDGE_CURVE('',#2042,#2041,#172,.T.);
#1504=EDGE_CURVE('',#2043,#2042,#2364,.T.);
#1505=EDGE_CURVE('',#2044,#2043,#173,.T.);
#1506=EDGE_CURVE('',#2045,#2044,#174,.T.);
#1507=EDGE_CURVE('',#2046,#2045,#2365,.T.);
#1508=EDGE_CURVE('',#2046,#2047,#175,.T.);
#1509=EDGE_CURVE('',#1999,#2047,#176,.T.);
#1510=EDGE_CURVE('',#2048,#1996,#177,.T.);
#1511=EDGE_CURVE('',#2024,#2048,#178,.T.);
#1512=EDGE_CURVE('',#1938,#2049,#179,.T.);
#1513=EDGE_CURVE('',#1939,#2050,#180,.T.);
#1514=EDGE_CURVE('',#2050,#2051,#2366,.F.);
#1515=EDGE_CURVE('',#2051,#2052,#181,.T.);
#1516=EDGE_CURVE('',#2053,#2052,#182,.T.);
#1517=EDGE_CURVE('',#2053,#2054,#2367,.T.);
#1518=EDGE_CURVE('',#2054,#2055,#183,.T.);
#1519=EDGE_CURVE('',#2055,#2056,#184,.T.);
#1520=EDGE_CURVE('',#2056,#2057,#2368,.T.);
#1521=EDGE_CURVE('',#2058,#2057,#185,.T.);
#1522=EDGE_CURVE('',#2059,#2058,#186,.T.);
#1523=EDGE_CURVE('',#2059,#2060,#2369,.T.);
#1524=EDGE_CURVE('',#2060,#2061,#187,.T.);
#1525=EDGE_CURVE('',#2061,#2062,#188,.T.);
#1526=EDGE_CURVE('',#2062,#2049,#2370,.F.);
#1527=EDGE_CURVE('',#2047,#2003,#2371,.T.);
#1528=EDGE_CURVE('',#2002,#2063,#2372,.T.);
#1529=EDGE_CURVE('',#2063,#2000,#2373,.T.);
#1530=EDGE_CURVE('',#2064,#1990,#189,.F.);
#1531=EDGE_CURVE('',#2065,#1989,#2374,.T.);
#1532=EDGE_CURVE('',#2066,#2065,#190,.T.);
#1533=EDGE_CURVE('',#2066,#2064,#191,.T.);
#1534=EDGE_CURVE('',#2067,#1984,#192,.F.);
#1535=EDGE_CURVE('',#1983,#2068,#193,.T.);
#1536=EDGE_CURVE('',#2069,#2068,#194,.T.);
#1537=EDGE_CURVE('',#2067,#2069,#195,.T.);
#1538=EDGE_CURVE('',#2041,#1995,#196,.F.);
#1539=EDGE_CURVE('',#1994,#2070,#197,.T.);
#1540=EDGE_CURVE('',#2070,#2071,#198,.T.);
#1541=EDGE_CURVE('',#2042,#2071,#199,.T.);
#1542=EDGE_CURVE('',#2064,#2072,#200,.T.);
#1543=EDGE_CURVE('',#2072,#1991,#201,.T.);
#1544=EDGE_CURVE('',#2046,#2017,#2375,.T.);
#1545=EDGE_CURVE('',#2031,#2014,#2376,.F.);
#1546=EDGE_CURVE('',#2032,#2013,#202,.T.);
#1547=EDGE_CURVE('',#2033,#2012,#203,.T.);
#1548=EDGE_CURVE('',#2040,#2073,#204,.F.);
#1549=EDGE_CURVE('',#2074,#2073,#205,.T.);
#1550=EDGE_CURVE('',#2075,#2074,#2377,.F.);
#1551=EDGE_CURVE('',#2048,#2075,#206,.T.);
#1552=EDGE_CURVE('',#2025,#2008,#2378,.T.);
#1553=EDGE_CURVE('',#2076,#2067,#207,.T.);
#1554=EDGE_CURVE('',#2076,#1985,#2379,.T.);
#1555=EDGE_CURVE('',#2077,#2078,#2380,.T.);
#1556=EDGE_CURVE('',#2077,#2015,#2381,.T.);
#1557=EDGE_CURVE('',#2079,#2030,#2382,.T.);
#1558=EDGE_CURVE('',#2079,#2078,#2383,.T.);
#1559=EDGE_CURVE('',#2080,#2007,#2384,.T.);
#1560=EDGE_CURVE('',#2026,#2080,#2385,.T.);
#1561=EDGE_CURVE('',#2081,#2006,#2386,.T.);
#1562=EDGE_CURVE('',#2080,#2081,#2387,.T.);
#1563=EDGE_CURVE('',#2016,#2081,#2388,.T.);
#1564=EDGE_CURVE('',#1980,#2072,#2389,.T.);
#1565=EDGE_CURVE('',#2082,#2066,#2390,.T.);
#1566=EDGE_CURVE('',#2082,#2083,#2391,.T.);
#1567=EDGE_CURVE('',#2083,#2084,#2392,.T.);
#1568=EDGE_CURVE('',#2084,#2085,#2393,.F.);
#1569=EDGE_CURVE('',#2085,#1978,#208,.T.);
#1570=EDGE_CURVE('',#2070,#2086,#2394,.T.);
#1571=EDGE_CURVE('',#2087,#2086,#209,.T.);
#1572=EDGE_CURVE('',#2088,#2087,#210,.T.);
#1573=EDGE_CURVE('',#2088,#2089,#2395,.T.);
#1574=EDGE_CURVE('',#2089,#2090,#2396,.T.);
#1575=EDGE_CURVE('',#2090,#2091,#2397,.F.);
#1576=EDGE_CURVE('',#2071,#2091,#2398,.T.);
#1577=EDGE_CURVE('',#2092,#2093,#2399,.T.);
#1578=EDGE_CURVE('',#2092,#2094,#2400,.T.);
#1579=EDGE_CURVE('',#2094,#2095,#211,.T.);
#1580=EDGE_CURVE('',#2095,#2096,#2401,.T.);
#1581=EDGE_CURVE('',#2096,#2097,#2402,.T.);
#1582=EDGE_CURVE('',#2098,#2097,#2403,.T.);
#1583=EDGE_CURVE('',#2098,#2099,#2404,.F.);
#1584=EDGE_CURVE('',#2100,#2099,#2405,.T.);
#1585=EDGE_CURVE('',#2101,#2100,#2406,.T.);
#1586=EDGE_CURVE('',#2101,#2102,#212,.T.);
#1587=EDGE_CURVE('',#2102,#2093,#213,.T.);
#1588=EDGE_CURVE('',#2103,#2068,#2407,.T.);
#1589=EDGE_CURVE('',#2104,#2103,#214,.T.);
#1590=EDGE_CURVE('',#2105,#2104,#215,.T.);
#1591=EDGE_CURVE('',#2105,#2106,#2408,.T.);
#1592=EDGE_CURVE('',#2107,#2106,#2409,.T.);
#1593=EDGE_CURVE('',#2107,#2108,#2410,.F.);
#1594=EDGE_CURVE('',#2108,#2069,#2411,.T.);
#1595=EDGE_CURVE('',#2077,#2109,#2412,.T.);
#1596=EDGE_CURVE('',#2078,#2110,#216,.T.);
#1597=EDGE_CURVE('',#2110,#2109,#2413,.F.);
#1598=EDGE_CURVE('',#2001,#2063,#2414,.T.);
#1599=EDGE_CURVE('',#2092,#2109,#42,.F.);
#1600=EDGE_CURVE('',#2094,#2110,#217,.T.);
#1601=EDGE_CURVE('',#2111,#2112,#218,.T.);
#1602=EDGE_CURVE('',#2111,#1966,#2415,.T.);
#1603=EDGE_CURVE('',#2112,#1965,#2416,.T.);
#1604=EDGE_CURVE('',#2113,#2114,#2417,.T.);
#1605=EDGE_CURVE('',#2113,#1973,#2418,.T.);
#1606=EDGE_CURVE('',#2114,#1972,#2419,.T.);
#1607=EDGE_CURVE('',#2112,#2115,#219,.T.);
#1608=EDGE_CURVE('',#2115,#1964,#2420,.T.);
#1609=EDGE_CURVE('',#2116,#2111,#220,.T.);
#1610=EDGE_CURVE('',#2116,#1967,#2421,.T.);
#1611=EDGE_CURVE('',#2114,#2116,#221,.T.);
#1612=EDGE_CURVE('',#2117,#1971,#2422,.T.);
#1613=EDGE_CURVE('',#2118,#2117,#2423,.T.);
#1614=EDGE_CURVE('',#2118,#1968,#2424,.T.);
#1615=EDGE_CURVE('',#2119,#2113,#222,.T.);
#1616=EDGE_CURVE('',#2119,#1974,#2425,.T.);
#1617=EDGE_CURVE('',#2103,#2120,#223,.T.);
#1618=EDGE_CURVE('',#1960,#2120,#2426,.F.);
#1619=EDGE_CURVE('',#2121,#1959,#2427,.T.);
#1620=EDGE_CURVE('',#2104,#2121,#2428,.T.);
#1621=EDGE_CURVE('',#1963,#2122,#2429,.T.);
#1622=EDGE_CURVE('',#2115,#2122,#2430,.T.);
#1623=EDGE_CURVE('',#2085,#2123,#224,.T.);
#1624=EDGE_CURVE('',#2124,#2123,#225,.T.);
#1625=EDGE_CURVE('',#2124,#2125,#2431,.T.);
#1626=EDGE_CURVE('',#2125,#2126,#226,.T.);
#1627=EDGE_CURVE('',#2126,#1952,#2432,.T.);
#1628=EDGE_CURVE('',#2127,#2128,#2433,.T.);
#1629=EDGE_CURVE('',#2128,#1954,#2434,.T.);
#1630=EDGE_CURVE('',#2125,#1953,#2435,.T.);
#1631=EDGE_CURVE('',#2123,#2129,#43,.F.);
#1632=EDGE_CURVE('',#2129,#2130,#2436,.T.);
#1633=EDGE_CURVE('',#2127,#2130,#2437,.T.);
#1634=EDGE_CURVE('',#2131,#2119,#227,.T.);
#1635=EDGE_CURVE('',#2131,#1975,#2438,.T.);
#1636=EDGE_CURVE('',#2059,#2132,#2439,.T.);
#1637=EDGE_CURVE('',#2132,#2107,#14,.T.);
#1638=EDGE_CURVE('',#2106,#2133,#2440,.T.);
#1639=EDGE_CURVE('',#2133,#2134,#2441,.T.);
#1640=EDGE_CURVE('',#2134,#2135,#2442,.T.);
#1641=EDGE_CURVE('',#2135,#2136,#15,.T.);
#1642=EDGE_CURVE('',#2136,#2137,#2443,.T.);
#1643=EDGE_CURVE('',#2137,#2138,#2444,.T.);
#1644=EDGE_CURVE('',#2127,#2138,#228,.T.);
#1645=EDGE_CURVE('',#2139,#2130,#2445,.T.);
#1646=EDGE_CURVE('',#2139,#2084,#16,.T.);
#1647=EDGE_CURVE('',#2083,#2140,#17,.T.);
#1648=EDGE_CURVE('',#2054,#2140,#2446,.T.);
#1649=EDGE_CURVE('',#2053,#2141,#2447,.T.);
#1650=EDGE_CURVE('',#2142,#2141,#2448,.T.);
#1651=EDGE_CURVE('',#2142,#2143,#2449,.T.);
#1652=EDGE_CURVE('',#2144,#2143,#2450,.T.);
#1653=EDGE_CURVE('',#2060,#2144,#2451,.T.);
#1654=EDGE_CURVE('',#2145,#2056,#2452,.T.);
#1655=EDGE_CURVE('',#2145,#2090,#18,.F.);
#1656=EDGE_CURVE('',#2089,#2146,#19,.F.);
#1657=EDGE_CURVE('',#2147,#2146,#2453,.T.);
#1658=EDGE_CURVE('',#2147,#2148,#20,.T.);
#1659=EDGE_CURVE('',#2149,#2148,#2454,.T.);
#1660=EDGE_CURVE('',#2149,#2150,#21,.T.);
#1661=EDGE_CURVE('',#2150,#2151,#2455,.T.);
#1662=EDGE_CURVE('',#2151,#2152,#22,.T.);
#1663=EDGE_CURVE('',#2152,#2153,#2456,.T.);
#1664=EDGE_CURVE('',#2153,#2098,#23,.F.);
#1665=EDGE_CURVE('',#2097,#2154,#24,.F.);
#1666=EDGE_CURVE('',#2154,#2057,#2457,.T.);
#1667=EDGE_CURVE('',#2108,#2155,#25,.F.);
#1668=EDGE_CURVE('',#2027,#2155,#2458,.T.);
#1669=EDGE_CURVE('',#2045,#2156,#2459,.T.);
#1670=EDGE_CURVE('',#2156,#2082,#26,.F.);
#1671=EDGE_CURVE('',#2157,#2065,#2460,.T.);
#1672=EDGE_CURVE('',#2157,#2158,#229,.T.);
#1673=EDGE_CURVE('',#2159,#2158,#2461,.T.);
#1674=EDGE_CURVE('',#2076,#2159,#2462,.T.);
#1675=EDGE_CURVE('',#2091,#2160,#27,.T.);
#1676=EDGE_CURVE('',#2160,#2043,#2463,.T.);
#1677=EDGE_CURVE('',#2161,#2029,#2464,.T.);
#1678=EDGE_CURVE('',#2161,#2096,#28,.T.);
#1679=EDGE_CURVE('',#2095,#2079,#230,.T.);
#1680=EDGE_CURVE('',#2052,#1946,#2465,.T.);
#1681=EDGE_CURVE('',#2141,#1945,#2466,.T.);
#1682=EDGE_CURVE('',#2061,#1941,#2467,.T.);
#1683=EDGE_CURVE('',#2162,#1940,#2468,.T.);
#1684=EDGE_CURVE('',#2062,#2162,#2469,.T.);
#1685=EDGE_CURVE('',#2163,#2051,#2470,.T.);
#1686=EDGE_CURVE('',#2163,#1947,#2471,.T.);
#1687=EDGE_CURVE('',#2138,#2164,#2472,.T.);
#1688=EDGE_CURVE('',#2164,#2128,#231,.T.);
#1689=EDGE_CURVE('',#2133,#1956,#2473,.T.);
#1690=EDGE_CURVE('',#2164,#1955,#2474,.T.);
#1691=EDGE_CURVE('',#2165,#2137,#2475,.T.);
#1692=EDGE_CURVE('',#2165,#2166,#44,.F.);
#1693=EDGE_CURVE('',#2134,#2166,#2476,.T.);
#1694=EDGE_CURVE('',#2105,#2167,#2477,.T.);
#1695=EDGE_CURVE('',#2167,#1957,#2478,.T.);
#1696=EDGE_CURVE('',#2168,#1958,#2479,.T.);
#1697=EDGE_CURVE('',#2168,#2167,#232,.T.);
#1698=EDGE_CURVE('',#2144,#1942,#2480,.T.);
#1699=EDGE_CURVE('',#2143,#1943,#2481,.T.);
#1700=EDGE_CURVE('',#1944,#2142,#2482,.T.);
#1701=EDGE_CURVE('',#2169,#2038,#233,.T.);
#1702=EDGE_CURVE('',#2039,#2169,#234,.T.);
#1703=EDGE_CURVE('',#2073,#2169,#235,.T.);
#1704=EDGE_CURVE('',#2157,#1988,#236,.T.);
#1705=EDGE_CURVE('',#2158,#1987,#237,.F.);
#1706=EDGE_CURVE('',#2159,#1986,#2483,.T.);
#1707=EDGE_CURVE('',#2140,#2156,#2484,.F.);
#1708=EDGE_CURVE('',#2044,#2055,#2485,.T.);
#1709=EDGE_CURVE('',#2160,#2145,#2486,.T.);
#1710=EDGE_CURVE('',#2129,#2139,#2487,.T.);
#1711=EDGE_CURVE('',#2154,#2161,#2488,.F.);
#1712=EDGE_CURVE('',#2028,#2058,#2489,.T.);
#1713=EDGE_CURVE('',#2155,#2132,#2490,.T.);
#1714=EDGE_CURVE('',#2166,#2135,#2491,.T.);
#1715=EDGE_CURVE('',#2136,#2165,#2492,.F.);
#1716=EDGE_CURVE('',#2170,#2088,#238,.T.);
#1717=EDGE_CURVE('',#2146,#2170,#2493,.F.);
#1718=EDGE_CURVE('',#2075,#2036,#2494,.T.);
#1719=EDGE_CURVE('',#2037,#2074,#2495,.T.);
#1720=EDGE_CURVE('',#2034,#2021,#2496,.T.);
#1721=EDGE_CURVE('',#2020,#2035,#2497,.T.);
#1722=EDGE_CURVE('',#2171,#2172,#239,.T.);
#1723=EDGE_CURVE('',#2173,#2171,#240,.T.);
#1724=EDGE_CURVE('',#2173,#2174,#241,.T.);
#1725=EDGE_CURVE('',#2174,#2172,#242,.T.);
#1726=EDGE_CURVE('',#2175,#2171,#2498,.T.);
#1727=EDGE_CURVE('',#2176,#2175,#243,.F.);
#1728=EDGE_CURVE('',#2176,#2173,#2499,.T.);
#1729=EDGE_CURVE('',#2086,#2177,#244,.T.);
#1730=EDGE_CURVE('',#1994,#2131,#2500,.T.);
#1731=EDGE_CURVE('',#2015,#2122,#2501,.T.);
#1732=EDGE_CURVE('',#2178,#2093,#245,.T.);
#1733=EDGE_CURVE('',#2179,#2178,#2502,.T.);
#1734=EDGE_CURVE('',#2180,#2179,#246,.T.);
#1735=EDGE_CURVE('',#2181,#2180,#247,.T.);
#1736=EDGE_CURVE('',#2174,#2181,#248,.T.);
#1737=EDGE_CURVE('',#2177,#2176,#249,.T.);
#1738=EDGE_CURVE('',#2182,#2170,#250,.T.);
#1739=EDGE_CURVE('',#2087,#2183,#251,.T.);
#1740=EDGE_CURVE('',#2182,#2183,#252,.T.);
#1741=EDGE_CURVE('',#2099,#2184,#45,.F.);
#1742=EDGE_CURVE('',#2184,#2185,#2503,.T.);
#1743=EDGE_CURVE('',#2185,#2186,#2504,.T.);
#1744=EDGE_CURVE('',#2100,#2186,#2505,.T.);
#1745=EDGE_CURVE('',#2177,#2187,#253,.T.);
#1746=EDGE_CURVE('',#2187,#2188,#254,.T.);
#1747=EDGE_CURVE('',#2183,#2188,#255,.T.);
#1748=EDGE_CURVE('',#2189,#2190,#2506,.T.);
#1749=EDGE_CURVE('',#2189,#2191,#2507,.T.);
#1750=EDGE_CURVE('',#2191,#2192,#2508,.T.);
#1751=EDGE_CURVE('',#2190,#2192,#2509,.T.);
#1752=EDGE_CURVE('',#2190,#2193,#2510,.T.);
#1753=EDGE_CURVE('',#2192,#2194,#2511,.T.);
#1754=EDGE_CURVE('',#2193,#2194,#2512,.T.);
#1755=EDGE_CURVE('',#2193,#2195,#2513,.T.);
#1756=EDGE_CURVE('',#2194,#2196,#2514,.T.);
#1757=EDGE_CURVE('',#2195,#2196,#2515,.T.);
#1758=EDGE_CURVE('',#2197,#2185,#2516,.T.);
#1759=EDGE_CURVE('',#2197,#2198,#29,.F.);
#1760=EDGE_CURVE('',#2199,#2198,#2517,.T.);
#1761=EDGE_CURVE('',#2199,#2200,#30,.F.);
#1762=EDGE_CURVE('',#2200,#2201,#2518,.T.);
#1763=EDGE_CURVE('',#2201,#2202,#31,.F.);
#1764=EDGE_CURVE('',#2202,#2182,#2519,.T.);
#1765=EDGE_CURVE('',#2188,#2203,#2520,.T.);
#1766=EDGE_CURVE('',#2203,#2204,#2521,.T.);
#1767=EDGE_CURVE('',#2204,#2205,#256,.T.);
#1768=EDGE_CURVE('',#2205,#2206,#257,.T.);
#1769=EDGE_CURVE('',#2186,#2206,#2522,.T.);
#1770=EDGE_CURVE('',#2189,#2195,#2523,.T.);
#1771=EDGE_CURVE('',#2191,#2196,#2524,.T.);
#1772=EDGE_CURVE('',#2207,#2208,#2525,.T.);
#1773=EDGE_CURVE('',#2207,#2209,#2526,.T.);
#1774=EDGE_CURVE('',#2209,#2210,#2527,.T.);
#1775=EDGE_CURVE('',#2208,#2210,#2528,.T.);
#1776=EDGE_CURVE('',#2211,#2212,#258,.T.);
#1777=EDGE_CURVE('',#2180,#2212,#259,.F.);
#1778=EDGE_CURVE('',#2179,#2211,#2529,.T.);
#1779=EDGE_CURVE('',#2212,#2213,#260,.T.);
#1780=EDGE_CURVE('',#2181,#2213,#261,.F.);
#1781=EDGE_CURVE('',#2172,#2214,#262,.T.);
#1782=EDGE_CURVE('',#2213,#2215,#263,.T.);
#1783=EDGE_CURVE('',#2216,#2215,#264,.F.);
#1784=EDGE_CURVE('',#2217,#2216,#265,.T.);
#1785=EDGE_CURVE('',#2217,#2214,#2530,.F.);
#1786=EDGE_CURVE('',#2216,#2218,#266,.T.);
#1787=EDGE_CURVE('',#2215,#2219,#267,.T.);
#1788=EDGE_CURVE('',#2218,#2219,#268,.T.);
#1789=EDGE_CURVE('',#2218,#2220,#2531,.T.);
#1790=EDGE_CURVE('',#2219,#2221,#269,.T.);
#1791=EDGE_CURVE('',#2220,#2221,#270,.F.);
#1792=EDGE_CURVE('',#2222,#2175,#271,.T.);
#1793=EDGE_CURVE('',#2223,#2222,#2532,.F.);
#1794=EDGE_CURVE('',#2220,#2223,#272,.T.);
#1795=EDGE_CURVE('',#2221,#2187,#273,.T.);
#1796=EDGE_CURVE('',#2101,#2206,#2533,.T.);
#1797=EDGE_CURVE('',#2102,#2205,#274,.F.);
#1798=EDGE_CURVE('',#2178,#2204,#2534,.T.);
#1799=EDGE_CURVE('',#2203,#2211,#275,.T.);
#1800=EDGE_CURVE('',#2208,#2224,#2535,.T.);
#1801=EDGE_CURVE('',#2225,#2224,#2536,.T.);
#1802=EDGE_CURVE('',#2207,#2225,#2537,.T.);
#1803=EDGE_CURVE('',#2224,#2226,#2538,.T.);
#1804=EDGE_CURVE('',#2227,#2226,#2539,.T.);
#1805=EDGE_CURVE('',#2225,#2227,#2540,.T.);
#1806=EDGE_CURVE('',#2226,#2210,#2541,.T.);
#1807=EDGE_CURVE('',#2227,#2209,#2542,.T.);
#1808=EDGE_CURVE('',#2184,#2153,#2543,.T.);
#1809=EDGE_CURVE('',#2152,#2197,#2544,.F.);
#1810=EDGE_CURVE('',#2202,#2147,#2545,.T.);
#1811=EDGE_CURVE('',#2148,#2201,#2546,.F.);
#1812=EDGE_CURVE('',#2200,#2149,#2547,.T.);
#1813=EDGE_CURVE('',#2198,#2151,#2548,.T.);
#1814=EDGE_CURVE('',#2150,#2199,#2549,.F.);
#1815=EDGE_CURVE('',#2217,#2228,#2550,.T.);
#1816=EDGE_CURVE('',#2223,#2228,#2551,.T.);
#1817=EDGE_CURVE('',#2222,#2229,#2552,.T.);
#1818=EDGE_CURVE('',#2228,#2229,#2553,.T.);
#1819=EDGE_CURVE('',#2230,#2230,#32,.T.);
#1820=EDGE_CURVE('',#2231,#2231,#33,.T.);
#1821=EDGE_CURVE('',#2229,#2214,#2554,.T.);
#1822=EDGE_CURVE('',#2232,#2232,#34,.T.);
#1823=EDGE_CURVE('',#2233,#2233,#35,.T.);
#1824=EDGE_CURVE('',#2234,#1969,#2555,.T.);
#1825=EDGE_CURVE('',#2234,#2235,#2556,.T.);
#1826=EDGE_CURVE('',#2235,#1970,#2557,.T.);
#1827=EDGE_CURVE('',#2118,#2234,#2558,.T.);
#1828=EDGE_CURVE('',#2235,#2117,#2559,.T.);
#1829=EDGE_CURVE('',#2050,#2236,#2560,.T.);
#1830=EDGE_CURVE('',#2236,#2163,#2561,.T.);
#1831=EDGE_CURVE('',#2236,#1939,#2562,.T.);
#1832=EDGE_CURVE('',#2162,#2237,#2563,.T.);
#1833=EDGE_CURVE('',#2049,#2237,#2564,.T.);
#1834=EDGE_CURVE('',#2237,#1938,#2565,.T.);
#1835=EDGE_CURVE('',#1983,#2120,#2566,.T.);
#1836=EDGE_CURVE('',#1981,#1962,#2567,.T.);
#1837=EDGE_CURVE('',#1982,#1961,#2568,.T.);
#1838=EDGE_CURVE('',#1991,#1980,#2569,.T.);
#1839=EDGE_CURVE('',#1993,#1948,#2570,.T.);
#1840=EDGE_CURVE('',#1992,#1949,#2571,.T.);
#1841=EDGE_CURVE('',#2238,#2239,#2572,.T.);
#1842=EDGE_CURVE('',#2239,#2240,#2573,.T.);
#1843=EDGE_CURVE('',#2240,#2241,#2574,.T.);
#1844=EDGE_CURVE('',#2238,#2241,#2575,.T.);
#1845=EDGE_CURVE('',#2239,#2242,#2576,.T.);
#1846=EDGE_CURVE('',#2242,#2243,#2577,.T.);
#1847=EDGE_CURVE('',#2243,#2240,#2578,.T.);
#1848=EDGE_CURVE('',#2244,#2245,#2579,.T.);
#1849=EDGE_CURVE('',#2243,#2245,#2580,.T.);
#1850=EDGE_CURVE('',#2244,#2242,#2581,.T.);
#1851=EDGE_CURVE('',#2245,#2241,#2582,.T.);
#1852=EDGE_CURVE('',#2238,#2244,#2583,.T.);
#1853=EDGE_CURVE('',#2246,#2247,#2584,.T.);
#1854=EDGE_CURVE('',#2247,#2248,#276,.T.);
#1855=EDGE_CURVE('',#2249,#2248,#2585,.T.);
#1856=EDGE_CURVE('',#2246,#2249,#277,.T.);
#1857=EDGE_CURVE('',#2250,#2251,#278,.T.);
#1858=EDGE_CURVE('',#2250,#2252,#279,.T.);
#1859=EDGE_CURVE('',#2252,#2253,#280,.F.);
#1860=EDGE_CURVE('',#2251,#2253,#281,.T.);
#1861=EDGE_CURVE('',#2254,#2255,#2586,.T.);
#1862=EDGE_CURVE('',#2254,#2253,#2587,.T.);
#1863=EDGE_CURVE('',#2256,#2252,#2588,.T.);
#1864=EDGE_CURVE('',#2256,#2257,#2589,.T.);
#1865=EDGE_CURVE('',#2257,#2255,#46,.T.);
#1866=EDGE_CURVE('',#2256,#2258,#282,.T.);
#1867=EDGE_CURVE('',#2258,#2259,#283,.T.);
#1868=EDGE_CURVE('',#2259,#2257,#284,.T.);
#1869=EDGE_CURVE('',#2260,#2261,#2590,.T.);
#1870=EDGE_CURVE('',#2261,#2262,#47,.F.);
#1871=EDGE_CURVE('',#2263,#2262,#285,.F.);
#1872=EDGE_CURVE('',#2264,#2263,#2591,.T.);
#1873=EDGE_CURVE('',#2264,#2249,#2592,.T.);
#1874=EDGE_CURVE('',#2260,#2248,#2593,.T.);
#1875=EDGE_CURVE('',#2265,#2266,#286,.T.);
#1876=EDGE_CURVE('',#2267,#2265,#287,.T.);
#1877=EDGE_CURVE('',#2267,#2266,#2594,.T.);
#1878=EDGE_CURVE('',#2266,#2268,#288,.T.);
#1879=EDGE_CURVE('',#2264,#2267,#289,.T.);
#1880=EDGE_CURVE('',#2262,#2268,#290,.T.);
#1881=EDGE_CURVE('',#2269,#2270,#291,.T.);
#1882=EDGE_CURVE('',#2269,#2271,#292,.T.);
#1883=EDGE_CURVE('',#2270,#2271,#2595,.T.);
#1884=EDGE_CURVE('',#2271,#2272,#293,.T.);
#1885=EDGE_CURVE('',#2273,#2272,#2596,.T.);
#1886=EDGE_CURVE('',#2270,#2273,#294,.T.);
#1887=EDGE_CURVE('',#2274,#2272,#2597,.T.);
#1888=EDGE_CURVE('',#2275,#2274,#2598,.T.);
#1889=EDGE_CURVE('',#2276,#2275,#2599,.T.);
#1890=EDGE_CURVE('',#2276,#2273,#2600,.T.);
#1891=EDGE_CURVE('',#2277,#2278,#2601,.T.);
#1892=EDGE_CURVE('',#2277,#2279,#48,.F.);
#1893=EDGE_CURVE('',#2280,#2279,#2602,.T.);
#1894=EDGE_CURVE('',#2247,#2280,#2603,.T.);
#1895=EDGE_CURVE('',#2246,#2276,#2604,.T.);
#1896=EDGE_CURVE('',#2278,#2275,#2605,.T.);
#1897=EDGE_CURVE('',#2281,#2282,#295,.T.);
#1898=EDGE_CURVE('',#2281,#2283,#296,.T.);
#1899=EDGE_CURVE('',#2283,#2282,#297,.T.);
#1900=EDGE_CURVE('',#2282,#2284,#298,.T.);
#1901=EDGE_CURVE('',#2283,#2285,#299,.T.);
#1902=EDGE_CURVE('',#2285,#2284,#2606,.T.);
#1903=EDGE_CURVE('',#2286,#2287,#2607,.T.);
#1904=EDGE_CURVE('',#2287,#2284,#2608,.T.);
#1905=EDGE_CURVE('',#2286,#2285,#2609,.T.);
#1906=EDGE_CURVE('',#2288,#2289,#2610,.T.);
#1907=EDGE_CURVE('',#2289,#2290,#49,.T.);
#1908=EDGE_CURVE('',#2290,#2287,#2611,.T.);
#1909=EDGE_CURVE('',#2250,#2286,#2612,.T.);
#1910=EDGE_CURVE('',#2251,#2288,#2613,.T.);
#1911=EDGE_CURVE('',#2258,#2265,#2614,.T.);
#1912=EDGE_CURVE('',#2281,#2269,#2615,.T.);
#1913=EDGE_CURVE('',#2291,#2292,#2616,.T.);
#1914=EDGE_CURVE('',#2292,#2293,#36,.T.);
#1915=EDGE_CURVE('',#2294,#2293,#2617,.T.);
#1916=EDGE_CURVE('',#2294,#2295,#37,.T.);
#1917=EDGE_CURVE('',#2288,#2295,#2618,.T.);
#1918=EDGE_CURVE('',#2254,#2296,#2619,.T.);
#1919=EDGE_CURVE('',#2296,#2291,#38,.T.);
#1920=EDGE_CURVE('',#2297,#2298,#2620,.T.);
#1921=EDGE_CURVE('',#2298,#2299,#39,.F.);
#1922=EDGE_CURVE('',#2300,#2299,#2621,.T.);
#1923=EDGE_CURVE('',#2300,#2301,#40,.F.);
#1924=EDGE_CURVE('',#2260,#2301,#2622,.T.);
#1925=EDGE_CURVE('',#2280,#2302,#2623,.T.);
#1926=EDGE_CURVE('',#2302,#2297,#41,.F.);
#1927=EDGE_CURVE('',#2274,#2278,#2624,.T.);
#1928=EDGE_CURVE('',#2299,#2292,#2625,.F.);
#1929=EDGE_CURVE('',#2291,#2300,#2626,.T.);
#1930=EDGE_CURVE('',#2293,#2298,#2627,.T.);
#1931=EDGE_CURVE('',#2297,#2294,#2628,.F.);
#1932=EDGE_CURVE('',#2255,#2261,#2629,.T.);
#1933=EDGE_CURVE('',#2301,#2296,#2630,.F.);
#1934=EDGE_CURVE('',#2295,#2302,#2631,.T.);
#1935=EDGE_CURVE('',#2279,#2289,#2632,.F.);
#1936=EDGE_CURVE('',#2290,#2277,#2633,.T.);
#1937=EDGE_CURVE('',#2268,#2259,#2634,.F.);
#1938=VERTEX_POINT('',#4543);
#1939=VERTEX_POINT('',#4544);
#1940=VERTEX_POINT('',#4546);
#1941=VERTEX_POINT('',#4548);
#1942=VERTEX_POINT('',#4550);
#1943=VERTEX_POINT('',#4552);
#1944=VERTEX_POINT('',#4554);
#1945=VERTEX_POINT('',#4556);
#1946=VERTEX_POINT('',#4558);
#1947=VERTEX_POINT('',#4560);
#1948=VERTEX_POINT('',#4563);
#1949=VERTEX_POINT('',#4564);
#1950=VERTEX_POINT('',#4566);
#1951=VERTEX_POINT('',#4583);
#1952=VERTEX_POINT('',#4588);
#1953=VERTEX_POINT('',#4598);
#1954=VERTEX_POINT('',#4600);
#1955=VERTEX_POINT('',#4620);
#1956=VERTEX_POINT('',#4622);
#1957=VERTEX_POINT('',#4624);
#1958=VERTEX_POINT('',#4638);
#1959=VERTEX_POINT('',#4643);
#1960=VERTEX_POINT('',#4650);
#1961=VERTEX_POINT('',#4652);
#1962=VERTEX_POINT('',#4654);
#1963=VERTEX_POINT('',#4656);
#1964=VERTEX_POINT('',#4658);
#1965=VERTEX_POINT('',#4665);
#1966=VERTEX_POINT('',#4713);
#1967=VERTEX_POINT('',#4725);
#1968=VERTEX_POINT('',#4757);
#1969=VERTEX_POINT('',#4759);
#1970=VERTEX_POINT('',#4761);
#1971=VERTEX_POINT('',#4763);
#1972=VERTEX_POINT('',#4795);
#1973=VERTEX_POINT('',#4797);
#1974=VERTEX_POINT('',#4846);
#1975=VERTEX_POINT('',#4863);
#1976=VERTEX_POINT('',#4874);
#1977=VERTEX_POINT('',#4891);
#1978=VERTEX_POINT('',#4896);
#1979=VERTEX_POINT('',#4898);
#1980=VERTEX_POINT('',#4902);
#1981=VERTEX_POINT('',#4906);
#1982=VERTEX_POINT('',#4907);
#1983=VERTEX_POINT('',#4909);
#1984=VERTEX_POINT('',#4914);
#1985=VERTEX_POINT('',#4919);
#1986=VERTEX_POINT('',#4921);
#1987=VERTEX_POINT('',#4923);
#1988=VERTEX_POINT('',#4929);
#1989=VERTEX_POINT('',#4931);
#1990=VERTEX_POINT('',#4938);
#1991=VERTEX_POINT('',#4943);
#1992=VERTEX_POINT('',#4945);
#1993=VERTEX_POINT('',#4947);
#1994=VERTEX_POINT('',#4949);
#1995=VERTEX_POINT('',#4957);
#1996=VERTEX_POINT('',#4966);
#1997=VERTEX_POINT('',#4971);
#1998=VERTEX_POINT('',#4979);
#1999=VERTEX_POINT('',#4981);
#2000=VERTEX_POINT('',#4983);
#2001=VERTEX_POINT('',#4985);
#2002=VERTEX_POINT('',#4987);
#2003=VERTEX_POINT('',#4989);
#2004=VERTEX_POINT('',#4991);
#2005=VERTEX_POINT('',#4993);
#2006=VERTEX_POINT('',#4995);
#2007=VERTEX_POINT('',#4997);
#2008=VERTEX_POINT('',#4999);
#2009=VERTEX_POINT('',#5001);
#2010=VERTEX_POINT('',#5003);
#2011=VERTEX_POINT('',#5011);
#2012=VERTEX_POINT('',#5016);
#2013=VERTEX_POINT('',#5022);
#2014=VERTEX_POINT('',#5031);
#2015=VERTEX_POINT('',#5033);
#2016=VERTEX_POINT('',#5037);
#2017=VERTEX_POINT('',#5039);
#2018=VERTEX_POINT('',#5059);
#2019=VERTEX_POINT('',#5066);
#2020=VERTEX_POINT('',#5072);
#2021=VERTEX_POINT('',#5074);
#2022=VERTEX_POINT('',#5079);
#2023=VERTEX_POINT('',#5142);
#2024=VERTEX_POINT('',#5147);
#2025=VERTEX_POINT('',#5202);
#2026=VERTEX_POINT('',#5207);
#2027=VERTEX_POINT('',#5209);
#2028=VERTEX_POINT('',#5214);
#2029=VERTEX_POINT('',#5219);
#2030=VERTEX_POINT('',#5221);
#2031=VERTEX_POINT('',#5226);
#2032=VERTEX_POINT('',#5235);
#2033=VERTEX_POINT('',#5241);
#2034=VERTEX_POINT('',#5247);
#2035=VERTEX_POINT('',#5252);
#2036=VERTEX_POINT('',#5283);
#2037=VERTEX_POINT('',#5288);
#2038=VERTEX_POINT('',#5290);
#2039=VERTEX_POINT('',#5298);
#2040=VERTEX_POINT('',#5303);
#2041=VERTEX_POINT('',#5312);
#2042=VERTEX_POINT('',#5321);
#2043=VERTEX_POINT('',#5323);
#2044=VERTEX_POINT('',#5328);
#2045=VERTEX_POINT('',#5333);
#2046=VERTEX_POINT('',#5335);
#2047=VERTEX_POINT('',#5340);
#2048=VERTEX_POINT('',#5371);
#2049=VERTEX_POINT('',#5412);
#2050=VERTEX_POINT('',#5419);
#2051=VERTEX_POINT('',#5421);
#2052=VERTEX_POINT('',#5441);
#2053=VERTEX_POINT('',#5446);
#2054=VERTEX_POINT('',#5448);
#2055=VERTEX_POINT('',#5453);
#2056=VERTEX_POINT('',#5458);
#2057=VERTEX_POINT('',#5460);
#2058=VERTEX_POINT('',#5465);
#2059=VERTEX_POINT('',#5470);
#2060=VERTEX_POINT('',#5472);
#2061=VERTEX_POINT('',#5477);
#2062=VERTEX_POINT('',#5496);
#2063=VERTEX_POINT('',#5501);
#2064=VERTEX_POINT('',#5553);
#2065=VERTEX_POINT('',#5555);
#2066=VERTEX_POINT('',#5560);
#2067=VERTEX_POINT('',#5585);
#2068=VERTEX_POINT('',#5590);
#2069=VERTEX_POINT('',#5597);
#2070=VERTEX_POINT('',#5724);
#2071=VERTEX_POINT('',#5731);
#2072=VERTEX_POINT('',#5760);
#2073=VERTEX_POINT('',#6006);
#2074=VERTEX_POINT('',#6012);
#2075=VERTEX_POINT('',#6014);
#2076=VERTEX_POINT('',#6062);
#2077=VERTEX_POINT('',#6066);
#2078=VERTEX_POINT('',#6067);
#2079=VERTEX_POINT('',#6070);
#2080=VERTEX_POINT('',#6074);
#2081=VERTEX_POINT('',#6078);
#2082=VERTEX_POINT('',#6085);
#2083=VERTEX_POINT('',#6087);
#2084=VERTEX_POINT('',#6089);
#2085=VERTEX_POINT('',#6091);
#2086=VERTEX_POINT('',#6100);
#2087=VERTEX_POINT('',#6105);
#2088=VERTEX_POINT('',#6111);
#2089=VERTEX_POINT('',#6113);
#2090=VERTEX_POINT('',#6115);
#2091=VERTEX_POINT('',#6117);
#2092=VERTEX_POINT('',#6121);
#2093=VERTEX_POINT('',#6122);
#2094=VERTEX_POINT('',#6124);
#2095=VERTEX_POINT('',#6129);
#2096=VERTEX_POINT('',#6131);
#2097=VERTEX_POINT('',#6133);
#2098=VERTEX_POINT('',#6135);
#2099=VERTEX_POINT('',#6137);
#2100=VERTEX_POINT('',#6139);
#2101=VERTEX_POINT('',#6141);
#2102=VERTEX_POINT('',#6147);
#2103=VERTEX_POINT('',#6157);
#2104=VERTEX_POINT('',#6166);
#2105=VERTEX_POINT('',#6172);
#2106=VERTEX_POINT('',#6174);
#2107=VERTEX_POINT('',#6176);
#2108=VERTEX_POINT('',#6178);
#2109=VERTEX_POINT('',#6182);
#2110=VERTEX_POINT('',#6197);
#2111=VERTEX_POINT('',#6358);
#2112=VERTEX_POINT('',#6359);
#2113=VERTEX_POINT('',#6364);
#2114=VERTEX_POINT('',#6365);
#2115=VERTEX_POINT('',#6397);
#2116=VERTEX_POINT('',#6432);
#2117=VERTEX_POINT('',#6606);
#2118=VERTEX_POINT('',#6608);
#2119=VERTEX_POINT('',#6753);
#2120=VERTEX_POINT('',#6776);
#2121=VERTEX_POINT('',#6779);
#2122=VERTEX_POINT('',#6783);
#2123=VERTEX_POINT('',#6837);
#2124=VERTEX_POINT('',#6842);
#2125=VERTEX_POINT('',#6844);
#2126=VERTEX_POINT('',#6858);
#2127=VERTEX_POINT('',#6862);
#2128=VERTEX_POINT('',#6863);
#2129=VERTEX_POINT('',#6867);
#2130=VERTEX_POINT('',#6869);
#2131=VERTEX_POINT('',#6909);
#2132=VERTEX_POINT('',#6913);
#2133=VERTEX_POINT('',#6916);
#2134=VERTEX_POINT('',#6918);
#2135=VERTEX_POINT('',#6920);
#2136=VERTEX_POINT('',#6922);
#2137=VERTEX_POINT('',#6924);
#2138=VERTEX_POINT('',#6926);
#2139=VERTEX_POINT('',#6933);
#2140=VERTEX_POINT('',#6936);
#2141=VERTEX_POINT('',#6939);
#2142=VERTEX_POINT('',#6941);
#2143=VERTEX_POINT('',#6943);
#2144=VERTEX_POINT('',#6945);
#2145=VERTEX_POINT('',#6949);
#2146=VERTEX_POINT('',#6952);
#2147=VERTEX_POINT('',#6954);
#2148=VERTEX_POINT('',#6956);
#2149=VERTEX_POINT('',#6958);
#2150=VERTEX_POINT('',#6960);
#2151=VERTEX_POINT('',#6962);
#2152=VERTEX_POINT('',#6964);
#2153=VERTEX_POINT('',#6966);
#2154=VERTEX_POINT('',#6969);
#2155=VERTEX_POINT('',#6973);
#2156=VERTEX_POINT('',#6976);
#2157=VERTEX_POINT('',#6979);
#2158=VERTEX_POINT('',#6985);
#2159=VERTEX_POINT('',#6987);
#2160=VERTEX_POINT('',#6991);
#2161=VERTEX_POINT('',#6995);
#2162=VERTEX_POINT('',#7008);
#2163=VERTEX_POINT('',#7012);
#2164=VERTEX_POINT('',#7127);
#2165=VERTEX_POINT('',#7145);
#2166=VERTEX_POINT('',#7147);
#2167=VERTEX_POINT('',#7151);
#2168=VERTEX_POINT('',#7190);
#2169=VERTEX_POINT('',#7224);
#2170=VERTEX_POINT('',#7405);
#2171=VERTEX_POINT('',#7589);
#2172=VERTEX_POINT('',#7590);
#2173=VERTEX_POINT('',#7595);
#2174=VERTEX_POINT('',#7619);
#2175=VERTEX_POINT('',#7626);
#2176=VERTEX_POINT('',#7631);
#2177=VERTEX_POINT('',#7657);
#2178=VERTEX_POINT('',#7664);
#2179=VERTEX_POINT('',#7666);
#2180=VERTEX_POINT('',#7675);
#2181=VERTEX_POINT('',#7681);
#2182=VERTEX_POINT('',#7740);
#2183=VERTEX_POINT('',#7745);
#2184=VERTEX_POINT('',#7754);
#2185=VERTEX_POINT('',#7756);
#2186=VERTEX_POINT('',#7758);
#2187=VERTEX_POINT('',#7872);
#2188=VERTEX_POINT('',#7882);
#2189=VERTEX_POINT('',#7898);
#2190=VERTEX_POINT('',#7899);
#2191=VERTEX_POINT('',#7901);
#2192=VERTEX_POINT('',#7903);
#2193=VERTEX_POINT('',#7907);
#2194=VERTEX_POINT('',#7909);
#2195=VERTEX_POINT('',#7913);
#2196=VERTEX_POINT('',#7915);
#2197=VERTEX_POINT('',#7919);
#2198=VERTEX_POINT('',#7921);
#2199=VERTEX_POINT('',#7923);
#2200=VERTEX_POINT('',#7925);
#2201=VERTEX_POINT('',#7927);
#2202=VERTEX_POINT('',#7929);
#2203=VERTEX_POINT('',#7932);
#2204=VERTEX_POINT('',#7934);
#2205=VERTEX_POINT('',#7943);
#2206=VERTEX_POINT('',#7948);
#2207=VERTEX_POINT('',#7953);
#2208=VERTEX_POINT('',#7954);
#2209=VERTEX_POINT('',#7956);
#2210=VERTEX_POINT('',#7958);
#2211=VERTEX_POINT('',#7988);
#2212=VERTEX_POINT('',#7989);
#2213=VERTEX_POINT('',#8094);
#2214=VERTEX_POINT('',#8127);
#2215=VERTEX_POINT('',#8132);
#2216=VERTEX_POINT('',#8137);
#2217=VERTEX_POINT('',#8142);
#2218=VERTEX_POINT('',#8237);
#2219=VERTEX_POINT('',#8262);
#2220=VERTEX_POINT('',#8269);
#2221=VERTEX_POINT('',#8274);
#2222=VERTEX_POINT('',#8376);
#2223=VERTEX_POINT('',#8378);
#2224=VERTEX_POINT('',#8473);
#2225=VERTEX_POINT('',#8475);
#2226=VERTEX_POINT('',#8479);
#2227=VERTEX_POINT('',#8481);
#2228=VERTEX_POINT('',#8507);
#2229=VERTEX_POINT('',#8511);
#2230=VERTEX_POINT('',#8515);
#2231=VERTEX_POINT('',#8517);
#2232=VERTEX_POINT('',#8522);
#2233=VERTEX_POINT('',#8526);
#2234=VERTEX_POINT('',#8530);
#2235=VERTEX_POINT('',#8532);
#2236=VERTEX_POINT('',#8691);
#2237=VERTEX_POINT('',#8698);
#2238=VERTEX_POINT('',#8720);
#2239=VERTEX_POINT('',#8721);
#2240=VERTEX_POINT('',#8723);
#2241=VERTEX_POINT('',#8725);
#2242=VERTEX_POINT('',#8729);
#2243=VERTEX_POINT('',#8731);
#2244=VERTEX_POINT('',#8735);
#2245=VERTEX_POINT('',#8736);
#2246=VERTEX_POINT('',#8855);
#2247=VERTEX_POINT('',#8856);
#2248=VERTEX_POINT('',#8862);
#2249=VERTEX_POINT('',#8864);
#2250=VERTEX_POINT('',#9041);
#2251=VERTEX_POINT('',#9042);
#2252=VERTEX_POINT('',#9048);
#2253=VERTEX_POINT('',#9053);
#2254=VERTEX_POINT('',#9061);
#2255=VERTEX_POINT('',#9062);
#2256=VERTEX_POINT('',#9065);
#2257=VERTEX_POINT('',#9067);
#2258=VERTEX_POINT('',#9099);
#2259=VERTEX_POINT('',#9104);
#2260=VERTEX_POINT('',#9117);
#2261=VERTEX_POINT('',#9118);
#2262=VERTEX_POINT('',#9120);
#2263=VERTEX_POINT('',#9125);
#2264=VERTEX_POINT('',#9127);
#2265=VERTEX_POINT('',#9142);
#2266=VERTEX_POINT('',#9143);
#2267=VERTEX_POINT('',#9160);
#2268=VERTEX_POINT('',#9216);
#2269=VERTEX_POINT('',#9261);
#2270=VERTEX_POINT('',#9262);
#2271=VERTEX_POINT('',#9270);
#2272=VERTEX_POINT('',#9313);
#2273=VERTEX_POINT('',#9315);
#2274=VERTEX_POINT('',#9336);
#2275=VERTEX_POINT('',#9338);
#2276=VERTEX_POINT('',#9340);
#2277=VERTEX_POINT('',#9344);
#2278=VERTEX_POINT('',#9345);
#2279=VERTEX_POINT('',#9347);
#2280=VERTEX_POINT('',#9349);
#2281=VERTEX_POINT('',#9366);
#2282=VERTEX_POINT('',#9367);
#2283=VERTEX_POINT('',#9372);
#2284=VERTEX_POINT('',#9418);
#2285=VERTEX_POINT('',#9423);
#2286=VERTEX_POINT('',#9427);
#2287=VERTEX_POINT('',#9428);
#2288=VERTEX_POINT('',#9433);
#2289=VERTEX_POINT('',#9434);
#2290=VERTEX_POINT('',#9436);
#2291=VERTEX_POINT('',#9445);
#2292=VERTEX_POINT('',#9446);
#2293=VERTEX_POINT('',#9448);
#2294=VERTEX_POINT('',#9450);
#2295=VERTEX_POINT('',#9452);
#2296=VERTEX_POINT('',#9455);
#2297=VERTEX_POINT('',#9459);
#2298=VERTEX_POINT('',#9460);
#2299=VERTEX_POINT('',#9462);
#2300=VERTEX_POINT('',#9464);
#2301=VERTEX_POINT('',#9466);
#2302=VERTEX_POINT('',#9469);
#2303=LINE('',#4542,#2635);
#2304=LINE('',#4545,#2636);
#2305=LINE('',#4547,#2637);
#2306=LINE('',#4549,#2638);
#2307=LINE('',#4551,#2639);
#2308=LINE('',#4553,#2640);
#2309=LINE('',#4555,#2641);
#2310=LINE('',#4557,#2642);
#2311=LINE('',#4559,#2643);
#2312=LINE('',#4561,#2644);
#2313=LINE('',#4562,#2645);
#2314=LINE('',#4565,#2646);
#2315=LINE('',#4599,#2647);
#2316=LINE('',#4621,#2648);
#2317=LINE('',#4623,#2649);
#2318=LINE('',#4651,#2650);
#2319=LINE('',#4653,#2651);
#2320=LINE('',#4655,#2652);
#2321=LINE('',#4657,#2653);
#2322=LINE('',#4758,#2654);
#2323=LINE('',#4760,#2655);
#2324=LINE('',#4762,#2656);
#2325=LINE('',#4796,#2657);
#2326=LINE('',#4864,#2658);
#2327=LINE('',#4873,#2659);
#2328=LINE('',#4897,#2660);
#2329=LINE('',#4899,#2661);
#2330=LINE('',#4901,#2662);
#2331=LINE('',#4903,#2663);
#2332=LINE('',#4905,#2664);
#2333=LINE('',#4908,#2665);
#2334=LINE('',#4920,#2666);
#2335=LINE('',#4922,#2667);
#2336=LINE('',#4930,#2668);
#2337=LINE('',#4944,#2669);
#2338=LINE('',#4946,#2670);
#2339=LINE('',#4948,#2671);
#2340=LINE('',#4980,#2672);
#2341=LINE('',#4982,#2673);
#2342=LINE('',#4984,#2674);
#2343=LINE('',#4986,#2675);
#2344=LINE('',#4988,#2676);
#2345=LINE('',#4990,#2677);
#2346=LINE('',#4992,#2678);
#2347=LINE('',#4994,#2679);
#2348=LINE('',#4996,#2680);
#2349=LINE('',#4998,#2681);
#2350=LINE('',#5000,#2682);
#2351=LINE('',#5002,#2683);
#2352=LINE('',#5032,#2684);
#2353=LINE('',#5034,#2685);
#2354=LINE('',#5036,#2686);
#2355=LINE('',#5038,#2687);
#2356=LINE('',#5040,#2688);
#2357=LINE('',#5073,#2689);
#2358=LINE('',#5208,#2690);
#2359=LINE('',#5220,#2691);
#2360=LINE('',#5246,#2692);
#2361=LINE('',#5253,#2693);
#2362=LINE('',#5282,#2694);
#2363=LINE('',#5289,#2695);
#2364=LINE('',#5322,#2696);
#2365=LINE('',#5334,#2697);
#2366=LINE('',#5420,#2698);
#2367=LINE('',#5447,#2699);
#2368=LINE('',#5459,#2700);
#2369=LINE('',#5471,#2701);
#2370=LINE('',#5497,#2702);
#2371=LINE('',#5499,#2703);
#2372=LINE('',#5500,#2704);
#2373=LINE('',#5502,#2705);
#2374=LINE('',#5554,#2706);
#2375=LINE('',#5766,#2707);
#2376=LINE('',#5781,#2708);
#2377=LINE('',#6013,#2709);
#2378=LINE('',#6021,#2710);
#2379=LINE('',#6063,#2711);
#2380=LINE('',#6065,#2712);
#2381=LINE('',#6068,#2713);
#2382=LINE('',#6069,#2714);
#2383=LINE('',#6071,#2715);
#2384=LINE('',#6073,#2716);
#2385=LINE('',#6075,#2717);
#2386=LINE('',#6077,#2718);
#2387=LINE('',#6079,#2719);
#2388=LINE('',#6081,#2720);
#2389=LINE('',#6083,#2721);
#2390=LINE('',#6084,#2722);
#2391=LINE('',#6086,#2723);
#2392=LINE('',#6088,#2724);
#2393=LINE('',#6090,#2725);
#2394=LINE('',#6099,#2726);
#2395=LINE('',#6112,#2727);
#2396=LINE('',#6114,#2728);
#2397=LINE('',#6116,#2729);
#2398=LINE('',#6118,#2730);
#2399=LINE('',#6120,#2731);
#2400=LINE('',#6123,#2732);
#2401=LINE('',#6130,#2733);
#2402=LINE('',#6132,#2734);
#2403=LINE('',#6134,#2735);
#2404=LINE('',#6136,#2736);
#2405=LINE('',#6138,#2737);
#2406=LINE('',#6140,#2738);
#2407=LINE('',#6156,#2739);
#2408=LINE('',#6173,#2740);
#2409=LINE('',#6175,#2741);
#2410=LINE('',#6177,#2742);
#2411=LINE('',#6179,#2743);
#2412=LINE('',#6181,#2744);
#2413=LINE('',#6198,#2745);
#2414=LINE('',#6200,#2746);
#2415=LINE('',#6360,#2747);
#2416=LINE('',#6361,#2748);
#2417=LINE('',#6363,#2749);
#2418=LINE('',#6366,#2750);
#2419=LINE('',#6367,#2751);
#2420=LINE('',#6398,#2752);
#2421=LINE('',#6433,#2753);
#2422=LINE('',#6605,#2754);
#2423=LINE('',#6607,#2755);
#2424=LINE('',#6609,#2756);
#2425=LINE('',#6754,#2757);
#2426=LINE('',#6777,#2758);
#2427=LINE('',#6778,#2759);
#2428=LINE('',#6780,#2760);
#2429=LINE('',#6782,#2761);
#2430=LINE('',#6784,#2762);
#2431=LINE('',#6843,#2763);
#2432=LINE('',#6859,#2764);
#2433=LINE('',#6861,#2765);
#2434=LINE('',#6864,#2766);
#2435=LINE('',#6865,#2767);
#2436=LINE('',#6868,#2768);
#2437=LINE('',#6870,#2769);
#2438=LINE('',#6910,#2770);
#2439=LINE('',#6912,#2771);
#2440=LINE('',#6915,#2772);
#2441=LINE('',#6917,#2773);
#2442=LINE('',#6919,#2774);
#2443=LINE('',#6923,#2775);
#2444=LINE('',#6925,#2776);
#2445=LINE('',#6932,#2777);
#2446=LINE('',#6937,#2778);
#2447=LINE('',#6938,#2779);
#2448=LINE('',#6940,#2780);
#2449=LINE('',#6942,#2781);
#2450=LINE('',#6944,#2782);
#2451=LINE('',#6946,#2783);
#2452=LINE('',#6948,#2784);
#2453=LINE('',#6953,#2785);
#2454=LINE('',#6957,#2786);
#2455=LINE('',#6961,#2787);
#2456=LINE('',#6965,#2788);
#2457=LINE('',#6970,#2789);
#2458=LINE('',#6974,#2790);
#2459=LINE('',#6975,#2791);
#2460=LINE('',#6978,#2792);
#2461=LINE('',#6986,#2793);
#2462=LINE('',#6988,#2794);
#2463=LINE('',#6992,#2795);
#2464=LINE('',#6994,#2796);
#2465=LINE('',#7003,#2797);
#2466=LINE('',#7004,#2798);
#2467=LINE('',#7006,#2799);
#2468=LINE('',#7007,#2800);
#2469=LINE('',#7009,#2801);
#2470=LINE('',#7011,#2802);
#2471=LINE('',#7013,#2803);
#2472=LINE('',#7126,#2804);
#2473=LINE('',#7142,#2805);
#2474=LINE('',#7143,#2806);
#2475=LINE('',#7144,#2807);
#2476=LINE('',#7148,#2808);
#2477=LINE('',#7150,#2809);
#2478=LINE('',#7152,#2810);
#2479=LINE('',#7189,#2811);
#2480=LINE('',#7201,#2812);
#2481=LINE('',#7203,#2813);
#2482=LINE('',#7205,#2814);
#2483=LINE('',#7363,#2815);
#2484=LINE('',#7376,#2816);
#2485=LINE('',#7377,#2817);
#2486=LINE('',#7379,#2818);
#2487=LINE('',#7381,#2819);
#2488=LINE('',#7383,#2820);
#2489=LINE('',#7384,#2821);
#2490=LINE('',#7386,#2822);
#2491=LINE('',#7388,#2823);
#2492=LINE('',#7390,#2824);
#2493=LINE('',#7406,#2825);
#2494=LINE('',#7411,#2826);
#2495=LINE('',#7412,#2827);
#2496=LINE('',#7416,#2828);
#2497=LINE('',#7418,#2829);
#2498=LINE('',#7625,#2830);
#2499=LINE('',#7632,#2831);
#2500=LINE('',#7658,#2832);
#2501=LINE('',#7659,#2833);
#2502=LINE('',#7665,#2834);
#2503=LINE('',#7755,#2835);
#2504=LINE('',#7757,#2836);
#2505=LINE('',#7759,#2837);
#2506=LINE('',#7897,#2838);
#2507=LINE('',#7900,#2839);
#2508=LINE('',#7902,#2840);
#2509=LINE('',#7904,#2841);
#2510=LINE('',#7906,#2842);
#2511=LINE('',#7908,#2843);
#2512=LINE('',#7910,#2844);
#2513=LINE('',#7912,#2845);
#2514=LINE('',#7914,#2846);
#2515=LINE('',#7916,#2847);
#2516=LINE('',#7918,#2848);
#2517=LINE('',#7922,#2849);
#2518=LINE('',#7926,#2850);
#2519=LINE('',#7930,#2851);
#2520=LINE('',#7931,#2852);
#2521=LINE('',#7933,#2853);
#2522=LINE('',#7949,#2854);
#2523=LINE('',#7950,#2855);
#2524=LINE('',#7951,#2856);
#2525=LINE('',#7952,#2857);
#2526=LINE('',#7955,#2858);
#2527=LINE('',#7957,#2859);
#2528=LINE('',#7959,#2860);
#2529=LINE('',#7994,#2861);
#2530=LINE('',#8143,#2862);
#2531=LINE('',#8268,#2863);
#2532=LINE('',#8377,#2864);
#2533=LINE('',#8394,#2865);
#2534=LINE('',#8449,#2866);
#2535=LINE('',#8472,#2867);
#2536=LINE('',#8474,#2868);
#2537=LINE('',#8476,#2869);
#2538=LINE('',#8478,#2870);
#2539=LINE('',#8480,#2871);
#2540=LINE('',#8482,#2872);
#2541=LINE('',#8484,#2873);
#2542=LINE('',#8485,#2874);
#2543=LINE('',#8491,#2875);
#2544=LINE('',#8492,#2876);
#2545=LINE('',#8494,#2877);
#2546=LINE('',#8496,#2878);
#2547=LINE('',#8497,#2879);
#2548=LINE('',#8499,#2880);
#2549=LINE('',#8500,#2881);
#2550=LINE('',#8506,#2882);
#2551=LINE('',#8508,#2883);
#2552=LINE('',#8510,#2884);
#2553=LINE('',#8512,#2885);
#2554=LINE('',#8518,#2886);
#2555=LINE('',#8529,#2887);
#2556=LINE('',#8531,#2888);
#2557=LINE('',#8533,#2889);
#2558=LINE('',#8535,#2890);
#2559=LINE('',#8537,#2891);
#2560=LINE('',#8690,#2892);
#2561=LINE('',#8692,#2893);
#2562=LINE('',#8694,#2894);
#2563=LINE('',#8697,#2895);
#2564=LINE('',#8699,#2896);
#2565=LINE('',#8701,#2897);
#2566=LINE('',#8704,#2898);
#2567=LINE('',#8706,#2899);
#2568=LINE('',#8708,#2900);
#2569=LINE('',#8711,#2901);
#2570=LINE('',#8713,#2902);
#2571=LINE('',#8715,#2903);
#2572=LINE('',#8719,#2904);
#2573=LINE('',#8722,#2905);
#2574=LINE('',#8724,#2906);
#2575=LINE('',#8726,#2907);
#2576=LINE('',#8728,#2908);
#2577=LINE('',#8730,#2909);
#2578=LINE('',#8732,#2910);
#2579=LINE('',#8734,#2911);
#2580=LINE('',#8737,#2912);
#2581=LINE('',#8738,#2913);
#2582=LINE('',#8740,#2914);
#2583=LINE('',#8741,#2915);
#2584=LINE('',#8854,#2916);
#2585=LINE('',#8863,#2917);
#2586=LINE('',#9060,#2918);
#2587=LINE('',#9063,#2919);
#2588=LINE('',#9064,#2920);
#2589=LINE('',#9066,#2921);
#2590=LINE('',#9116,#2922);
#2591=LINE('',#9126,#2923);
#2592=LINE('',#9128,#2924);
#2593=LINE('',#9129,#2925);
#2594=LINE('',#9161,#2926);
#2595=LINE('',#9271,#2927);
#2596=LINE('',#9314,#2928);
#2597=LINE('',#9335,#2929);
#2598=LINE('',#9337,#2930);
#2599=LINE('',#9339,#2931);
#2600=LINE('',#9341,#2932);
#2601=LINE('',#9343,#2933);
#2602=LINE('',#9348,#2934);
#2603=LINE('',#9350,#2935);
#2604=LINE('',#9351,#2936);
#2605=LINE('',#9352,#2937);
#2606=LINE('',#9424,#2938);
#2607=LINE('',#9426,#2939);
#2608=LINE('',#9429,#2940);
#2609=LINE('',#9430,#2941);
#2610=LINE('',#9432,#2942);
#2611=LINE('',#9437,#2943);
#2612=LINE('',#9438,#2944);
#2613=LINE('',#9439,#2945);
#2614=LINE('',#9441,#2946);
#2615=LINE('',#9442,#2947);
#2616=LINE('',#9444,#2948);
#2617=LINE('',#9449,#2949);
#2618=LINE('',#9453,#2950);
#2619=LINE('',#9454,#2951);
#2620=LINE('',#9458,#2952);
#2621=LINE('',#9463,#2953);
#2622=LINE('',#9467,#2954);
#2623=LINE('',#9468,#2955);
#2624=LINE('',#9472,#2956);
#2625=LINE('',#9474,#2957);
#2626=LINE('',#9475,#2958);
#2627=LINE('',#9477,#2959);
#2628=LINE('',#9478,#2960);
#2629=LINE('',#9480,#2961);
#2630=LINE('',#9481,#2962);
#2631=LINE('',#9483,#2963);
#2632=LINE('',#9484,#2964);
#2633=LINE('',#9486,#2965);
#2634=LINE('',#9488,#2966);
#2635=VECTOR('',#3866,1.);
#2636=VECTOR('',#3867,1.);
#2637=VECTOR('',#3868,1.);
#2638=VECTOR('',#3869,1.);
#2639=VECTOR('',#3870,1.);
#2640=VECTOR('',#3871,1.);
#2641=VECTOR('',#3872,1.);
#2642=VECTOR('',#3873,1.);
#2643=VECTOR('',#3874,1.);
#2644=VECTOR('',#3875,1.);
#2645=VECTOR('',#3876,1.);
#2646=VECTOR('',#3877,1.);
#2647=VECTOR('',#3878,1.);
#2648=VECTOR('',#3879,1.);
#2649=VECTOR('',#3880,1.);
#2650=VECTOR('',#3881,1.);
#2651=VECTOR('',#3882,1.);
#2652=VECTOR('',#3883,1.);
#2653=VECTOR('',#3884,1.);
#2654=VECTOR('',#3885,1.);
#2655=VECTOR('',#3886,1.);
#2656=VECTOR('',#3887,1.);
#2657=VECTOR('',#3888,1.);
#2658=VECTOR('',#3889,1.);
#2659=VECTOR('',#3890,1.);
#2660=VECTOR('',#3891,1.);
#2661=VECTOR('',#3892,1.);
#2662=VECTOR('',#3895,1.);
#2663=VECTOR('',#3896,1.);
#2664=VECTOR('',#3899,1.);
#2665=VECTOR('',#3900,1.);
#2666=VECTOR('',#3901,1.);
#2667=VECTOR('',#3902,1.);
#2668=VECTOR('',#3903,1.);
#2669=VECTOR('',#3904,1.);
#2670=VECTOR('',#3905,1.);
#2671=VECTOR('',#3906,1.);
#2672=VECTOR('',#3907,1.);
#2673=VECTOR('',#3908,1.);
#2674=VECTOR('',#3909,1.);
#2675=VECTOR('',#3910,1.);
#2676=VECTOR('',#3911,1.);
#2677=VECTOR('',#3912,1.);
#2678=VECTOR('',#3913,1.);
#2679=VECTOR('',#3914,1.);
#2680=VECTOR('',#3915,1.);
#2681=VECTOR('',#3916,1.);
#2682=VECTOR('',#3917,1.);
#2683=VECTOR('',#3918,1.);
#2684=VECTOR('',#3919,1.);
#2685=VECTOR('',#3920,1.);
#2686=VECTOR('',#3923,1.);
#2687=VECTOR('',#3924,1.);
#2688=VECTOR('',#3925,1.);
#2689=VECTOR('',#3926,1.);
#2690=VECTOR('',#3927,1.);
#2691=VECTOR('',#3928,1.);
#2692=VECTOR('',#3929,1.);
#2693=VECTOR('',#3930,1.);
#2694=VECTOR('',#3931,1.);
#2695=VECTOR('',#3932,1.);
#2696=VECTOR('',#3933,1.);
#2697=VECTOR('',#3934,1.);
#2698=VECTOR('',#3935,1.);
#2699=VECTOR('',#3936,1.);
#2700=VECTOR('',#3937,1.);
#2701=VECTOR('',#3938,1.);
#2702=VECTOR('',#3939,1.);
#2703=VECTOR('',#3942,1.);
#2704=VECTOR('',#3943,1.);
#2705=VECTOR('',#3944,1.);
#2706=VECTOR('',#3945,1.);
#2707=VECTOR('',#3948,1.);
#2708=VECTOR('',#3949,1.);
#2709=VECTOR('',#3950,1.);
#2710=VECTOR('',#3953,1.);
#2711=VECTOR('',#3954,1.);
#2712=VECTOR('',#3957,1.);
#2713=VECTOR('',#3958,1.);
#2714=VECTOR('',#3959,1.);
#2715=VECTOR('',#3960,1.);
#2716=VECTOR('',#3963,1.);
#2717=VECTOR('',#3964,1.);
#2718=VECTOR('',#3967,1.);
#2719=VECTOR('',#3968,1.);
#2720=VECTOR('',#3971,1.);
#2721=VECTOR('',#3974,1.);
#2722=VECTOR('',#3975,1.);
#2723=VECTOR('',#3976,1.);
#2724=VECTOR('',#3977,1.);
#2725=VECTOR('',#3978,1.);
#2726=VECTOR('',#3981,1.);
#2727=VECTOR('',#3982,1.);
#2728=VECTOR('',#3983,1.);
#2729=VECTOR('',#3984,1.);
#2730=VECTOR('',#3985,1.);
#2731=VECTOR('',#3988,1.);
#2732=VECTOR('',#3989,1.);
#2733=VECTOR('',#3990,1.);
#2734=VECTOR('',#3991,1.);
#2735=VECTOR('',#3992,1.);
#2736=VECTOR('',#3993,1.);
#2737=VECTOR('',#3994,1.);
#2738=VECTOR('',#3995,1.);
#2739=VECTOR('',#3998,1.);
#2740=VECTOR('',#3999,1.);
#2741=VECTOR('',#4000,1.);
#2742=VECTOR('',#4001,1.);
#2743=VECTOR('',#4002,1.);
#2744=VECTOR('',#4005,1.);
#2745=VECTOR('',#4006,1.);
#2746=VECTOR('',#4009,1.);
#2747=VECTOR('',#4016,1.);
#2748=VECTOR('',#4017,1.);
#2749=VECTOR('',#4020,1.);
#2750=VECTOR('',#4021,1.);
#2751=VECTOR('',#4022,1.);
#2752=VECTOR('',#4023,1.);
#2753=VECTOR('',#4024,1.);
#2754=VECTOR('',#4025,1.);
#2755=VECTOR('',#4026,1.);
#2756=VECTOR('',#4027,1.);
#2757=VECTOR('',#4028,1.);
#2758=VECTOR('',#4029,1.);
#2759=VECTOR('',#4030,1.);
#2760=VECTOR('',#4031,1.);
#2761=VECTOR('',#4034,1.);
#2762=VECTOR('',#4035,1.);
#2763=VECTOR('',#4036,1.);
#2764=VECTOR('',#4037,1.);
#2765=VECTOR('',#4040,1.);
#2766=VECTOR('',#4041,1.);
#2767=VECTOR('',#4042,1.);
#2768=VECTOR('',#4045,1.);
#2769=VECTOR('',#4046,1.);
#2770=VECTOR('',#4047,1.);
#2771=VECTOR('',#4050,1.);
#2772=VECTOR('',#4053,1.);
#2773=VECTOR('',#4054,1.);
#2774=VECTOR('',#4055,1.);
#2775=VECTOR('',#4058,1.);
#2776=VECTOR('',#4059,1.);
#2777=VECTOR('',#4060,1.);
#2778=VECTOR('',#4065,1.);
#2779=VECTOR('',#4066,1.);
#2780=VECTOR('',#4067,1.);
#2781=VECTOR('',#4068,1.);
#2782=VECTOR('',#4069,1.);
#2783=VECTOR('',#4070,1.);
#2784=VECTOR('',#4073,1.);
#2785=VECTOR('',#4078,1.);
#2786=VECTOR('',#4081,1.);
#2787=VECTOR('',#4084,1.);
#2788=VECTOR('',#4087,1.);
#2789=VECTOR('',#4092,1.);
#2790=VECTOR('',#4097,1.);
#2791=VECTOR('',#4098,1.);
#2792=VECTOR('',#4101,1.);
#2793=VECTOR('',#4102,1.);
#2794=VECTOR('',#4103,1.);
#2795=VECTOR('',#4108,1.);
#2796=VECTOR('',#4111,1.);
#2797=VECTOR('',#4116,1.);
#2798=VECTOR('',#4117,1.);
#2799=VECTOR('',#4120,1.);
#2800=VECTOR('',#4121,1.);
#2801=VECTOR('',#4122,1.);
#2802=VECTOR('',#4125,1.);
#2803=VECTOR('',#4126,1.);
#2804=VECTOR('',#4127,1.);
#2805=VECTOR('',#4130,1.);
#2806=VECTOR('',#4131,1.);
#2807=VECTOR('',#4132,1.);
#2808=VECTOR('',#4135,1.);
#2809=VECTOR('',#4138,1.);
#2810=VECTOR('',#4139,1.);
#2811=VECTOR('',#4140,1.);
#2812=VECTOR('',#4143,1.);
#2813=VECTOR('',#4146,1.);
#2814=VECTOR('',#4149,1.);
#2815=VECTOR('',#4156,1.);
#2816=VECTOR('',#4161,1.);
#2817=VECTOR('',#4162,1.);
#2818=VECTOR('',#4165,1.);
#2819=VECTOR('',#4168,1.);
#2820=VECTOR('',#4171,1.);
#2821=VECTOR('',#4172,1.);
#2822=VECTOR('',#4175,1.);
#2823=VECTOR('',#4178,1.);
#2824=VECTOR('',#4181,1.);
#2825=VECTOR('',#4190,1.);
#2826=VECTOR('',#4199,1.);
#2827=VECTOR('',#4200,1.);
#2828=VECTOR('',#4207,1.);
#2829=VECTOR('',#4210,1.);
#2830=VECTOR('',#4215,1.);
#2831=VECTOR('',#4216,1.);
#2832=VECTOR('',#4219,1.);
#2833=VECTOR('',#4220,1.);
#2834=VECTOR('',#4221,1.);
#2835=VECTOR('',#4226,1.);
#2836=VECTOR('',#4227,1.);
#2837=VECTOR('',#4228,1.);
#2838=VECTOR('',#4231,1.);
#2839=VECTOR('',#4232,1.);
#2840=VECTOR('',#4233,1.);
#2841=VECTOR('',#4234,1.);
#2842=VECTOR('',#4237,1.);
#2843=VECTOR('',#4238,1.);
#2844=VECTOR('',#4239,1.);
#2845=VECTOR('',#4242,1.);
#2846=VECTOR('',#4243,1.);
#2847=VECTOR('',#4244,1.);
#2848=VECTOR('',#4247,1.);
#2849=VECTOR('',#4250,1.);
#2850=VECTOR('',#4253,1.);
#2851=VECTOR('',#4256,1.);
#2852=VECTOR('',#4257,1.);
#2853=VECTOR('',#4258,1.);
#2854=VECTOR('',#4259,1.);
#2855=VECTOR('',#4260,1.);
#2856=VECTOR('',#4261,1.);
#2857=VECTOR('',#4262,1.);
#2858=VECTOR('',#4263,1.);
#2859=VECTOR('',#4264,1.);
#2860=VECTOR('',#4265,1.);
#2861=VECTOR('',#4266,1.);
#2862=VECTOR('',#4267,1.);
#2863=VECTOR('',#4270,1.);
#2864=VECTOR('',#4271,1.);
#2865=VECTOR('',#4274,1.);
#2866=VECTOR('',#4275,1.);
#2867=VECTOR('',#4280,1.);
#2868=VECTOR('',#4281,1.);
#2869=VECTOR('',#4282,1.);
#2870=VECTOR('',#4285,1.);
#2871=VECTOR('',#4286,1.);
#2872=VECTOR('',#4287,1.);
#2873=VECTOR('',#4290,1.);
#2874=VECTOR('',#4291,1.);
#2875=VECTOR('',#4302,1.);
#2876=VECTOR('',#4303,1.);
#2877=VECTOR('',#4306,1.);
#2878=VECTOR('',#4309,1.);
#2879=VECTOR('',#4310,1.);
#2880=VECTOR('',#4313,1.);
#2881=VECTOR('',#4314,1.);
#2882=VECTOR('',#4325,1.);
#2883=VECTOR('',#4326,1.);
#2884=VECTOR('',#4329,1.);
#2885=VECTOR('',#4330,1.);
#2886=VECTOR('',#4337,1.);
#2887=VECTOR('',#4354,1.);
#2888=VECTOR('',#4355,1.);
#2889=VECTOR('',#4356,1.);
#2890=VECTOR('',#4359,1.);
#2891=VECTOR('',#4362,1.);
#2892=VECTOR('',#4367,1.);
#2893=VECTOR('',#4368,1.);
#2894=VECTOR('',#4371,1.);
#2895=VECTOR('',#4376,1.);
#2896=VECTOR('',#4377,1.);
#2897=VECTOR('',#4380,1.);
#2898=VECTOR('',#4385,1.);
#2899=VECTOR('',#4388,1.);
#2900=VECTOR('',#4391,1.);
#2901=VECTOR('',#4396,1.);
#2902=VECTOR('',#4399,1.);
#2903=VECTOR('',#4402,1.);
#2904=VECTOR('',#4409,1.);
#2905=VECTOR('',#4410,1.);
#2906=VECTOR('',#4411,1.);
#2907=VECTOR('',#4412,1.);
#2908=VECTOR('',#4415,1.);
#2909=VECTOR('',#4416,1.);
#2910=VECTOR('',#4417,1.);
#2911=VECTOR('',#4420,1.);
#2912=VECTOR('',#4421,1.);
#2913=VECTOR('',#4422,1.);
#2914=VECTOR('',#4425,1.);
#2915=VECTOR('',#4426,1.);
#2916=VECTOR('',#4427,1.);
#2917=VECTOR('',#4428,1.);
#2918=VECTOR('',#4431,1.);
#2919=VECTOR('',#4432,1.);
#2920=VECTOR('',#4433,1.);
#2921=VECTOR('',#4434,1.);
#2922=VECTOR('',#4439,1.);
#2923=VECTOR('',#4442,1.);
#2924=VECTOR('',#4443,1.);
#2925=VECTOR('',#4444,1.);
#2926=VECTOR('',#4445,1.);
#2927=VECTOR('',#4446,1.);
#2928=VECTOR('',#4447,1.);
#2929=VECTOR('',#4450,1.);
#2930=VECTOR('',#4451,1.);
#2931=VECTOR('',#4452,1.);
#2932=VECTOR('',#4453,1.);
#2933=VECTOR('',#4456,1.);
#2934=VECTOR('',#4459,1.);
#2935=VECTOR('',#4460,1.);
#2936=VECTOR('',#4461,1.);
#2937=VECTOR('',#4462,1.);
#2938=VECTOR('',#4463,1.);
#2939=VECTOR('',#4466,1.);
#2940=VECTOR('',#4467,1.);
#2941=VECTOR('',#4468,1.);
#2942=VECTOR('',#4471,1.);
#2943=VECTOR('',#4474,1.);
#2944=VECTOR('',#4475,1.);
#2945=VECTOR('',#4476,1.);
#2946=VECTOR('',#4479,1.);
#2947=VECTOR('',#4480,1.);
#2948=VECTOR('',#4483,1.);
#2949=VECTOR('',#4486,1.);
#2950=VECTOR('',#4489,1.);
#2951=VECTOR('',#4490,1.);
#2952=VECTOR('',#4495,1.);
#2953=VECTOR('',#4498,1.);
#2954=VECTOR('',#4501,1.);
#2955=VECTOR('',#4502,1.);
#2956=VECTOR('',#4507,1.);
#2957=VECTOR('',#4510,1.);
#2958=VECTOR('',#4511,1.);
#2959=VECTOR('',#4514,1.);
#2960=VECTOR('',#4515,1.);
#2961=VECTOR('',#4518,1.);
#2962=VECTOR('',#4519,1.);
#2963=VECTOR('',#4522,1.);
#2964=VECTOR('',#4523,1.);
#2965=VECTOR('',#4526,1.);
#2966=VECTOR('',#4529,1.);
#2967=EDGE_LOOP('',(#300,#301,#302,#303,#304,#305,#306,#307,#308,#309));
#2968=EDGE_LOOP('',(#310,#311,#312,#313,#314,#315,#316,#317,#318,#319,#320,
#321,#322,#323,#324,#325,#326,#327,#328,#329,#330,#331,#332,#333,#334,#335,
#336,#337));
#2969=EDGE_LOOP('',(#338,#339,#340,#341,#342,#343));
#2970=EDGE_LOOP('',(#344,#345,#346));
#2971=EDGE_LOOP('',(#347,#348,#349,#350,#351,#352,#353,#354,#355,#356,#357,
#358,#359,#360,#361,#362,#363,#364,#365,#366,#367,#368,#369,#370,#371,#372,
#373,#374,#375,#376,#377,#378,#379,#380,#381));
#2972=EDGE_LOOP('',(#382,#383,#384,#385));
#2973=EDGE_LOOP('',(#386,#387,#388,#389,#390,#391,#392));
#2974=EDGE_LOOP('',(#393,#394,#395,#396));
#2975=EDGE_LOOP('',(#397,#398,#399,#400,#401,#402,#403,#404,#405,#406,#407,
#408,#409,#410,#411,#412));
#2976=EDGE_LOOP('',(#413,#414,#415,#416,#417,#418,#419,#420,#421,#422,#423,
#424,#425,#426,#427));
#2977=EDGE_LOOP('',(#428,#429,#430,#431));
#2978=EDGE_LOOP('',(#432,#433,#434,#435,#436,#437,#438,#439,#440,#441,#442,
#443,#444,#445,#446,#447));
#2979=EDGE_LOOP('',(#448,#449,#450,#451,#452,#453));
#2980=EDGE_LOOP('',(#454,#455,#456,#457,#458));
#2981=EDGE_LOOP('',(#459,#460,#461,#462,#463));
#2982=EDGE_LOOP('',(#464,#465,#466,#467,#468,#469));
#2983=EDGE_LOOP('',(#470,#471,#472,#473));
#2984=EDGE_LOOP('',(#474,#475,#476,#477,#478));
#2985=EDGE_LOOP('',(#479,#480,#481,#482));
#2986=EDGE_LOOP('',(#483,#484,#485,#486));
#2987=EDGE_LOOP('',(#487,#488,#489,#490));
#2988=EDGE_LOOP('',(#491,#492,#493,#494,#495,#496,#497,#498));
#2989=EDGE_LOOP('',(#499,#500,#501));
#2990=EDGE_LOOP('',(#502,#503,#504,#505));
#2991=EDGE_LOOP('',(#506,#507,#508,#509,#510,#511,#512));
#2992=EDGE_LOOP('',(#513,#514,#515,#516,#517));
#2993=EDGE_LOOP('',(#518,#519,#520,#521));
#2994=EDGE_LOOP('',(#522,#523,#524,#525));
#2995=EDGE_LOOP('',(#526,#527,#528,#529,#530,#531,#532,#533,#534,#535));
#2996=EDGE_LOOP('',(#536,#537,#538,#539,#540,#541,#542,#543));
#2997=EDGE_LOOP('',(#544,#545,#546,#547,#548,#549,#550,#551,#552,#553,#554));
#2998=EDGE_LOOP('',(#555,#556,#557,#558,#559,#560,#561,#562));
#2999=EDGE_LOOP('',(#563,#564,#565,#566));
#3000=EDGE_LOOP('',(#567,#568,#569));
#3001=EDGE_LOOP('',(#570,#571,#572));
#3002=EDGE_LOOP('',(#573,#574,#575,#576));
#3003=EDGE_LOOP('',(#577,#578,#579,#580));
#3004=EDGE_LOOP('',(#581,#582,#583,#584));
#3005=EDGE_LOOP('',(#585,#586,#587,#588));
#3006=EDGE_LOOP('',(#589,#590,#591,#592));
#3007=EDGE_LOOP('',(#593,#594,#595,#596,#597,#598,#599,#600));
#3008=EDGE_LOOP('',(#601,#602,#603,#604));
#3009=EDGE_LOOP('',(#605,#606,#607,#608,#609,#610));
#3010=EDGE_LOOP('',(#611,#612,#613,#614));
#3011=EDGE_LOOP('',(#615,#616,#617,#618,#619,#620,#621,#622,#623));
#3012=EDGE_LOOP('',(#624,#625,#626,#627,#628,#629,#630,#631,#632));
#3013=EDGE_LOOP('',(#633,#634,#635,#636));
#3014=EDGE_LOOP('',(#637,#638,#639,#640,#641,#642,#643,#644,#645,#646,#647,
#648,#649,#650,#651,#652,#653,#654,#655,#656,#657,#658,#659));
#3015=EDGE_LOOP('',(#660,#661,#662,#663,#664,#665,#666,#667,#668,#669,#670,
#671,#672,#673,#674,#675));
#3016=EDGE_LOOP('',(#676,#677,#678,#679,#680,#681,#682,#683,#684,#685,#686,
#687,#688,#689,#690,#691,#692,#693,#694,#695));
#3017=EDGE_LOOP('',(#696,#697,#698,#699,#700));
#3018=EDGE_LOOP('',(#701,#702,#703,#704,#705,#706));
#3019=EDGE_LOOP('',(#707,#708,#709,#710,#711));
#3020=EDGE_LOOP('',(#712,#713,#714,#715,#716));
#3021=EDGE_LOOP('',(#717,#718,#719,#720,#721));
#3022=EDGE_LOOP('',(#722,#723,#724,#725));
#3023=EDGE_LOOP('',(#726,#727,#728,#729,#730,#731,#732,#733,#734));
#3024=EDGE_LOOP('',(#735,#736,#737,#738,#739,#740));
#3025=EDGE_LOOP('',(#741,#742,#743,#744,#745,#746,#747));
#3026=EDGE_LOOP('',(#748,#749,#750,#751,#752));
#3027=EDGE_LOOP('',(#753,#754,#755,#756));
#3028=EDGE_LOOP('',(#757,#758,#759,#760));
#3029=EDGE_LOOP('',(#761,#762,#763,#764));
#3030=EDGE_LOOP('',(#765,#766,#767));
#3031=EDGE_LOOP('',(#768,#769,#770,#771));
#3032=EDGE_LOOP('',(#772,#773,#774,#775));
#3033=EDGE_LOOP('',(#776,#777,#778,#779));
#3034=EDGE_LOOP('',(#780,#781,#782,#783));
#3035=EDGE_LOOP('',(#784,#785,#786,#787));
#3036=EDGE_LOOP('',(#788,#789,#790,#791,#792));
#3037=EDGE_LOOP('',(#793,#794,#795,#796,#797,#798));
#3038=EDGE_LOOP('',(#799,#800,#801,#802,#803,#804));
#3039=EDGE_LOOP('',(#805,#806,#807));
#3040=EDGE_LOOP('',(#808,#809,#810,#811,#812,#813));
#3041=EDGE_LOOP('',(#814,#815,#816,#817,#818,#819));
#3042=EDGE_LOOP('',(#820,#821,#822));
#3043=EDGE_LOOP('',(#823,#824,#825));
#3044=EDGE_LOOP('',(#826,#827,#828,#829));
#3045=EDGE_LOOP('',(#830,#831,#832,#833,#834));
#3046=EDGE_LOOP('',(#835,#836,#837,#838));
#3047=EDGE_LOOP('',(#839,#840,#841,#842));
#3048=EDGE_LOOP('',(#843,#844,#845,#846));
#3049=EDGE_LOOP('',(#847,#848,#849,#850));
#3050=EDGE_LOOP('',(#851,#852,#853,#854));
#3051=EDGE_LOOP('',(#855,#856,#857,#858));
#3052=EDGE_LOOP('',(#859,#860,#861,#862,#863));
#3053=EDGE_LOOP('',(#864,#865,#866,#867,#868));
#3054=EDGE_LOOP('',(#869,#870,#871));
#3055=EDGE_LOOP('',(#872,#873,#874));
#3056=EDGE_LOOP('',(#875,#876,#877,#878));
#3057=EDGE_LOOP('',(#879,#880,#881,#882));
#3058=EDGE_LOOP('',(#883,#884,#885,#886));
#3059=EDGE_LOOP('',(#887,#888,#889,#890,#891,#892,#893,#894,#895,#896,#897,
#898,#899,#900,#901,#902,#903,#904,#905,#906,#907,#908,#909,#910,#911));
#3060=EDGE_LOOP('',(#912,#913,#914,#915,#916));
#3061=EDGE_LOOP('',(#917,#918,#919,#920,#921));
#3062=EDGE_LOOP('',(#922,#923,#924,#925,#926,#927));
#3063=EDGE_LOOP('',(#928,#929,#930,#931));
#3064=EDGE_LOOP('',(#932,#933,#934,#935));
#3065=EDGE_LOOP('',(#936,#937,#938,#939));
#3066=EDGE_LOOP('',(#940,#941,#942,#943,#944,#945,#946,#947,#948,#949,#950,
#951,#952,#953,#954));
#3067=EDGE_LOOP('',(#955,#956,#957,#958));
#3068=EDGE_LOOP('',(#959,#960,#961,#962));
#3069=EDGE_LOOP('',(#963,#964,#965,#966));
#3070=EDGE_LOOP('',(#967,#968,#969,#970));
#3071=EDGE_LOOP('',(#971,#972,#973,#974,#975,#976,#977,#978));
#3072=EDGE_LOOP('',(#979,#980,#981,#982));
#3073=EDGE_LOOP('',(#983,#984,#985,#986));
#3074=EDGE_LOOP('',(#987,#988,#989,#990,#991,#992,#993,#994));
#3075=EDGE_LOOP('',(#995,#996,#997,#998));
#3076=EDGE_LOOP('',(#999,#1000,#1001,#1002));
#3077=EDGE_LOOP('',(#1003,#1004,#1005,#1006,#1007));
#3078=EDGE_LOOP('',(#1008,#1009,#1010,#1011,#1012));
#3079=EDGE_LOOP('',(#1013,#1014,#1015,#1016,#1017,#1018,#1019,#1020,#1021));
#3080=EDGE_LOOP('',(#1022,#1023,#1024,#1025));
#3081=EDGE_LOOP('',(#1026,#1027,#1028,#1029));
#3082=EDGE_LOOP('',(#1030,#1031,#1032,#1033));
#3083=EDGE_LOOP('',(#1034,#1035,#1036,#1037));
#3084=EDGE_LOOP('',(#1038,#1039,#1040,#1041));
#3085=EDGE_LOOP('',(#1042,#1043,#1044,#1045));
#3086=EDGE_LOOP('',(#1046,#1047,#1048,#1049));
#3087=EDGE_LOOP('',(#1050,#1051,#1052,#1053,#1054));
#3088=EDGE_LOOP('',(#1055,#1056,#1057,#1058,#1059));
#3089=EDGE_LOOP('',(#1060,#1061,#1062,#1063));
#3090=EDGE_LOOP('',(#1064,#1065,#1066,#1067));
#3091=EDGE_LOOP('',(#1068,#1069,#1070,#1071));
#3092=EDGE_LOOP('',(#1072,#1073,#1074,#1075));
#3093=EDGE_LOOP('',(#1076,#1077,#1078,#1079));
#3094=EDGE_LOOP('',(#1080,#1081,#1082,#1083));
#3095=EDGE_LOOP('',(#1084,#1085,#1086,#1087,#1088,#1089));
#3096=EDGE_LOOP('',(#1090,#1091,#1092,#1093));
#3097=EDGE_LOOP('',(#1094));
#3098=EDGE_LOOP('',(#1095));
#3099=EDGE_LOOP('',(#1096,#1097,#1098,#1099,#1100,#1101));
#3100=EDGE_LOOP('',(#1102,#1103,#1104,#1105));
#3101=EDGE_LOOP('',(#1106));
#3102=EDGE_LOOP('',(#1107));
#3103=EDGE_LOOP('',(#1108));
#3104=EDGE_LOOP('',(#1109));
#3105=EDGE_LOOP('',(#1110));
#3106=EDGE_LOOP('',(#1111));
#3107=EDGE_LOOP('',(#1112,#1113,#1114,#1115));
#3108=EDGE_LOOP('',(#1116,#1117,#1118,#1119));
#3109=EDGE_LOOP('',(#1120,#1121,#1122,#1123));
#3110=EDGE_LOOP('',(#1124,#1125,#1126,#1127));
#3111=EDGE_LOOP('',(#1128,#1129,#1130,#1131));
#3112=EDGE_LOOP('',(#1132,#1133,#1134,#1135));
#3113=EDGE_LOOP('',(#1136,#1137,#1138,#1139));
#3114=EDGE_LOOP('',(#1140,#1141,#1142,#1143));
#3115=EDGE_LOOP('',(#1144,#1145,#1146));
#3116=EDGE_LOOP('',(#1147,#1148,#1149,#1150));
#3117=EDGE_LOOP('',(#1151,#1152,#1153,#1154));
#3118=EDGE_LOOP('',(#1155,#1156,#1157));
#3119=EDGE_LOOP('',(#1158,#1159,#1160,#1161));
#3120=EDGE_LOOP('',(#1162,#1163,#1164,#1165));
#3121=EDGE_LOOP('',(#1166,#1167,#1168,#1169,#1170));
#3122=EDGE_LOOP('',(#1171,#1172,#1173,#1174,#1175));
#3123=EDGE_LOOP('',(#1176,#1177,#1178,#1179));
#3124=EDGE_LOOP('',(#1180,#1181,#1182));
#3125=EDGE_LOOP('',(#1183,#1184,#1185,#1186,#1187));
#3126=EDGE_LOOP('',(#1188,#1189,#1190,#1191,#1192,#1193));
#3127=EDGE_LOOP('',(#1194,#1195,#1196,#1197));
#3128=EDGE_LOOP('',(#1198,#1199,#1200,#1201));
#3129=EDGE_LOOP('',(#1202,#1203,#1204,#1205));
#3130=EDGE_LOOP('',(#1206,#1207,#1208,#1209));
#3131=EDGE_LOOP('',(#1210,#1211,#1212,#1213));
#3132=EDGE_LOOP('',(#1214,#1215,#1216,#1217));
#3133=EDGE_LOOP('',(#1218,#1219,#1220,#1221));
#3134=EDGE_LOOP('',(#1222,#1223,#1224,#1225,#1226,#1227));
#3135=EDGE_LOOP('',(#1228,#1229,#1230,#1231));
#3136=EDGE_LOOP('',(#1232,#1233,#1234,#1235,#1236,#1237,#1238));
#3137=EDGE_LOOP('',(#1239,#1240,#1241));
#3138=EDGE_LOOP('',(#1242,#1243,#1244,#1245,#1246,#1247));
#3139=EDGE_LOOP('',(#1248,#1249,#1250));
#3140=EDGE_LOOP('',(#1251,#1252,#1253,#1254));
#3141=EDGE_LOOP('',(#1255,#1256,#1257,#1258,#1259));
#3142=EDGE_LOOP('',(#1260,#1261,#1262,#1263,#1264,#1265,#1266,#1267));
#3143=EDGE_LOOP('',(#1268,#1269,#1270));
#3144=EDGE_LOOP('',(#1271,#1272,#1273,#1274));
#3145=EDGE_LOOP('',(#1275,#1276,#1277,#1278));
#3146=EDGE_LOOP('',(#1279,#1280,#1281,#1282,#1283,#1284,#1285));
#3147=EDGE_LOOP('',(#1286,#1287,#1288,#1289,#1290,#1291,#1292,#1293,#1294,
#1295,#1296,#1297,#1298,#1299,#1300,#1301,#1302));
#3148=EDGE_LOOP('',(#1303,#1304,#1305,#1306));
#3149=EDGE_LOOP('',(#1307,#1308,#1309,#1310,#1311,#1312,#1313,#1314,#1315,
#1316));
#3150=EDGE_LOOP('',(#1317,#1318,#1319,#1320));
#3151=EDGE_LOOP('',(#1321,#1322,#1323,#1324,#1325,#1326,#1327,#1328,#1329,
#1330));
#3152=EDGE_LOOP('',(#1331,#1332,#1333));
#3153=EDGE_LOOP('',(#1334,#1335,#1336,#1337));
#3154=EDGE_LOOP('',(#1338,#1339,#1340,#1341));
#3155=EDGE_LOOP('',(#1342,#1343,#1344,#1345,#1346,#1347));
#3156=EDGE_LOOP('',(#1348,#1349,#1350,#1351,#1352,#1353));
#3157=EDGE_LOOP('',(#1354,#1355,#1356,#1357,#1358,#1359,#1360,#1361,#1362,
#1363,#1364));
#3158=EDGE_LOOP('',(#1365,#1366,#1367,#1368,#1369));
#3159=EDGE_LOOP('',(#1370,#1371,#1372,#1373,#1374,#1375));
#3160=EDGE_LOOP('',(#1376,#1377,#1378,#1379));
#3161=EDGE_LOOP('',(#1380,#1381,#1382,#1383));
#3162=EDGE_LOOP('',(#1384,#1385,#1386,#1387));
#3163=EDGE_LOOP('',(#1388,#1389,#1390,#1391));
#3164=FACE_BOUND('',#2967,.T.);
#3165=FACE_BOUND('',#2968,.T.);
#3166=FACE_BOUND('',#2969,.T.);
#3167=FACE_BOUND('',#2970,.T.);
#3168=FACE_BOUND('',#2971,.T.);
#3169=FACE_BOUND('',#2972,.T.);
#3170=FACE_BOUND('',#2973,.T.);
#3171=FACE_BOUND('',#2974,.T.);
#3172=FACE_BOUND('',#2975,.T.);
#3173=FACE_BOUND('',#2976,.T.);
#3174=FACE_BOUND('',#2977,.T.);
#3175=FACE_BOUND('',#2978,.T.);
#3176=FACE_BOUND('',#2979,.T.);
#3177=FACE_BOUND('',#2980,.T.);
#3178=FACE_BOUND('',#2981,.T.);
#3179=FACE_BOUND('',#2982,.T.);
#3180=FACE_BOUND('',#2983,.T.);
#3181=FACE_BOUND('',#2984,.T.);
#3182=FACE_BOUND('',#2985,.T.);
#3183=FACE_BOUND('',#2986,.T.);
#3184=FACE_BOUND('',#2987,.T.);
#3185=FACE_BOUND('',#2988,.T.);
#3186=FACE_BOUND('',#2989,.T.);
#3187=FACE_BOUND('',#2990,.T.);
#3188=FACE_BOUND('',#2991,.T.);
#3189=FACE_BOUND('',#2992,.T.);
#3190=FACE_BOUND('',#2993,.T.);
#3191=FACE_BOUND('',#2994,.T.);
#3192=FACE_BOUND('',#2995,.T.);
#3193=FACE_BOUND('',#2996,.T.);
#3194=FACE_BOUND('',#2997,.T.);
#3195=FACE_BOUND('',#2998,.T.);
#3196=FACE_BOUND('',#2999,.T.);
#3197=FACE_BOUND('',#3000,.T.);
#3198=FACE_BOUND('',#3001,.T.);
#3199=FACE_BOUND('',#3002,.T.);
#3200=FACE_BOUND('',#3003,.T.);
#3201=FACE_BOUND('',#3004,.T.);
#3202=FACE_BOUND('',#3005,.T.);
#3203=FACE_BOUND('',#3006,.T.);
#3204=FACE_BOUND('',#3007,.T.);
#3205=FACE_BOUND('',#3008,.T.);
#3206=FACE_BOUND('',#3009,.T.);
#3207=FACE_BOUND('',#3010,.T.);
#3208=FACE_BOUND('',#3011,.T.);
#3209=FACE_BOUND('',#3012,.T.);
#3210=FACE_BOUND('',#3013,.T.);
#3211=FACE_BOUND('',#3014,.T.);
#3212=FACE_BOUND('',#3015,.T.);
#3213=FACE_BOUND('',#3016,.T.);
#3214=FACE_BOUND('',#3017,.T.);
#3215=FACE_BOUND('',#3018,.T.);
#3216=FACE_BOUND('',#3019,.T.);
#3217=FACE_BOUND('',#3020,.T.);
#3218=FACE_BOUND('',#3021,.T.);
#3219=FACE_BOUND('',#3022,.T.);
#3220=FACE_BOUND('',#3023,.T.);
#3221=FACE_BOUND('',#3024,.T.);
#3222=FACE_BOUND('',#3025,.T.);
#3223=FACE_BOUND('',#3026,.T.);
#3224=FACE_BOUND('',#3027,.T.);
#3225=FACE_BOUND('',#3028,.T.);
#3226=FACE_BOUND('',#3029,.T.);
#3227=FACE_BOUND('',#3030,.T.);
#3228=FACE_BOUND('',#3031,.T.);
#3229=FACE_BOUND('',#3032,.T.);
#3230=FACE_BOUND('',#3033,.T.);
#3231=FACE_BOUND('',#3034,.T.);
#3232=FACE_BOUND('',#3035,.T.);
#3233=FACE_BOUND('',#3036,.T.);
#3234=FACE_BOUND('',#3037,.T.);
#3235=FACE_BOUND('',#3038,.T.);
#3236=FACE_BOUND('',#3039,.T.);
#3237=FACE_BOUND('',#3040,.T.);
#3238=FACE_BOUND('',#3041,.T.);
#3239=FACE_BOUND('',#3042,.T.);
#3240=FACE_BOUND('',#3043,.T.);
#3241=FACE_BOUND('',#3044,.T.);
#3242=FACE_BOUND('',#3045,.T.);
#3243=FACE_BOUND('',#3046,.T.);
#3244=FACE_BOUND('',#3047,.T.);
#3245=FACE_BOUND('',#3048,.T.);
#3246=FACE_BOUND('',#3049,.T.);
#3247=FACE_BOUND('',#3050,.T.);
#3248=FACE_BOUND('',#3051,.T.);
#3249=FACE_BOUND('',#3052,.T.);
#3250=FACE_BOUND('',#3053,.T.);
#3251=FACE_BOUND('',#3054,.T.);
#3252=FACE_BOUND('',#3055,.T.);
#3253=FACE_BOUND('',#3056,.T.);
#3254=FACE_BOUND('',#3057,.T.);
#3255=FACE_BOUND('',#3058,.T.);
#3256=FACE_BOUND('',#3059,.T.);
#3257=FACE_BOUND('',#3060,.T.);
#3258=FACE_BOUND('',#3061,.T.);
#3259=FACE_BOUND('',#3062,.T.);
#3260=FACE_BOUND('',#3063,.T.);
#3261=FACE_BOUND('',#3064,.T.);
#3262=FACE_BOUND('',#3065,.T.);
#3263=FACE_BOUND('',#3066,.T.);
#3264=FACE_BOUND('',#3067,.T.);
#3265=FACE_BOUND('',#3068,.T.);
#3266=FACE_BOUND('',#3069,.T.);
#3267=FACE_BOUND('',#3070,.T.);
#3268=FACE_BOUND('',#3071,.T.);
#3269=FACE_BOUND('',#3072,.T.);
#3270=FACE_BOUND('',#3073,.T.);
#3271=FACE_BOUND('',#3074,.T.);
#3272=FACE_BOUND('',#3075,.T.);
#3273=FACE_BOUND('',#3076,.T.);
#3274=FACE_BOUND('',#3077,.T.);
#3275=FACE_BOUND('',#3078,.T.);
#3276=FACE_BOUND('',#3079,.T.);
#3277=FACE_BOUND('',#3080,.T.);
#3278=FACE_BOUND('',#3081,.T.);
#3279=FACE_BOUND('',#3082,.T.);
#3280=FACE_BOUND('',#3083,.T.);
#3281=FACE_BOUND('',#3084,.T.);
#3282=FACE_BOUND('',#3085,.T.);
#3283=FACE_BOUND('',#3086,.T.);
#3284=FACE_BOUND('',#3087,.T.);
#3285=FACE_BOUND('',#3088,.T.);
#3286=FACE_BOUND('',#3089,.T.);
#3287=FACE_BOUND('',#3090,.T.);
#3288=FACE_BOUND('',#3091,.T.);
#3289=FACE_BOUND('',#3092,.T.);
#3290=FACE_BOUND('',#3093,.T.);
#3291=FACE_BOUND('',#3094,.T.);
#3292=FACE_BOUND('',#3095,.T.);
#3293=FACE_BOUND('',#3096,.T.);
#3294=FACE_BOUND('',#3097,.T.);
#3295=FACE_BOUND('',#3098,.T.);
#3296=FACE_BOUND('',#3099,.T.);
#3297=FACE_BOUND('',#3100,.T.);
#3298=FACE_BOUND('',#3101,.T.);
#3299=FACE_BOUND('',#3102,.T.);
#3300=FACE_BOUND('',#3103,.T.);
#3301=FACE_BOUND('',#3104,.T.);
#3302=FACE_BOUND('',#3105,.T.);
#3303=FACE_BOUND('',#3106,.T.);
#3304=FACE_BOUND('',#3107,.T.);
#3305=FACE_BOUND('',#3108,.T.);
#3306=FACE_BOUND('',#3109,.T.);
#3307=FACE_BOUND('',#3110,.T.);
#3308=FACE_BOUND('',#3111,.T.);
#3309=FACE_BOUND('',#3112,.T.);
#3310=FACE_BOUND('',#3113,.T.);
#3311=FACE_BOUND('',#3114,.T.);
#3312=FACE_BOUND('',#3115,.T.);
#3313=FACE_BOUND('',#3116,.T.);
#3314=FACE_BOUND('',#3117,.T.);
#3315=FACE_BOUND('',#3118,.T.);
#3316=FACE_BOUND('',#3119,.T.);
#3317=FACE_BOUND('',#3120,.T.);
#3318=FACE_BOUND('',#3121,.T.);
#3319=FACE_BOUND('',#3122,.T.);
#3320=FACE_BOUND('',#3123,.T.);
#3321=FACE_BOUND('',#3124,.T.);
#3322=FACE_BOUND('',#3125,.T.);
#3323=FACE_BOUND('',#3126,.T.);
#3324=FACE_BOUND('',#3127,.T.);
#3325=FACE_BOUND('',#3128,.T.);
#3326=FACE_BOUND('',#3129,.T.);
#3327=FACE_BOUND('',#3130,.T.);
#3328=FACE_BOUND('',#3131,.T.);
#3329=FACE_BOUND('',#3132,.T.);
#3330=FACE_BOUND('',#3133,.T.);
#3331=FACE_BOUND('',#3134,.T.);
#3332=FACE_BOUND('',#3135,.T.);
#3333=FACE_BOUND('',#3136,.T.);
#3334=FACE_BOUND('',#3137,.T.);
#3335=FACE_BOUND('',#3138,.T.);
#3336=FACE_BOUND('',#3139,.T.);
#3337=FACE_BOUND('',#3140,.T.);
#3338=FACE_BOUND('',#3141,.T.);
#3339=FACE_BOUND('',#3142,.T.);
#3340=FACE_BOUND('',#3143,.T.);
#3341=FACE_BOUND('',#3144,.T.);
#3342=FACE_BOUND('',#3145,.T.);
#3343=FACE_BOUND('',#3146,.T.);
#3344=FACE_BOUND('',#3147,.T.);
#3345=FACE_BOUND('',#3148,.T.);
#3346=FACE_BOUND('',#3149,.T.);
#3347=FACE_BOUND('',#3150,.T.);
#3348=FACE_BOUND('',#3151,.T.);
#3349=FACE_BOUND('',#3152,.T.);
#3350=FACE_BOUND('',#3153,.T.);
#3351=FACE_BOUND('',#3154,.T.);
#3352=FACE_BOUND('',#3155,.T.);
#3353=FACE_BOUND('',#3156,.T.);
#3354=FACE_BOUND('',#3157,.T.);
#3355=FACE_BOUND('',#3158,.T.);
#3356=FACE_BOUND('',#3159,.T.);
#3357=FACE_BOUND('',#3160,.T.);
#3358=FACE_BOUND('',#3161,.T.);
#3359=FACE_BOUND('',#3162,.T.);
#3360=FACE_BOUND('',#3163,.T.);
#3361=PLANE('',#3690);
#3362=PLANE('',#3691);
#3363=PLANE('',#3692);
#3364=PLANE('',#3693);
#3365=PLANE('',#3694);
#3366=PLANE('',#3695);
#3367=PLANE('',#3696);
#3368=PLANE('',#3697);
#3369=PLANE('',#3698);
#3370=PLANE('',#3699);
#3371=PLANE('',#3700);
#3372=PLANE('',#3701);
#3373=PLANE('',#3702);
#3374=PLANE('',#3703);
#3375=PLANE('',#3704);
#3376=PLANE('',#3705);
#3377=PLANE('',#3706);
#3378=PLANE('',#3707);
#3379=PLANE('',#3710);
#3380=PLANE('',#3711);
#3381=PLANE('',#3712);
#3382=PLANE('',#3714);
#3383=PLANE('',#3719);
#3384=PLANE('',#3727);
#3385=PLANE('',#3730);
#3386=PLANE('',#3732);
#3387=PLANE('',#3734);
#3388=PLANE('',#3735);
#3389=PLANE('',#3736);
#3390=PLANE('',#3737);
#3391=PLANE('',#3739);
#3392=PLANE('',#3740);
#3393=PLANE('',#3741);
#3394=PLANE('',#3742);
#3395=PLANE('',#3743);
#3396=PLANE('',#3744);
#3397=PLANE('',#3745);
#3398=PLANE('',#3746);
#3399=PLANE('',#3747);
#3400=PLANE('',#3748);
#3401=PLANE('',#3749);
#3402=PLANE('',#3750);
#3403=PLANE('',#3751);
#3404=PLANE('',#3752);
#3405=PLANE('',#3753);
#3406=PLANE('',#3761);
#3407=PLANE('',#3762);
#3408=PLANE('',#3763);
#3409=PLANE('',#3764);
#3410=PLANE('',#3765);
#3411=PLANE('',#3766);
#3412=PLANE('',#3767);
#3413=PLANE('',#3768);
#3414=PLANE('',#3769);
#3415=PLANE('',#3771);
#3416=PLANE('',#3772);
#3417=PLANE('',#3773);
#3418=PLANE('',#3774);
#3419=PLANE('',#3778);
#3420=PLANE('',#3779);
#3421=PLANE('',#3780);
#3422=PLANE('',#3781);
#3423=PLANE('',#3782);
#3424=PLANE('',#3783);
#3425=PLANE('',#3784);
#3426=PLANE('',#3785);
#3427=PLANE('',#3786);
#3428=PLANE('',#3787);
#3429=PLANE('',#3788);
#3430=PLANE('',#3789);
#3431=PLANE('',#3790);
#3432=PLANE('',#3791);
#3433=PLANE('',#3796);
#3434=PLANE('',#3797);
#3435=PLANE('',#3798);
#3436=PLANE('',#3801);
#3437=PLANE('',#3804);
#3438=PLANE('',#3807);
#3439=PLANE('',#3808);
#3440=PLANE('',#3809);
#3441=PLANE('',#3810);
#3442=PLANE('',#3811);
#3443=PLANE('',#3812);
#3444=PLANE('',#3813);
#3445=PLANE('',#3814);
#3446=PLANE('',#3815);
#3447=PLANE('',#3816);
#3448=PLANE('',#3817);
#3449=PLANE('',#3818);
#3450=PLANE('',#3819);
#3451=PLANE('',#3820);
#3452=PLANE('',#3821);
#3453=PLANE('',#3822);
#3454=PLANE('',#3823);
#3455=PLANE('',#3824);
#3456=PLANE('',#3825);
#3457=PLANE('',#3827);
#3458=PLANE('',#3828);
#3459=PLANE('',#3829);
#3460=PLANE('',#3830);
#3461=PLANE('',#3831);
#3462=PLANE('',#3833);
#3463=PLANE('',#3835);
#3464=PLANE('',#3836);
#3465=PLANE('',#3838);
#3466=PLANE('',#3839);
#3467=PLANE('',#3841);
#3468=PLANE('',#3842);
#3469=PLANE('',#3846);
#3470=PLANE('',#3850);
#3471=PLANE('',#3851);
#3472=PLANE('',#3852);
#3473=PLANE('',#3853);
#3474=PLANE('',#3854);
#3475=PLANE('',#3855);
#3476=PLANE('',#3856);
#3477=ADVANCED_FACE('',(#3164,#3165),#3361,.T.);
#3478=ADVANCED_FACE('',(#3166),#69,.F.);
#3479=ADVANCED_FACE('',(#3167),#3362,.F.);
#3480=ADVANCED_FACE('',(#3168),#3363,.F.);
#3481=ADVANCED_FACE('',(#3169),#3364,.T.);
#3482=ADVANCED_FACE('',(#3170),#70,.T.);
#3483=ADVANCED_FACE('',(#3171),#71,.T.);
#3484=ADVANCED_FACE('',(#3172),#72,.F.);
#3485=ADVANCED_FACE('',(#3173),#73,.F.);
#3486=ADVANCED_FACE('',(#3174),#74,.T.);
#3487=ADVANCED_FACE('',(#3175),#75,.T.);
#3488=ADVANCED_FACE('',(#3176),#3365,.T.);
#3489=ADVANCED_FACE('',(#3177),#76,.T.);
#3490=ADVANCED_FACE('',(#3178),#77,.T.);
#3491=ADVANCED_FACE('',(#3179),#78,.T.);
#3492=ADVANCED_FACE('',(#3180),#79,.T.);
#3493=ADVANCED_FACE('',(#3181),#3366,.T.);
#3494=ADVANCED_FACE('',(#3182),#80,.T.);
#3495=ADVANCED_FACE('',(#3183),#81,.T.);
#3496=ADVANCED_FACE('',(#3184),#82,.T.);
#3497=ADVANCED_FACE('',(#3185),#83,.T.);
#3498=ADVANCED_FACE('',(#3186),#3367,.T.);
#3499=ADVANCED_FACE('',(#3187),#84,.T.);
#3500=ADVANCED_FACE('',(#3188),#3368,.T.);
#3501=ADVANCED_FACE('',(#3189),#3369,.T.);
#3502=ADVANCED_FACE('',(#3190),#3370,.T.);
#3503=ADVANCED_FACE('',(#3191),#3371,.T.);
#3504=ADVANCED_FACE('',(#3192),#3372,.T.);
#3505=ADVANCED_FACE('',(#3193),#3373,.T.);
#3506=ADVANCED_FACE('',(#3194),#3374,.F.);
#3507=ADVANCED_FACE('',(#3195),#3375,.F.);
#3508=ADVANCED_FACE('',(#3196),#3376,.F.);
#3509=ADVANCED_FACE('',(#3197),#3377,.T.);
#3510=ADVANCED_FACE('',(#3198),#3378,.T.);
#3511=ADVANCED_FACE('',(#3199),#50,.T.);
#3512=ADVANCED_FACE('',(#3200),#85,.F.);
#3513=ADVANCED_FACE('',(#3201),#3379,.F.);
#3514=ADVANCED_FACE('',(#3202),#86,.F.);
#3515=ADVANCED_FACE('',(#3203),#87,.F.);
#3516=ADVANCED_FACE('',(#3204),#88,.F.);
#3517=ADVANCED_FACE('',(#3205),#89,.F.);
#3518=ADVANCED_FACE('',(#3206),#90,.F.);
#3519=ADVANCED_FACE('',(#3207),#3380,.F.);
#3520=ADVANCED_FACE('',(#3208),#91,.F.);
#3521=ADVANCED_FACE('',(#3209),#3381,.T.);
#3522=ADVANCED_FACE('',(#3210),#92,.F.);
#3523=ADVANCED_FACE('',(#3211),#3382,.F.);
#3524=ADVANCED_FACE('',(#3212),#3383,.F.);
#3525=ADVANCED_FACE('',(#3213),#3384,.T.);
#3526=ADVANCED_FACE('',(#3214),#3385,.T.);
#3527=ADVANCED_FACE('',(#3215),#3386,.T.);
#3528=ADVANCED_FACE('',(#3216),#3387,.F.);
#3529=ADVANCED_FACE('',(#3217),#3388,.F.);
#3530=ADVANCED_FACE('',(#3218),#3389,.F.);
#3531=ADVANCED_FACE('',(#3219),#93,.F.);
#3532=ADVANCED_FACE('',(#3220),#3390,.T.);
#3533=ADVANCED_FACE('',(#3221),#3391,.T.);
#3534=ADVANCED_FACE('',(#3222),#94,.F.);
#3535=ADVANCED_FACE('',(#3223),#3392,.F.);
#3536=ADVANCED_FACE('',(#3224),#3393,.F.);
#3537=ADVANCED_FACE('',(#3225),#3394,.F.);
#3538=ADVANCED_FACE('',(#3226),#3395,.F.);
#3539=ADVANCED_FACE('',(#3227),#95,.T.);
#3540=ADVANCED_FACE('',(#3228),#96,.T.);
#3541=ADVANCED_FACE('',(#3229),#3396,.F.);
#3542=ADVANCED_FACE('',(#3230),#97,.T.);
#3543=ADVANCED_FACE('',(#3231),#3397,.F.);
#3544=ADVANCED_FACE('',(#3232),#3398,.F.);
#3545=ADVANCED_FACE('',(#3233),#98,.T.);
#3546=ADVANCED_FACE('',(#3234),#3399,.T.);
#3547=ADVANCED_FACE('',(#3235),#3400,.T.);
#3548=ADVANCED_FACE('',(#3236),#3401,.T.);
#3549=ADVANCED_FACE('',(#3237),#3402,.F.);
#3550=ADVANCED_FACE('',(#3238),#3403,.F.);
#3551=ADVANCED_FACE('',(#3239),#3404,.F.);
#3552=ADVANCED_FACE('',(#3240),#3405,.F.);
#3553=ADVANCED_FACE('',(#3241),#51,.T.);
#3554=ADVANCED_FACE('',(#3242),#52,.F.);
#3555=ADVANCED_FACE('',(#3243),#53,.F.);
#3556=ADVANCED_FACE('',(#3244),#54,.T.);
#3557=ADVANCED_FACE('',(#3245),#55,.F.);
#3558=ADVANCED_FACE('',(#3246),#56,.F.);
#3559=ADVANCED_FACE('',(#3247),#57,.T.);
#3560=ADVANCED_FACE('',(#3248),#3406,.T.);
#3561=ADVANCED_FACE('',(#3249),#3407,.T.);
#3562=ADVANCED_FACE('',(#3250),#3408,.T.);
#3563=ADVANCED_FACE('',(#3251),#3409,.T.);
#3564=ADVANCED_FACE('',(#3252),#3410,.T.);
#3565=ADVANCED_FACE('',(#3253),#3411,.F.);
#3566=ADVANCED_FACE('',(#3254),#99,.T.);
#3567=ADVANCED_FACE('',(#3255),#3412,.T.);
#3568=ADVANCED_FACE('',(#3256),#3413,.F.);
#3569=ADVANCED_FACE('',(#3257),#100,.T.);
#3570=ADVANCED_FACE('',(#3258),#3414,.F.);
#3571=ADVANCED_FACE('',(#3259),#101,.T.);
#3572=ADVANCED_FACE('',(#3260),#3415,.F.);
#3573=ADVANCED_FACE('',(#3261),#3416,.F.);
#3574=ADVANCED_FACE('',(#3262),#3417,.F.);
#3575=ADVANCED_FACE('',(#3263,#3264,#3265),#3418,.T.);
#3576=ADVANCED_FACE('',(#3266),#102,.T.);
#3577=ADVANCED_FACE('',(#3267),#103,.T.);
#3578=ADVANCED_FACE('',(#3268),#104,.T.);
#3579=ADVANCED_FACE('',(#3269),#105,.T.);
#3580=ADVANCED_FACE('',(#3270),#3419,.T.);
#3581=ADVANCED_FACE('',(#3271),#106,.T.);
#3582=ADVANCED_FACE('',(#3272),#3420,.F.);
#3583=ADVANCED_FACE('',(#3273),#107,.T.);
#3584=ADVANCED_FACE('',(#3274),#108,.T.);
#3585=ADVANCED_FACE('',(#3275),#3421,.T.);
#3586=ADVANCED_FACE('',(#3276),#109,.F.);
#3587=ADVANCED_FACE('',(#3277),#3422,.F.);
#3588=ADVANCED_FACE('',(#3278),#3423,.F.);
#3589=ADVANCED_FACE('',(#3279),#3424,.F.);
#3590=ADVANCED_FACE('',(#3280),#3425,.T.);
#3591=ADVANCED_FACE('',(#3281),#3426,.F.);
#3592=ADVANCED_FACE('',(#3282),#3427,.F.);
#3593=ADVANCED_FACE('',(#3283),#3428,.T.);
#3594=ADVANCED_FACE('',(#3284),#3429,.F.);
#3595=ADVANCED_FACE('',(#3285),#3430,.T.);
#3596=ADVANCED_FACE('',(#3286),#3431,.T.);
#3597=ADVANCED_FACE('',(#3287),#3432,.F.);
#3598=ADVANCED_FACE('',(#3288),#58,.F.);
#3599=ADVANCED_FACE('',(#3289),#59,.T.);
#3600=ADVANCED_FACE('',(#3290),#60,.F.);
#3601=ADVANCED_FACE('',(#3291),#61,.F.);
#3602=ADVANCED_FACE('',(#3292),#3433,.T.);
#3603=ADVANCED_FACE('',(#3293),#3434,.T.);
#3604=ADVANCED_FACE('',(#3294,#3295,#3296),#3435,.T.);
#3605=ADVANCED_FACE('',(#3297),#3436,.F.);
#3606=ADVANCED_FACE('',(#3298,#3299),#62,.F.);
#3607=ADVANCED_FACE('',(#3300),#3437,.T.);
#3608=ADVANCED_FACE('',(#3301,#3302),#63,.F.);
#3609=ADVANCED_FACE('',(#3303),#3438,.T.);
#3610=ADVANCED_FACE('',(#3304),#3439,.T.);
#3611=ADVANCED_FACE('',(#3305),#3440,.T.);
#3612=ADVANCED_FACE('',(#3306),#3441,.T.);
#3613=ADVANCED_FACE('',(#3307),#3442,.T.);
#3614=ADVANCED_FACE('',(#3308),#110,.F.);
#3615=ADVANCED_FACE('',(#3309),#111,.T.);
#3616=ADVANCED_FACE('',(#3310),#112,.F.);
#3617=ADVANCED_FACE('',(#3311),#3443,.F.);
#3618=ADVANCED_FACE('',(#3312),#3444,.F.);
#3619=ADVANCED_FACE('',(#3313),#3445,.F.);
#3620=ADVANCED_FACE('',(#3314),#3446,.F.);
#3621=ADVANCED_FACE('',(#3315),#3447,.T.);
#3622=ADVANCED_FACE('',(#3316),#3448,.F.);
#3623=ADVANCED_FACE('',(#3317),#3449,.F.);
#3624=ADVANCED_FACE('',(#3318),#3450,.F.);
#3625=ADVANCED_FACE('',(#3319),#3451,.T.);
#3626=ADVANCED_FACE('',(#3320),#3452,.T.);
#3627=ADVANCED_FACE('',(#3321),#3453,.T.);
#3628=ADVANCED_FACE('',(#3322),#3454,.F.);
#3629=ADVANCED_FACE('',(#3323),#3455,.T.);
#3630=ADVANCED_FACE('',(#3324),#3456,.F.);
#3631=ADVANCED_FACE('',(#3325),#3457,.F.);
#3632=ADVANCED_FACE('',(#3326),#3458,.F.);
#3633=ADVANCED_FACE('',(#3327),#3459,.T.);
#3634=ADVANCED_FACE('',(#3328),#3460,.T.);
#3635=ADVANCED_FACE('',(#3329),#113,.F.);
#3636=ADVANCED_FACE('',(#3330),#114,.T.);
#3637=ADVANCED_FACE('',(#3331),#3461,.F.);
#3638=ADVANCED_FACE('',(#3332),#115,.T.);
#3639=ADVANCED_FACE('',(#3333),#3462,.T.);
#3640=ADVANCED_FACE('',(#3334),#116,.F.);
#3641=ADVANCED_FACE('',(#3335),#117,.F.);
#3642=ADVANCED_FACE('',(#3336),#118,.F.);
#3643=ADVANCED_FACE('',(#3337),#119,.F.);
#3644=ADVANCED_FACE('',(#3338),#3463,.T.);
#3645=ADVANCED_FACE('',(#3339),#3464,.T.);
#3646=ADVANCED_FACE('',(#3340),#120,.T.);
#3647=ADVANCED_FACE('',(#3341),#121,.T.);
#3648=ADVANCED_FACE('',(#3342),#3465,.F.);
#3649=ADVANCED_FACE('',(#3343),#3466,.F.);
#3650=ADVANCED_FACE('',(#3344),#3467,.F.);
#3651=ADVANCED_FACE('',(#3345,#3346),#3468,.T.);
#3652=ADVANCED_FACE('',(#3347,#3348),#3469,.F.);
#3653=ADVANCED_FACE('',(#3349),#3470,.F.);
#3654=ADVANCED_FACE('',(#3350),#3471,.T.);
#3655=ADVANCED_FACE('',(#3351),#3472,.F.);
#3656=ADVANCED_FACE('',(#3352),#3473,.T.);
#3657=ADVANCED_FACE('',(#3353),#3474,.F.);
#3658=ADVANCED_FACE('',(#3354),#3475,.F.);
#3659=ADVANCED_FACE('',(#3355),#3476,.T.);
#3660=ADVANCED_FACE('',(#3356),#64,.F.);
#3661=ADVANCED_FACE('',(#3357),#65,.T.);
#3662=ADVANCED_FACE('',(#3358),#66,.T.);
#3663=ADVANCED_FACE('',(#3359),#67,.F.);
#3664=ADVANCED_FACE('',(#3360),#68,.T.);
#3665=CLOSED_SHELL('',(#3477,#3478,#3479,#3480,#3481,#3482,#3483,#3484,
#3485,#3486,#3487,#3488,#3489,#3490,#3491,#3492,#3493,#3494,#3495,#3496,
#3497,#3498,#3499,#3500,#3501,#3502,#3503,#3504,#3505,#3506,#3507,#3508,
#3509,#3510,#3511,#3512,#3513,#3514,#3515,#3516,#3517,#3518,#3519,#3520,
#3521,#3522,#3523,#3524,#3525,#3526,#3527,#3528,#3529,#3530,#3531,#3532,
#3533,#3534,#3535,#3536,#3537,#3538,#3539,#3540,#3541,#3542,#3543,#3544,
#3545,#3546,#3547,#3548,#3549,#3550,#3551,#3552,#3553,#3554,#3555,#3556,
#3557,#3558,#3559,#3560,#3561,#3562,#3563,#3564,#3565,#3566,#3567,#3568,
#3569,#3570,#3571,#3572,#3573,#3574,#3575,#3576,#3577,#3578,#3579,#3580,
#3581,#3582,#3583,#3584,#3585,#3586,#3587,#3588,#3589,#3590,#3591,#3592,
#3593,#3594,#3595,#3596,#3597,#3598,#3599,#3600,#3601,#3602,#3603,#3604,
#3605,#3606,#3607,#3608,#3609,#3610,#3611,#3612,#3613,#3614,#3615,#3616,
#3617,#3618,#3619,#3620,#3621,#3622,#3623,#3624,#3625,#3626,#3627,#3628,
#3629,#3630));
#3666=CLOSED_SHELL('',(#3631,#3632,#3633,#3634,#3635,#3636,#3637,#3638,
#3639,#3640,#3641,#3642,#3643,#3644,#3645,#3646,#3647,#3648,#3649,#3650,
#3651,#3652,#3653,#3654,#3655,#3656,#3657,#3658,#3659,#3660,#3661,#3662,
#3663,#3664));
#3667=STYLED_ITEM('',(#3669),#3683);
#3668=STYLED_ITEM('',(#3670),#3684);
#3669=PRESENTATION_STYLE_ASSIGNMENT((#3671));
#3670=PRESENTATION_STYLE_ASSIGNMENT((#3672));
#3671=SURFACE_STYLE_USAGE(.BOTH.,#3673);
#3672=SURFACE_STYLE_USAGE(.BOTH.,#3674);
#3673=SURFACE_SIDE_STYLE('',(#3675));
#3674=SURFACE_SIDE_STYLE('',(#3676));
#3675=SURFACE_STYLE_FILL_AREA(#3677);
#3676=SURFACE_STYLE_FILL_AREA(#3678);
#3677=FILL_AREA_STYLE('',(#3679));
#3678=FILL_AREA_STYLE('',(#3680));
#3679=FILL_AREA_STYLE_COLOUR('',#3681);
#3680=FILL_AREA_STYLE_COLOUR('',#3682);
#3681=COLOUR_RGB('',0.917647058823529,0.917647058823529,0.917647058823529);
#3682=COLOUR_RGB('',0.972549019607843,0.529411764705882,0.00392156862745098);
#3683=MANIFOLD_SOLID_BREP('Part 22',#3665);
#3684=MANIFOLD_SOLID_BREP('Part 23',#3666);
#3685=SHAPE_DEFINITION_REPRESENTATION(#9506,#3687);
#3686=SHAPE_DEFINITION_REPRESENTATION(#9507,#3688);
#3687=SHAPE_REPRESENTATION('Part 22',(#3689),#9496);
#3688=SHAPE_REPRESENTATION('Part 23',(#3826),#9497);
#3689=AXIS2_PLACEMENT_3D('',#4540,#3862,#3863);
#3690=AXIS2_PLACEMENT_3D('',#4541,#3864,#3865);
#3691=AXIS2_PLACEMENT_3D('',#4900,#3893,#3894);
#3692=AXIS2_PLACEMENT_3D('',#4904,#3897,#3898);
#3693=AXIS2_PLACEMENT_3D('',#5035,#3921,#3922);
#3694=AXIS2_PLACEMENT_3D('',#5498,#3940,#3941);
#3695=AXIS2_PLACEMENT_3D('',#5765,#3946,#3947);
#3696=AXIS2_PLACEMENT_3D('',#6020,#3951,#3952);
#3697=AXIS2_PLACEMENT_3D('',#6064,#3955,#3956);
#3698=AXIS2_PLACEMENT_3D('',#6072,#3961,#3962);
#3699=AXIS2_PLACEMENT_3D('',#6076,#3965,#3966);
#3700=AXIS2_PLACEMENT_3D('',#6080,#3969,#3970);
#3701=AXIS2_PLACEMENT_3D('',#6082,#3972,#3973);
#3702=AXIS2_PLACEMENT_3D('',#6098,#3979,#3980);
#3703=AXIS2_PLACEMENT_3D('',#6119,#3986,#3987);
#3704=AXIS2_PLACEMENT_3D('',#6155,#3996,#3997);
#3705=AXIS2_PLACEMENT_3D('',#6180,#4003,#4004);
#3706=AXIS2_PLACEMENT_3D('',#6199,#4007,#4008);
#3707=AXIS2_PLACEMENT_3D('',#6201,#4010,#4011);
#3708=AXIS2_PLACEMENT_3D('',#6202,#4012,#4013);
#3709=AXIS2_PLACEMENT_3D('',#6203,#4014,#4015);
#3710=AXIS2_PLACEMENT_3D('',#6362,#4018,#4019);
#3711=AXIS2_PLACEMENT_3D('',#6781,#4032,#4033);
#3712=AXIS2_PLACEMENT_3D('',#6860,#4038,#4039);
#3713=AXIS2_PLACEMENT_3D('',#6866,#4043,#4044);
#3714=AXIS2_PLACEMENT_3D('',#6911,#4048,#4049);
#3715=AXIS2_PLACEMENT_3D('',#6914,#4051,#4052);
#3716=AXIS2_PLACEMENT_3D('',#6921,#4056,#4057);
#3717=AXIS2_PLACEMENT_3D('',#6934,#4061,#4062);
#3718=AXIS2_PLACEMENT_3D('',#6935,#4063,#4064);
#3719=AXIS2_PLACEMENT_3D('',#6947,#4071,#4072);
#3720=AXIS2_PLACEMENT_3D('',#6950,#4074,#4075);
#3721=AXIS2_PLACEMENT_3D('',#6951,#4076,#4077);
#3722=AXIS2_PLACEMENT_3D('',#6955,#4079,#4080);
#3723=AXIS2_PLACEMENT_3D('',#6959,#4082,#4083);
#3724=AXIS2_PLACEMENT_3D('',#6963,#4085,#4086);
#3725=AXIS2_PLACEMENT_3D('',#6967,#4088,#4089);
#3726=AXIS2_PLACEMENT_3D('',#6968,#4090,#4091);
#3727=AXIS2_PLACEMENT_3D('',#6971,#4093,#4094);
#3728=AXIS2_PLACEMENT_3D('',#6972,#4095,#4096);
#3729=AXIS2_PLACEMENT_3D('',#6977,#4099,#4100);
#3730=AXIS2_PLACEMENT_3D('',#6989,#4104,#4105);
#3731=AXIS2_PLACEMENT_3D('',#6990,#4106,#4107);
#3732=AXIS2_PLACEMENT_3D('',#6993,#4109,#4110);
#3733=AXIS2_PLACEMENT_3D('',#6996,#4112,#4113);
#3734=AXIS2_PLACEMENT_3D('',#7002,#4114,#4115);
#3735=AXIS2_PLACEMENT_3D('',#7005,#4118,#4119);
#3736=AXIS2_PLACEMENT_3D('',#7010,#4123,#4124);
#3737=AXIS2_PLACEMENT_3D('',#7141,#4128,#4129);
#3738=AXIS2_PLACEMENT_3D('',#7146,#4133,#4134);
#3739=AXIS2_PLACEMENT_3D('',#7149,#4136,#4137);
#3740=AXIS2_PLACEMENT_3D('',#7200,#4141,#4142);
#3741=AXIS2_PLACEMENT_3D('',#7202,#4144,#4145);
#3742=AXIS2_PLACEMENT_3D('',#7204,#4147,#4148);
#3743=AXIS2_PLACEMENT_3D('',#7206,#4150,#4151);
#3744=AXIS2_PLACEMENT_3D('',#7241,#4152,#4153);
#3745=AXIS2_PLACEMENT_3D('',#7362,#4154,#4155);
#3746=AXIS2_PLACEMENT_3D('',#7364,#4157,#4158);
#3747=AXIS2_PLACEMENT_3D('',#7375,#4159,#4160);
#3748=AXIS2_PLACEMENT_3D('',#7378,#4163,#4164);
#3749=AXIS2_PLACEMENT_3D('',#7380,#4166,#4167);
#3750=AXIS2_PLACEMENT_3D('',#7382,#4169,#4170);
#3751=AXIS2_PLACEMENT_3D('',#7385,#4173,#4174);
#3752=AXIS2_PLACEMENT_3D('',#7387,#4176,#4177);
#3753=AXIS2_PLACEMENT_3D('',#7389,#4179,#4180);
#3754=AXIS2_PLACEMENT_3D('',#7391,#4182,#4183);
#3755=AXIS2_PLACEMENT_3D('',#7392,#4184,#4185);
#3756=AXIS2_PLACEMENT_3D('',#7393,#4186,#4187);
#3757=AXIS2_PLACEMENT_3D('',#7394,#4188,#4189);
#3758=AXIS2_PLACEMENT_3D('',#7407,#4191,#4192);
#3759=AXIS2_PLACEMENT_3D('',#7408,#4193,#4194);
#3760=AXIS2_PLACEMENT_3D('',#7409,#4195,#4196);
#3761=AXIS2_PLACEMENT_3D('',#7410,#4197,#4198);
#3762=AXIS2_PLACEMENT_3D('',#7413,#4201,#4202);
#3763=AXIS2_PLACEMENT_3D('',#7414,#4203,#4204);
#3764=AXIS2_PLACEMENT_3D('',#7415,#4205,#4206);
#3765=AXIS2_PLACEMENT_3D('',#7417,#4208,#4209);
#3766=AXIS2_PLACEMENT_3D('',#7419,#4211,#4212);
#3767=AXIS2_PLACEMENT_3D('',#7624,#4213,#4214);
#3768=AXIS2_PLACEMENT_3D('',#7633,#4217,#4218);
#3769=AXIS2_PLACEMENT_3D('',#7752,#4222,#4223);
#3770=AXIS2_PLACEMENT_3D('',#7753,#4224,#4225);
#3771=AXIS2_PLACEMENT_3D('',#7896,#4229,#4230);
#3772=AXIS2_PLACEMENT_3D('',#7905,#4235,#4236);
#3773=AXIS2_PLACEMENT_3D('',#7911,#4240,#4241);
#3774=AXIS2_PLACEMENT_3D('',#7917,#4245,#4246);
#3775=AXIS2_PLACEMENT_3D('',#7920,#4248,#4249);
#3776=AXIS2_PLACEMENT_3D('',#7924,#4251,#4252);
#3777=AXIS2_PLACEMENT_3D('',#7928,#4254,#4255);
#3778=AXIS2_PLACEMENT_3D('',#8267,#4268,#4269);
#3779=AXIS2_PLACEMENT_3D('',#8393,#4272,#4273);
#3780=AXIS2_PLACEMENT_3D('',#8450,#4276,#4277);
#3781=AXIS2_PLACEMENT_3D('',#8471,#4278,#4279);
#3782=AXIS2_PLACEMENT_3D('',#8477,#4283,#4284);
#3783=AXIS2_PLACEMENT_3D('',#8483,#4288,#4289);
#3784=AXIS2_PLACEMENT_3D('',#8486,#4292,#4293);
#3785=AXIS2_PLACEMENT_3D('',#8487,#4294,#4295);
#3786=AXIS2_PLACEMENT_3D('',#8488,#4296,#4297);
#3787=AXIS2_PLACEMENT_3D('',#8489,#4298,#4299);
#3788=AXIS2_PLACEMENT_3D('',#8490,#4300,#4301);
#3789=AXIS2_PLACEMENT_3D('',#8493,#4304,#4305);
#3790=AXIS2_PLACEMENT_3D('',#8495,#4307,#4308);
#3791=AXIS2_PLACEMENT_3D('',#8498,#4311,#4312);
#3792=AXIS2_PLACEMENT_3D('',#8501,#4315,#4316);
#3793=AXIS2_PLACEMENT_3D('',#8502,#4317,#4318);
#3794=AXIS2_PLACEMENT_3D('',#8503,#4319,#4320);
#3795=AXIS2_PLACEMENT_3D('',#8504,#4321,#4322);
#3796=AXIS2_PLACEMENT_3D('',#8505,#4323,#4324);
#3797=AXIS2_PLACEMENT_3D('',#8509,#4327,#4328);
#3798=AXIS2_PLACEMENT_3D('',#8513,#4331,#4332);
#3799=AXIS2_PLACEMENT_3D('',#8514,#4333,#4334);
#3800=AXIS2_PLACEMENT_3D('',#8516,#4335,#4336);
#3801=AXIS2_PLACEMENT_3D('',#8519,#4338,#4339);
#3802=AXIS2_PLACEMENT_3D('',#8520,#4340,#4341);
#3803=AXIS2_PLACEMENT_3D('',#8521,#4342,#4343);
#3804=AXIS2_PLACEMENT_3D('',#8523,#4344,#4345);
#3805=AXIS2_PLACEMENT_3D('',#8524,#4346,#4347);
#3806=AXIS2_PLACEMENT_3D('',#8525,#4348,#4349);
#3807=AXIS2_PLACEMENT_3D('',#8527,#4350,#4351);
#3808=AXIS2_PLACEMENT_3D('',#8528,#4352,#4353);
#3809=AXIS2_PLACEMENT_3D('',#8534,#4357,#4358);
#3810=AXIS2_PLACEMENT_3D('',#8536,#4360,#4361);
#3811=AXIS2_PLACEMENT_3D('',#8538,#4363,#4364);
#3812=AXIS2_PLACEMENT_3D('',#8689,#4365,#4366);
#3813=AXIS2_PLACEMENT_3D('',#8693,#4369,#4370);
#3814=AXIS2_PLACEMENT_3D('',#8695,#4372,#4373);
#3815=AXIS2_PLACEMENT_3D('',#8696,#4374,#4375);
#3816=AXIS2_PLACEMENT_3D('',#8700,#4378,#4379);
#3817=AXIS2_PLACEMENT_3D('',#8702,#4381,#4382);
#3818=AXIS2_PLACEMENT_3D('',#8703,#4383,#4384);
#3819=AXIS2_PLACEMENT_3D('',#8705,#4386,#4387);
#3820=AXIS2_PLACEMENT_3D('',#8707,#4389,#4390);
#3821=AXIS2_PLACEMENT_3D('',#8709,#4392,#4393);
#3822=AXIS2_PLACEMENT_3D('',#8710,#4394,#4395);
#3823=AXIS2_PLACEMENT_3D('',#8712,#4397,#4398);
#3824=AXIS2_PLACEMENT_3D('',#8714,#4400,#4401);
#3825=AXIS2_PLACEMENT_3D('',#8716,#4403,#4404);
#3826=AXIS2_PLACEMENT_3D('',#8717,#4405,#4406);
#3827=AXIS2_PLACEMENT_3D('',#8718,#4407,#4408);
#3828=AXIS2_PLACEMENT_3D('',#8727,#4413,#4414);
#3829=AXIS2_PLACEMENT_3D('',#8733,#4418,#4419);
#3830=AXIS2_PLACEMENT_3D('',#8739,#4423,#4424);
#3831=AXIS2_PLACEMENT_3D('',#9059,#4429,#4430);
#3832=AXIS2_PLACEMENT_3D('',#9068,#4435,#4436);
#3833=AXIS2_PLACEMENT_3D('',#9115,#4437,#4438);
#3834=AXIS2_PLACEMENT_3D('',#9119,#4440,#4441);
#3835=AXIS2_PLACEMENT_3D('',#9334,#4448,#4449);
#3836=AXIS2_PLACEMENT_3D('',#9342,#4454,#4455);
#3837=AXIS2_PLACEMENT_3D('',#9346,#4457,#4458);
#3838=AXIS2_PLACEMENT_3D('',#9425,#4464,#4465);
#3839=AXIS2_PLACEMENT_3D('',#9431,#4469,#4470);
#3840=AXIS2_PLACEMENT_3D('',#9435,#4472,#4473);
#3841=AXIS2_PLACEMENT_3D('',#9440,#4477,#4478);
#3842=AXIS2_PLACEMENT_3D('',#9443,#4481,#4482);
#3843=AXIS2_PLACEMENT_3D('',#9447,#4484,#4485);
#3844=AXIS2_PLACEMENT_3D('',#9451,#4487,#4488);
#3845=AXIS2_PLACEMENT_3D('',#9456,#4491,#4492);
#3846=AXIS2_PLACEMENT_3D('',#9457,#4493,#4494);
#3847=AXIS2_PLACEMENT_3D('',#9461,#4496,#4497);
#3848=AXIS2_PLACEMENT_3D('',#9465,#4499,#4500);
#3849=AXIS2_PLACEMENT_3D('',#9470,#4503,#4504);
#3850=AXIS2_PLACEMENT_3D('',#9471,#4505,#4506);
#3851=AXIS2_PLACEMENT_3D('',#9473,#4508,#4509);
#3852=AXIS2_PLACEMENT_3D('',#9476,#4512,#4513);
#3853=AXIS2_PLACEMENT_3D('',#9479,#4516,#4517);
#3854=AXIS2_PLACEMENT_3D('',#9482,#4520,#4521);
#3855=AXIS2_PLACEMENT_3D('',#9485,#4524,#4525);
#3856=AXIS2_PLACEMENT_3D('',#9487,#4527,#4528);
#3857=AXIS2_PLACEMENT_3D('',#9489,#4530,#4531);
#3858=AXIS2_PLACEMENT_3D('',#9490,#4532,#4533);
#3859=AXIS2_PLACEMENT_3D('',#9491,#4534,#4535);
#3860=AXIS2_PLACEMENT_3D('',#9492,#4536,#4537);
#3861=AXIS2_PLACEMENT_3D('',#9493,#4538,#4539);
#3862=DIRECTION('',(0.,0.,1.));
#3863=DIRECTION('',(1.,0.,0.));
#3864=DIRECTION('',(0.,0.,-1.));
#3865=DIRECTION('',(1.,0.,0.));
#3866=DIRECTION('',(1.,0.,0.));
#3867=DIRECTION('',(1.,0.,0.));
#3868=DIRECTION('',(0.309016994374948,-0.951056516295154,0.));
#3869=DIRECTION('',(-0.0337077038678852,-0.99943173388679,0.));
#3870=DIRECTION('',(-0.68961954373567,-0.724171861437468,0.));
#3871=DIRECTION('',(-1.,0.,0.));
#3872=DIRECTION('',(-0.688766428725006,0.724983314746899,0.));
#3873=DIRECTION('',(-0.043192049767843,0.999066787976085,0.));
#3874=DIRECTION('',(0.309016994374948,0.951056516295154,0.));
#3875=DIRECTION('',(1.,0.,0.));
#3876=DIRECTION('',(-0.000355851726816781,0.999999936684772,0.));
#3877=DIRECTION('',(-0.999999936684772,-0.000355851726816781,0.));
#3878=DIRECTION('',(-0.999999936684772,-0.000355851726816557,0.));
#3879=DIRECTION('',(-0.999999978951338,0.000205176325152107,0.));
#3880=DIRECTION('',(-0.793170672023334,-0.608999413006328,0.));
#3881=DIRECTION('',(0.999999936684772,0.000355851726816781,0.));
#3882=DIRECTION('',(-0.000355851726816781,0.999999936684772,0.));
#3883=DIRECTION('',(0.999999936684772,0.000355851726816781,0.));
#3884=DIRECTION('',(0.0484339411054643,0.998826387991923,0.));
#3885=DIRECTION('',(0.,-1.,0.));
#3886=DIRECTION('',(1.,0.,0.));
#3887=DIRECTION('',(0.,1.,0.));
#3888=DIRECTION('',(-0.317729783144306,-0.948181303814346,-1.47284167356722E-33));
#3889=DIRECTION('',(-0.999999936684772,-0.000355851726816781,0.));
#3890=DIRECTION('',(0.,0.,-1.));
#3891=DIRECTION('',(0.,0.,-1.));
#3892=DIRECTION('',(0.,0.,-1.));
#3893=DIRECTION('',(0.,0.,-1.));
#3894=DIRECTION('',(1.,0.,0.));
#3895=DIRECTION('',(-0.999999936684772,-0.000355851726816781,-4.33680868994204E-17));
#3896=DIRECTION('',(0.834507702000088,-0.550996275216569,0.));
#3897=DIRECTION('',(0.,0.,-1.));
#3898=DIRECTION('',(1.,0.,0.));
#3899=DIRECTION('',(-0.000355851726816781,0.999999936684772,0.));
#3900=DIRECTION('',(0.999999936684772,0.000355851726816781,1.7347234759768E-16));
#3901=DIRECTION('',(-0.793170672023335,-0.608999413006328,0.));
#3902=DIRECTION('',(0.999999978951338,-0.000205176325152929,0.));
#3903=DIRECTION('',(0.999999936684772,0.000355851726816781,0.));
#3904=DIRECTION('',(-0.999999936684772,-0.000355851726816781,-4.33680868994204E-17));
#3905=DIRECTION('',(-0.000355851726816781,0.999999936684772,0.));
#3906=DIRECTION('',(-0.999999936684772,-0.000355851726816781,-4.33680868994204E-17));
#3907=DIRECTION('',(-1.,0.,0.));
#3908=DIRECTION('',(-0.309016994374948,-0.951056516295154,0.));
#3909=DIRECTION('',(-0.064826006735014,0.997896582242264,0.));
#3910=DIRECTION('',(0.0496012654555642,-0.998769099674798,0.));
#3911=DIRECTION('',(-0.309016994374948,-0.951056516295154,0.));
#3912=DIRECTION('',(0.043192049767843,-0.999066787976085,0.));
#3913=DIRECTION('',(-0.688766428725006,0.724983314746899,0.));
#3914=DIRECTION('',(1.,0.,0.));
#3915=DIRECTION('',(0.68961954373567,0.724171861437468,0.));
#3916=DIRECTION('',(0.0337077038678852,0.99943173388679,0.));
#3917=DIRECTION('',(-0.309016994374948,0.951056516295154,0.));
#3918=DIRECTION('',(-1.,0.,0.));
#3919=DIRECTION('',(-0.0484339411054643,-0.998826387991924,0.));
#3920=DIRECTION('',(0.999999936684772,0.000355851726816781,1.7347234759768E-16));
#3921=DIRECTION('',(-0.724983314746899,-0.688766428725006,0.));
#3922=DIRECTION('',(0.688766428725006,-0.724983314746899,0.));
#3923=DIRECTION('',(-0.157376443522074,0.16565165044254,0.973546190855886));
#3924=DIRECTION('',(0.,0.,-1.));
#3925=DIRECTION('',(0.67670952997073,-0.7122924371723,0.18628928040534));
#3926=DIRECTION('',(0.,0.,-1.));
#3927=DIRECTION('',(-1.,0.,0.));
#3928=DIRECTION('',(-1.,0.,0.));
#3929=DIRECTION('',(-1.,0.,0.));
#3930=DIRECTION('',(-1.,0.,0.));
#3931=DIRECTION('',(-1.,0.,0.));
#3932=DIRECTION('',(-1.,0.,0.));
#3933=DIRECTION('',(-1.,0.,0.));
#3934=DIRECTION('',(-1.,0.,0.));
#3935=DIRECTION('',(-1.,0.,0.));
#3936=DIRECTION('',(-1.,0.,0.));
#3937=DIRECTION('',(-1.,0.,0.));
#3938=DIRECTION('',(-1.,0.,0.));
#3939=DIRECTION('',(-1.,0.,0.));
#3940=DIRECTION('',(-0.951056516295154,0.309016994374948,0.));
#3941=DIRECTION('',(-0.309016994374948,-0.951056516295154,0.));
#3942=DIRECTION('',(0.,0.,-1.));
#3943=DIRECTION('',(0.0112589468180086,0.0346514752677169,0.999336035264575));
#3944=DIRECTION('',(-0.0141442629282938,-0.0435315651598882,-0.998951922096827));
#3945=DIRECTION('',(0.,0.,-1.));
#3946=DIRECTION('',(-0.999066787976085,-0.043192049767843,0.));
#3947=DIRECTION('',(0.043192049767843,-0.999066787976085,0.));
#3948=DIRECTION('',(-0.0417890710375372,0.966614763559107,-0.252803426423361));
#3949=DIRECTION('',(0.,0.,1.));
#3950=DIRECTION('',(0.,0.,-1.));
#3951=DIRECTION('',(0.951056516295154,0.309016994374948,0.));
#3952=DIRECTION('',(-0.309016994374948,0.951056516295154,0.));
#3953=DIRECTION('',(0.,0.,-1.));
#3954=DIRECTION('',(0.,0.,-1.));
#3955=DIRECTION('',(-0.998826387991924,0.0484339411054643,0.));
#3956=DIRECTION('',(-0.0484339411054643,-0.998826387991924,0.));
#3957=DIRECTION('',(0.0347939483851325,0.71753635975699,0.695651459843548));
#3958=DIRECTION('',(-0.0484339411054643,-0.998826387991924,0.));
#3959=DIRECTION('',(-0.0468614140560762,-0.966397032112339,0.252746482066769));
#3960=DIRECTION('',(0.,0.,-1.));
#3961=DIRECTION('',(0.99943173388679,-0.0337077038678852,0.));
#3962=DIRECTION('',(0.0337077038678852,0.99943173388679,0.));
#3963=DIRECTION('',(0.,0.,-1.));
#3964=DIRECTION('',(0.0326120373916882,0.966945277664226,-0.252889867373163));
#3965=DIRECTION('',(0.724171861437468,-0.68961954373567,0.));
#3966=DIRECTION('',(0.68961954373567,0.724171861437468,0.));
#3967=DIRECTION('',(-0.157738702174542,-0.165641955208642,-0.973489211296638));
#3968=DIRECTION('',(0.677574015848151,0.711522811056661,-0.186087996371169));
#3969=DIRECTION('',(0.,-0.985830940415305,0.167741935483871));
#3970=DIRECTION('',(0.,-0.167741935483871,-0.985830940415305));
#3971=DIRECTION('',(-1.,0.,0.));
#3972=DIRECTION('',(-0.538324082747395,-0.815315118143515,0.213233299605861));
#3973=DIRECTION('',(0.834507702000088,-0.550996275216569,0.));
#3974=DIRECTION('',(0.834507702000088,-0.550996275216569,0.));
#3975=DIRECTION('',(-0.842737908210006,0.520806954153674,-0.136209157441771));
#3976=DIRECTION('',(1.38777878078145E-17,0.253024454612198,0.9674598830795));
#3977=DIRECTION('',(-0.842737908210006,0.520806954153674,-0.136209157441771));
#3978=DIRECTION('',(-1.38777878078145E-17,0.253024454612198,0.9674598830795));
#3979=DIRECTION('',(0.538324082747395,0.815315118143515,-0.213233299605861));
#3980=DIRECTION('',(-0.834507702000088,0.550996275216569,0.));
#3981=DIRECTION('',(-0.834507702000088,0.550996275216569,0.));
#3982=DIRECTION('',(-4.36489988014916E-18,0.253024454612198,0.9674598830795));
#3983=DIRECTION('',(0.842737908210006,-0.520806954153674,0.136209157441771));
#3984=DIRECTION('',(3.72684635432942E-17,0.253024454612198,0.9674598830795));
#3985=DIRECTION('',(0.842737908210006,-0.520806954153674,0.136209157441771));
#3986=DIRECTION('',(0.538324082747395,-0.815315118143514,0.213233299605861));
#3987=DIRECTION('',(0.834507702000088,0.550996275216569,0.));
#3988=DIRECTION('',(0.834507702000088,0.550996275216569,0.));
#3989=DIRECTION('',(2.33906757354797E-17,0.253024454612198,0.9674598830795));
#3990=DIRECTION('',(-0.842737908210006,-0.520806954153674,0.136209157441771));
#3991=DIRECTION('',(2.33906757354797E-17,0.253024454612198,0.9674598830795));
#3992=DIRECTION('',(-0.842737908210006,-0.520806954153674,0.136209157441771));
#3993=DIRECTION('',(2.33906757354797E-17,0.253024454612198,0.9674598830795));
#3994=DIRECTION('',(0.368168561473828,-7.55394740700256E-5,-0.929759057302525));
#3995=DIRECTION('',(0.754079604796422,0.578985145163757,0.310064753414146));
#3996=DIRECTION('',(-0.538324082747395,0.815315118143514,-0.213233299605861));
#3997=DIRECTION('',(-0.834507702000088,-0.550996275216569,0.));
#3998=DIRECTION('',(-0.834507702000088,-0.550996275216569,0.));
#3999=DIRECTION('',(0.754079604796422,0.578985145163757,0.310064753414146));
#4000=DIRECTION('',(0.842737908210006,0.520806954153674,-0.136209157441771));
#4001=DIRECTION('',(2.33906757354797E-17,0.253024454612198,0.9674598830795));
#4002=DIRECTION('',(0.842737908210006,0.520806954153674,-0.136209157441771));
#4003=DIRECTION('',(0.997753192023201,-0.0648166917263527,0.0169518223552838));
#4004=DIRECTION('',(0.0648260067350141,0.997896582242264,0.));
#4005=DIRECTION('',(0.0648260067350141,0.997896582242264,0.));
#4006=DIRECTION('',(-2.65211497341469E-19,0.253024454612198,0.9674598830795));
#4007=DIRECTION('',(-0.99868507151179,-0.049597092415749,0.0129713670595832));
#4008=DIRECTION('',(0.0496012654555642,-0.998769099674798,0.));
#4009=DIRECTION('',(0.,0.253024454612198,0.9674598830795));
#4010=DIRECTION('',(0.997753192023201,0.0648166917263526,-0.0169518223552838));
#4011=DIRECTION('',(-0.064826006735014,0.997896582242264,0.));
#4012=DIRECTION('',(7.90202789378055E-19,0.253024454612198,0.9674598830795));
#4013=DIRECTION('',(0.,-0.9674598830795,0.253024454612198));
#4014=DIRECTION('',(0.,0.,-1.));
#4015=DIRECTION('',(3.12302931583894E-18,1.,0.));
#4016=DIRECTION('',(0.,0.,-1.));
#4017=DIRECTION('',(0.,0.,-1.));
#4018=DIRECTION('',(0.948181303814346,-0.317729783144306,-5.49411534655262E-26));
#4019=DIRECTION('',(-0.317729783144306,-0.948181303814346,-1.47284167356722E-33));
#4020=DIRECTION('',(-0.317729783144306,-0.948181303814346,0.));
#4021=DIRECTION('',(0.,0.,-1.));
#4022=DIRECTION('',(0.,0.,-1.));
#4023=DIRECTION('',(0.,0.,-1.));
#4024=DIRECTION('',(0.,0.,-1.));
#4025=DIRECTION('',(0.,0.,-1.));
#4026=DIRECTION('',(0.999999961180845,0.000278636518428738,0.));
#4027=DIRECTION('',(0.,0.,-1.));
#4028=DIRECTION('',(0.,0.,-1.));
#4029=DIRECTION('',(0.,0.,-1.));
#4030=DIRECTION('',(0.,0.,-1.));
#4031=DIRECTION('',(0.,0.,-1.));
#4032=DIRECTION('',(-0.998826387991924,0.0484339411054643,0.));
#4033=DIRECTION('',(-0.0484339411054643,-0.998826387991924,0.));
#4034=DIRECTION('',(0.,0.,1.));
#4035=DIRECTION('',(0.0484339411054643,0.998826387991923,0.));
#4036=DIRECTION('',(0.,0.,-1.));
#4037=DIRECTION('',(0.,0.,-1.));
#4038=DIRECTION('',(0.000355851726816781,-0.999999936684772,0.));
#4039=DIRECTION('',(0.999999936684772,0.000355851726816781,0.));
#4040=DIRECTION('',(0.,0.,-1.));
#4041=DIRECTION('',(0.,0.,-1.));
#4042=DIRECTION('',(0.,0.,-1.));
#4043=DIRECTION('',(0.000355851726816781,-0.999999936684772,0.));
#4044=DIRECTION('',(-9.30676140526085E-5,-3.31182732682295E-8,-0.999999995669209));
#4045=DIRECTION('',(-0.0392162365876655,-1.39551663925508E-5,0.999230747421812));
#4046=DIRECTION('',(0.999999932353982,0.000355851725275661,-9.30676199452138E-5));
#4047=DIRECTION('',(0.,0.,-1.));
#4048=DIRECTION('',(0.,-0.253024454612198,-0.9674598830795));
#4049=DIRECTION('',(0.,0.9674598830795,-0.253024454612198));
#4050=DIRECTION('',(0.0512652703054494,0.966187742518039,-0.252691745548615));
#4051=DIRECTION('',(0.,-0.253024454612198,-0.9674598830795));
#4052=DIRECTION('',(0.,0.9674598830795,-0.253024454612198));
#4053=DIRECTION('',(0.783297402236401,0.601418679481024,-0.157291931201213));
#4054=DIRECTION('',(0.999999977511599,-0.000205176324857528,5.36607549360734E-5));
#4055=DIRECTION('',(0.842737908210006,0.520806954153674,-0.136209157441771));
#4056=DIRECTION('',(0.,-0.253024454612198,-0.9674598830795));
#4057=DIRECTION('',(0.,0.9674598830795,-0.253024454612198));
#4058=DIRECTION('',(0.153268363141478,-0.956028960114001,0.250034870134696));
#4059=DIRECTION('',(0.999999977511599,-0.000205176324857528,5.36607549360734E-5));
#4060=DIRECTION('',(-0.153268363141478,-0.956028960114001,0.250034870134696));
#4061=DIRECTION('',(0.,-0.253024454612198,-0.9674598830795));
#4062=DIRECTION('',(0.,0.9674598830795,-0.253024454612198));
#4063=DIRECTION('',(0.,-0.253024454612198,-0.9674598830795));
#4064=DIRECTION('',(0.,0.9674598830795,-0.253024454612198));
#4065=DIRECTION('',(-0.0512652703054494,0.966187742518039,-0.252691745548615));
#4066=DIRECTION('',(-0.0417890710375372,0.966614763559107,-0.252803426423361));
#4067=DIRECTION('',(0.67670952997073,-0.7122924371723,0.18628928040534));
#4068=DIRECTION('',(-1.,0.,0.));
#4069=DIRECTION('',(0.677574015848151,0.711522811056661,-0.186087996371169));
#4070=DIRECTION('',(0.0326120373916882,0.966945277664226,-0.252889867373163));
#4071=DIRECTION('',(0.,-0.253024454612198,-0.9674598830795));
#4072=DIRECTION('',(0.,0.9674598830795,-0.253024454612198));
#4073=DIRECTION('',(0.0669967746053056,-0.965286186496964,0.25245595724925));
#4074=DIRECTION('',(0.,-0.253024454612198,-0.9674598830795));
#4075=DIRECTION('',(0.,0.9674598830795,-0.253024454612198));
#4076=DIRECTION('',(0.,-0.253024454612198,-0.9674598830795));
#4077=DIRECTION('',(0.,0.9674598830795,-0.253024454612198));
#4078=DIRECTION('',(0.153268363141478,0.956028960114001,-0.250034870134696));
#4079=DIRECTION('',(0.,-0.253024454612198,-0.9674598830795));
#4080=DIRECTION('',(0.,0.9674598830795,-0.253024454612198));
#4081=DIRECTION('',(0.906362355761244,0.408752979937483,-0.106903140511195));
#4082=DIRECTION('',(0.,-0.253024454612198,-0.9674598830795));
#4083=DIRECTION('',(0.,0.9674598830795,-0.253024454612198));
#4084=DIRECTION('',(-0.906362355761244,0.408752979937483,-0.106903140511195));
#4085=DIRECTION('',(0.,-0.253024454612198,-0.9674598830795));
#4086=DIRECTION('',(0.,0.9674598830795,-0.253024454612198));
#4087=DIRECTION('',(-0.153268363141478,0.956028960114001,-0.250034870134696));
#4088=DIRECTION('',(0.,-0.253024454612198,-0.9674598830795));
#4089=DIRECTION('',(0.,0.9674598830795,-0.253024454612198));
#4090=DIRECTION('',(0.,-0.253024454612198,-0.9674598830795));
#4091=DIRECTION('',(0.,0.9674598830795,-0.253024454612198));
#4092=DIRECTION('',(-0.0669967746053057,-0.965286186496964,0.25245595724925));
#4093=DIRECTION('',(0.,-0.253024454612198,-0.9674598830795));
#4094=DIRECTION('',(0.,0.9674598830795,-0.253024454612198));
#4095=DIRECTION('',(0.,-0.253024454612198,-0.9674598830795));
#4096=DIRECTION('',(0.,0.9674598830795,-0.253024454612198));
#4097=DIRECTION('',(0.0512652703054494,0.966187742518039,-0.252691745548615));
#4098=DIRECTION('',(-0.0512652703054494,0.966187742518039,-0.252691745548615));
#4099=DIRECTION('',(0.,-0.253024454612198,-0.9674598830795));
#4100=DIRECTION('',(0.,0.9674598830795,-0.253024454612198));
#4101=DIRECTION('',(0.999999932353982,0.000355851725275661,-9.30676199452138E-5));
#4102=DIRECTION('',(0.999999977511599,-0.000205176324857528,5.36607549360734E-5));
#4103=DIRECTION('',(0.783297402236401,0.601418679481024,-0.157291931201213));
#4104=DIRECTION('',(0.,-0.253024454612198,-0.9674598830795));
#4105=DIRECTION('',(0.,0.9674598830795,-0.253024454612198));
#4106=DIRECTION('',(0.,-0.253024454612198,-0.9674598830795));
#4107=DIRECTION('',(0.,0.9674598830795,-0.253024454612198));
#4108=DIRECTION('',(0.0669967746053056,-0.965286186496964,0.25245595724925));
#4109=DIRECTION('',(0.,-0.253024454612198,-0.9674598830795));
#4110=DIRECTION('',(0.,0.9674598830795,-0.253024454612198));
#4111=DIRECTION('',(-0.0669967746053057,-0.965286186496964,0.25245595724925));
#4112=DIRECTION('',(0.,-0.253024454612198,-0.9674598830795));
#4113=DIRECTION('',(0.,0.9674598830795,-0.253024454612198));
#4114=DIRECTION('',(-0.999066787976085,-0.043192049767843,0.));
#4115=DIRECTION('',(0.043192049767843,-0.999066787976085,0.));
#4116=DIRECTION('',(0.,0.,-1.));
#4117=DIRECTION('',(0.,0.,-1.));
#4118=DIRECTION('',(0.951056516295154,0.309016994374948,0.));
#4119=DIRECTION('',(-0.309016994374948,0.951056516295154,0.));
#4120=DIRECTION('',(0.,0.,-1.));
#4121=DIRECTION('',(0.,0.,-1.));
#4122=DIRECTION('',(0.309016994374948,-0.951056516295154,0.));
#4123=DIRECTION('',(-0.951056516295154,0.309016994374948,0.));
#4124=DIRECTION('',(-0.309016994374948,-0.951056516295154,0.));
#4125=DIRECTION('',(0.309016994374948,0.951056516295154,0.));
#4126=DIRECTION('',(0.,0.,-1.));
#4127=DIRECTION('',(0.,0.,-1.));
#4128=DIRECTION('',(-0.000205176325152929,-0.999999978951338,0.));
#4129=DIRECTION('',(0.999999978951338,-0.000205176325152929,0.));
#4130=DIRECTION('',(0.,0.,-1.));
#4131=DIRECTION('',(0.,0.,-1.));
#4132=DIRECTION('',(0.0392153512693513,-8.04606183238559E-6,0.999230782232054));
#4133=DIRECTION('',(-0.000205176325152929,-0.999999978951338,0.));
#4134=DIRECTION('',(5.36607538065771E-5,-1.10099165027135E-8,-0.999999998560262));
#4135=DIRECTION('',(0.368168561473828,-7.55394740700647E-5,-0.929759057302525));
#4136=DIRECTION('',(0.608999413006328,-0.793170672023335,0.));
#4137=DIRECTION('',(0.793170672023335,0.608999413006328,0.));
#4138=DIRECTION('',(0.,0.,-1.));
#4139=DIRECTION('',(0.,0.,-1.));
#4140=DIRECTION('',(0.,0.,-1.));
#4141=DIRECTION('',(0.99943173388679,-0.0337077038678852,0.));
#4142=DIRECTION('',(0.0337077038678852,0.99943173388679,0.));
#4143=DIRECTION('',(0.,0.,-1.));
#4144=DIRECTION('',(0.724171861437468,-0.68961954373567,0.));
#4145=DIRECTION('',(0.68961954373567,0.724171861437468,0.));
#4146=DIRECTION('',(-0.157738702174542,-0.165641955208642,-0.973489211296638));
#4147=DIRECTION('',(-0.724983314746899,-0.688766428725006,0.));
#4148=DIRECTION('',(0.688766428725006,-0.724983314746899,0.));
#4149=DIRECTION('',(-0.157376443522074,0.16565165044254,0.973546190855886));
#4150=DIRECTION('',(0.,-0.985830940415305,0.167741935483871));
#4151=DIRECTION('',(0.,-0.167741935483871,-0.985830940415305));
#4152=DIRECTION('',(0.000355851726816781,-0.999999936684772,0.));
#4153=DIRECTION('',(0.999999936684772,0.000355851726816781,0.));
#4154=DIRECTION('',(-0.000205176325152929,-0.999999978951338,0.));
#4155=DIRECTION('',(0.999999978951338,-0.000205176325152929,0.));
#4156=DIRECTION('',(0.,0.,-1.));
#4157=DIRECTION('',(0.608999413006328,-0.793170672023335,0.));
#4158=DIRECTION('',(0.793170672023335,0.608999413006328,0.));
#4159=DIRECTION('',(-0.99868507151179,-0.049597092415749,0.0129713670595832));
#4160=DIRECTION('',(0.0496012654555642,-0.998769099674798,0.));
#4161=DIRECTION('',(2.84807521015484E-18,0.253024454612198,0.9674598830795));
#4162=DIRECTION('',(0.,0.253024454612198,0.9674598830795));
#4163=DIRECTION('',(0.997753192023201,0.0648166917263526,-0.0169518223552838));
#4164=DIRECTION('',(-0.064826006735014,0.997896582242264,0.));
#4165=DIRECTION('',(3.46944695195361E-18,0.253024454612198,0.9674598830795));
#4166=DIRECTION('',(0.98818460262237,-0.148280992684641,0.0387806439931769));
#4167=DIRECTION('',(0.148392621348032,0.988928526198663,0.));
#4168=DIRECTION('',(-4.33603743149286E-18,0.253024454612198,0.9674598830795));
#4169=DIRECTION('',(0.997753192023201,-0.0648166917263527,0.0169518223552838));
#4170=DIRECTION('',(0.0648260067350141,0.997896582242264,0.));
#4171=DIRECTION('',(-2.65211497341469E-19,0.253024454612198,0.9674598830795));
#4172=DIRECTION('',(0.,0.253024454612198,0.9674598830795));
#4173=DIRECTION('',(-0.99868507151179,0.049597092415749,-0.0129713670595832));
#4174=DIRECTION('',(-0.0496012654555642,-0.998769099674798,0.));
#4175=DIRECTION('',(-1.11335173417803E-18,0.253024454612198,0.9674598830795));
#4176=DIRECTION('',(-0.538324082747395,0.815315118143514,-0.213233299605861));
#4177=DIRECTION('',(-0.834507702000088,-0.550996275216569,0.));
#4178=DIRECTION('',(2.33906757354797E-17,0.253024454612198,0.9674598830795));
#4179=DIRECTION('',(0.98818460262237,0.148280992684641,-0.0387806439931768));
#4180=DIRECTION('',(-0.148392621348032,0.988928526198663,0.));
#4181=DIRECTION('',(0.,0.253024454612198,0.9674598830795));
#4182=DIRECTION('',(2.2872187868166E-17,0.253024454612198,0.9674598830795));
#4183=DIRECTION('',(0.,-0.9674598830795,0.253024454612198));
#4184=DIRECTION('',(7.49152512786964E-18,-0.253024454612198,-0.9674598830795));
#4185=DIRECTION('',(0.,0.9674598830795,-0.253024454612198));
#4186=DIRECTION('',(-2.12822285291845E-18,-0.253024454612198,-0.9674598830795));
#4187=DIRECTION('',(0.,0.9674598830795,-0.253024454612198));
#4188=DIRECTION('',(7.49152512786964E-18,0.253024454612198,0.9674598830795));
#4189=DIRECTION('',(0.,-0.9674598830795,0.253024454612198));
#4190=DIRECTION('',(6.93889390390723E-18,0.253024454612198,0.9674598830795));
#4191=DIRECTION('',(-8.92240084776774E-18,-0.253024454612198,-0.9674598830795));
#4192=DIRECTION('',(0.,0.9674598830795,-0.253024454612198));
#4193=DIRECTION('',(2.13102499839793E-18,-0.253024454612198,-0.9674598830795));
#4194=DIRECTION('',(0.,0.9674598830795,-0.253024454612198));
#4195=DIRECTION('',(7.90202789378055E-19,0.253024454612198,0.9674598830795));
#4196=DIRECTION('',(0.,-0.9674598830795,0.253024454612198));
#4197=DIRECTION('',(1.,0.,0.));
#4198=DIRECTION('',(0.,1.,0.));
#4199=DIRECTION('',(0.,-1.,-1.26450865140864E-16));
#4200=DIRECTION('',(0.,1.,0.));
#4201=DIRECTION('',(0.,0.,1.));
#4202=DIRECTION('',(1.,0.,0.));
#4203=DIRECTION('',(0.,1.26450865140864E-16,-1.));
#4204=DIRECTION('',(0.,1.,1.26450865140864E-16));
#4205=DIRECTION('',(0.,0.,1.));
#4206=DIRECTION('',(1.,0.,0.));
#4207=DIRECTION('',(0.,1.,0.));
#4208=DIRECTION('',(0.,1.26450865140864E-16,-1.));
#4209=DIRECTION('',(0.,1.,1.26450865140864E-16));
#4210=DIRECTION('',(0.,-1.,-1.26450865140864E-16));
#4211=DIRECTION('',(1.,0.,0.));
#4212=DIRECTION('',(0.,1.,0.));
#4213=DIRECTION('',(-0.948179205430064,0.317736045153857,0.));
#4214=DIRECTION('',(-0.317736045153857,-0.948179205430064,0.));
#4215=DIRECTION('',(-0.317736045153857,-0.948179205430064,-1.19898080835209E-16));
#4216=DIRECTION('',(-0.317736045153857,-0.948179205430064,0.));
#4217=DIRECTION('',(0.,0.,1.));
#4218=DIRECTION('',(1.,0.,0.));
#4219=DIRECTION('',(-0.999999936684772,-0.000355851726816781,-4.33680868994204E-17));
#4220=DIRECTION('',(0.999999936684772,0.000355851726816781,1.7347234759768E-16));
#4221=DIRECTION('',(0.0484339411054643,0.998826387991924,0.));
#4222=DIRECTION('',(0.000205176325152929,0.999999978951338,0.));
#4223=DIRECTION('',(-0.999999978951338,0.000205176325152929,0.));
#4224=DIRECTION('',(0.000205176325152929,0.999999978951338,0.));
#4225=DIRECTION('',(-5.36607538065863E-5,1.10099165027154E-8,0.999999998560262));
#4226=DIRECTION('',(0.0392153512693513,-8.04606183238558E-6,0.999230782232054));
#4227=DIRECTION('',(-0.999999977511599,0.000205176324857528,-5.36607549360734E-5));
#4228=DIRECTION('',(0.,0.,1.));
#4229=DIRECTION('',(0.,1.,0.));
#4230=DIRECTION('',(0.,0.,1.));
#4231=DIRECTION('',(0.,0.,-1.));
#4232=DIRECTION('',(-1.,0.,0.));
#4233=DIRECTION('',(0.,0.,-1.));
#4234=DIRECTION('',(-1.,0.,0.));
#4235=DIRECTION('',(0.,-3.46944695195362E-16,1.));
#4236=DIRECTION('',(0.,-1.,-3.46944695195362E-16));
#4237=DIRECTION('',(0.,1.,3.46944695195362E-16));
#4238=DIRECTION('',(0.,1.,3.46944695195362E-16));
#4239=DIRECTION('',(-1.,0.,0.));
#4240=DIRECTION('',(0.,-1.,0.));
#4241=DIRECTION('',(0.,0.,-1.));
#4242=DIRECTION('',(0.,0.,1.));
#4243=DIRECTION('',(0.,0.,1.));
#4244=DIRECTION('',(-1.,0.,0.));
#4245=DIRECTION('',(0.,-0.253024454612198,-0.9674598830795));
#4246=DIRECTION('',(0.,0.9674598830795,-0.253024454612198));
#4247=DIRECTION('',(-0.153268363141478,0.956028960114001,-0.250034870134696));
#4248=DIRECTION('',(0.,-0.253024454612198,-0.9674598830795));
#4249=DIRECTION('',(0.,0.9674598830795,-0.253024454612198));
#4250=DIRECTION('',(-0.906362355761244,0.408752979937483,-0.106903140511195));
#4251=DIRECTION('',(0.,-0.253024454612198,-0.9674598830795));
#4252=DIRECTION('',(0.,0.9674598830795,-0.253024454612198));
#4253=DIRECTION('',(0.906362355761244,0.408752979937483,-0.106903140511195));
#4254=DIRECTION('',(0.,-0.253024454612198,-0.9674598830795));
#4255=DIRECTION('',(0.,0.9674598830795,-0.253024454612198));
#4256=DIRECTION('',(0.153268363141478,0.956028960114001,-0.250034870134696));
#4257=DIRECTION('',(-1.,0.,0.));
#4258=DIRECTION('',(0.0468614140560762,0.966397032112339,-0.252746482066769));
#4259=DIRECTION('',(-0.783297402236401,-0.601418679481024,0.157291931201213));
#4260=DIRECTION('',(0.,0.9674598830795,-0.253024454612198));
#4261=DIRECTION('',(0.,0.9674598830795,-0.253024454612198));
#4262=DIRECTION('',(-1.,0.,0.));
#4263=DIRECTION('',(0.,0.9674598830795,-0.253024454612198));
#4264=DIRECTION('',(-1.,0.,0.));
#4265=DIRECTION('',(0.,0.9674598830795,-0.253024454612198));
#4266=DIRECTION('',(0.,0.,1.));
#4267=DIRECTION('',(0.,0.,1.));
#4268=DIRECTION('',(-0.948179205430064,0.317736045153857,0.));
#4269=DIRECTION('',(-0.317736045153857,-0.948179205430064,0.));
#4270=DIRECTION('',(0.317736045153857,0.948179205430064,0.));
#4271=DIRECTION('',(0.,0.,1.));
#4272=DIRECTION('',(-0.608999413006328,0.793170672023335,0.));
#4273=DIRECTION('',(-0.793170672023335,-0.608999413006328,0.));
#4274=DIRECTION('',(0.,0.,1.));
#4275=DIRECTION('',(0.,0.,1.));
#4276=DIRECTION('',(0.998826387991924,-0.0484339411054643,0.));
#4277=DIRECTION('',(0.0484339411054643,0.998826387991924,0.));
#4278=DIRECTION('',(0.,1.,0.));
#4279=DIRECTION('',(0.,0.,1.));
#4280=DIRECTION('',(0.,0.,-1.));
#4281=DIRECTION('',(-1.,0.,0.));
#4282=DIRECTION('',(0.,0.,-1.));
#4283=DIRECTION('',(0.,-3.46944695195362E-16,1.));
#4284=DIRECTION('',(0.,-1.,-3.46944695195362E-16));
#4285=DIRECTION('',(0.,1.,3.46944695195362E-16));
#4286=DIRECTION('',(-1.,0.,0.));
#4287=DIRECTION('',(0.,1.,3.46944695195362E-16));
#4288=DIRECTION('',(0.,-1.,0.));
#4289=DIRECTION('',(0.,0.,-1.));
#4290=DIRECTION('',(0.,0.,1.));
#4291=DIRECTION('',(0.,0.,1.));
#4292=DIRECTION('',(1.,0.,0.));
#4293=DIRECTION('',(0.,1.,0.));
#4294=DIRECTION('',(1.,0.,0.));
#4295=DIRECTION('',(0.,1.,0.));
#4296=DIRECTION('',(1.,0.,0.));
#4297=DIRECTION('',(0.,1.,0.));
#4298=DIRECTION('',(1.,0.,0.));
#4299=DIRECTION('',(0.,1.,0.));
#4300=DIRECTION('',(-0.98818460262237,-0.148280992684641,0.0387806439931768));
#4301=DIRECTION('',(0.148392621348032,-0.988928526198663,0.));
#4302=DIRECTION('',(-1.37958020189786E-17,0.253024454612198,0.9674598830795));
#4303=DIRECTION('',(-2.07346959228858E-17,0.253024454612198,0.9674598830795));
#4304=DIRECTION('',(-0.98818460262237,0.148280992684641,-0.0387806439931768));
#4305=DIRECTION('',(-0.148392621348032,-0.988928526198663,0.));
#4306=DIRECTION('',(9.54175037632161E-18,0.253024454612198,0.9674598830795));
#4307=DIRECTION('',(-0.422501219002891,0.876869218732433,-0.229331840747516));
#4308=DIRECTION('',(-0.900879183376508,-0.434069921739432,0.));
#4309=DIRECTION('',(1.29948335756908E-18,0.253024454612198,0.9674598830795));
#4310=DIRECTION('',(7.02404789575875E-17,0.253024454612198,0.9674598830795));
#4311=DIRECTION('',(-0.422501219002892,-0.876869218732433,0.229331840747516));
#4312=DIRECTION('',(0.900879183376508,-0.434069921739432,0.));
#4313=DIRECTION('',(-1.47293277263297E-17,0.253024454612198,0.9674598830795));
#4314=DIRECTION('',(5.68106345888269E-17,0.253024454612198,0.9674598830795));
#4315=DIRECTION('',(0.,-0.253024454612198,-0.9674598830795));
#4316=DIRECTION('',(0.,0.9674598830795,-0.253024454612198));
#4317=DIRECTION('',(0.,0.253024454612198,0.9674598830795));
#4318=DIRECTION('',(0.,-0.9674598830795,0.253024454612198));
#4319=DIRECTION('',(1.24772923611332E-17,-0.253024454612198,-0.9674598830795));
#4320=DIRECTION('',(0.,0.9674598830795,-0.253024454612198));
#4321=DIRECTION('',(5.71688491023915E-17,0.253024454612198,0.9674598830795));
#4322=DIRECTION('',(0.,-0.9674598830795,0.253024454612198));
#4323=DIRECTION('',(0.,0.,1.));
#4324=DIRECTION('',(1.,0.,0.));
#4325=DIRECTION('',(0.,1.,0.));
#4326=DIRECTION('',(-1.,0.,0.));
#4327=DIRECTION('',(0.,1.,0.));
#4328=DIRECTION('',(0.,0.,1.));
#4329=DIRECTION('',(-1.,0.,0.));
#4330=DIRECTION('',(0.,0.,-1.));
#4331=DIRECTION('',(0.,1.26450865140864E-16,-1.));
#4332=DIRECTION('',(0.,1.,1.26450865140864E-16));
#4333=DIRECTION('',(0.,1.26450865140864E-16,-1.));
#4334=DIRECTION('',(0.,1.,1.26450865140864E-16));
#4335=DIRECTION('',(0.,1.26450865140864E-16,-1.));
#4336=DIRECTION('',(0.,1.,1.26450865140864E-16));
#4337=DIRECTION('',(0.,-1.,-1.26450865140864E-16));
#4338=DIRECTION('',(1.,0.,0.));
#4339=DIRECTION('',(0.,1.,0.));
#4340=DIRECTION('',(0.,1.26450865140864E-16,-1.));
#4341=DIRECTION('',(0.,1.,1.26450865140864E-16));
#4342=DIRECTION('',(0.,1.26450865140864E-16,-1.));
#4343=DIRECTION('',(0.,1.,1.26450865140864E-16));
#4344=DIRECTION('',(0.,1.26450865140864E-16,-1.));
#4345=DIRECTION('',(1.,0.,0.));
#4346=DIRECTION('',(0.,1.26450865140864E-16,-1.));
#4347=DIRECTION('',(0.,1.,1.26450865140864E-16));
#4348=DIRECTION('',(0.,1.26450865140864E-16,-1.));
#4349=DIRECTION('',(0.,1.,1.26450865140864E-16));
#4350=DIRECTION('',(0.,1.26450865140864E-16,-1.));
#4351=DIRECTION('',(1.,0.,0.));
#4352=DIRECTION('',(0.,1.,0.));
#4353=DIRECTION('',(0.,0.,1.));
#4354=DIRECTION('',(0.,0.,-1.));
#4355=DIRECTION('',(1.,0.,0.));
#4356=DIRECTION('',(0.,0.,-1.));
#4357=DIRECTION('',(1.,0.,0.));
#4358=DIRECTION('',(0.,0.,-1.));
#4359=DIRECTION('',(0.,-1.,0.));
#4360=DIRECTION('',(-1.,0.,0.));
#4361=DIRECTION('',(0.,0.,1.));
#4362=DIRECTION('',(0.,1.,0.));
#4363=DIRECTION('',(0.,0.,-1.));
#4364=DIRECTION('',(1.,0.,0.));
#4365=DIRECTION('',(0.,0.,-1.));
#4366=DIRECTION('',(1.,0.,0.));
#4367=DIRECTION('',(0.,-1.,0.));
#4368=DIRECTION('',(1.,0.,0.));
#4369=DIRECTION('',(1.,0.,0.));
#4370=DIRECTION('',(0.,0.,-1.));
#4371=DIRECTION('',(0.,0.,-1.));
#4372=DIRECTION('',(0.,1.,0.));
#4373=DIRECTION('',(0.,0.,1.));
#4374=DIRECTION('',(0.,0.,-1.));
#4375=DIRECTION('',(1.,0.,0.));
#4376=DIRECTION('',(1.,0.,0.));
#4377=DIRECTION('',(0.,-1.,0.));
#4378=DIRECTION('',(1.,0.,0.));
#4379=DIRECTION('',(0.,0.,-1.));
#4380=DIRECTION('',(0.,0.,-1.));
#4381=DIRECTION('',(0.,1.,0.));
#4382=DIRECTION('',(0.,0.,1.));
#4383=DIRECTION('',(-1.73472336614239E-16,-6.17304344475954E-20,1.));
#4384=DIRECTION('',(1.,0.,1.73472336614239E-16));
#4385=DIRECTION('',(0.999999936684772,0.000355851726816781,1.7347234759768E-16));
#4386=DIRECTION('',(0.000355851726816781,-0.999999936684772,0.));
#4387=DIRECTION('',(0.999999936684772,0.000355851726816781,0.));
#4388=DIRECTION('',(0.,0.,-1.));
#4389=DIRECTION('',(0.000355851726816781,-0.999999936684772,0.));
#4390=DIRECTION('',(0.999999936684772,0.000355851726816781,0.));
#4391=DIRECTION('',(0.,0.,-1.));
#4392=DIRECTION('',(0.999999936684772,0.000355851726816781,0.));
#4393=DIRECTION('',(-0.000355851726816781,0.999999936684772,0.));
#4394=DIRECTION('',(4.33680841535601E-17,1.5432608611899E-20,-1.));
#4395=DIRECTION('',(-1.,0.,-4.33680841535601E-17));
#4396=DIRECTION('',(-0.999999936684772,-0.000355851726816781,-4.33680868994204E-17));
#4397=DIRECTION('',(0.000355851726816781,-0.999999936684772,0.));
#4398=DIRECTION('',(0.999999936684772,0.000355851726816781,0.));
#4399=DIRECTION('',(0.,0.,-1.));
#4400=DIRECTION('',(0.000355851726816781,-0.999999936684772,0.));
#4401=DIRECTION('',(0.999999936684772,0.000355851726816781,0.));
#4402=DIRECTION('',(0.,0.,-1.));
#4403=DIRECTION('',(0.999999936684772,0.000355851726816781,0.));
#4404=DIRECTION('',(-0.000355851726816781,0.999999936684772,0.));
#4405=DIRECTION('',(0.,0.,1.));
#4406=DIRECTION('',(1.,0.,0.));
#4407=DIRECTION('',(0.,-0.9674598830795,0.253024454612198));
#4408=DIRECTION('',(0.,-0.253024454612198,-0.9674598830795));
#4409=DIRECTION('',(-1.,0.,0.));
#4410=DIRECTION('',(0.,0.253024454612198,0.9674598830795));
#4411=DIRECTION('',(1.,0.,0.));
#4412=DIRECTION('',(0.,0.253024454612198,0.9674598830795));
#4413=DIRECTION('',(-1.,0.,0.));
#4414=DIRECTION('',(0.,0.,1.));
#4415=DIRECTION('',(0.,0.9674598830795,-0.253024454612198));
#4416=DIRECTION('',(0.,0.253024454612198,0.9674598830795));
#4417=DIRECTION('',(0.,-0.9674598830795,0.253024454612198));
#4418=DIRECTION('',(0.,-0.9674598830795,0.253024454612198));
#4419=DIRECTION('',(0.,-0.253024454612198,-0.9674598830795));
#4420=DIRECTION('',(0.,0.253024454612198,0.9674598830795));
#4421=DIRECTION('',(1.,0.,0.));
#4422=DIRECTION('',(-1.,0.,0.));
#4423=DIRECTION('',(-1.,0.,0.));
#4424=DIRECTION('',(0.,0.,1.));
#4425=DIRECTION('',(0.,-0.9674598830795,0.253024454612198));
#4426=DIRECTION('',(0.,0.9674598830795,-0.253024454612198));
#4427=DIRECTION('',(0.,0.,1.));
#4428=DIRECTION('',(0.,0.,1.));
#4429=DIRECTION('',(-0.000355851726816781,0.999999936684772,0.));
#4430=DIRECTION('',(-0.999999936684772,-0.000355851726816781,0.));
#4431=DIRECTION('',(0.0392162365876655,1.39551663925497E-5,-0.999230747421812));
#4432=DIRECTION('',(-0.999999932353982,-0.000355851725275661,9.30676199452138E-5));
#4433=DIRECTION('',(-0.999999936684772,-0.000355851726816781,0.));
#4434=DIRECTION('',(0.,0.,1.));
#4435=DIRECTION('',(-0.000355851726816781,0.999999936684772,0.));
#4436=DIRECTION('',(-9.30676140526085E-5,-3.31182732682295E-8,-0.999999995669209));
#4437=DIRECTION('',(-0.000355851726816781,0.999999936684772,0.));
#4438=DIRECTION('',(-0.999999936684772,-0.000355851726816781,0.));
#4439=DIRECTION('',(0.0392162365876655,1.39551663925497E-5,-0.999230747421812));
#4440=DIRECTION('',(-0.000355851726816781,0.999999936684772,0.));
#4441=DIRECTION('',(-9.30676140526085E-5,-3.31182732682295E-8,-0.999999995669209));
#4442=DIRECTION('',(0.,0.,1.));
#4443=DIRECTION('',(-0.999999936684772,-0.000355851726816781,0.));
#4444=DIRECTION('',(-0.999999932353982,-0.000355851725275661,9.30676199452138E-5));
#4445=DIRECTION('',(0.,0.,1.));
#4446=DIRECTION('',(0.,0.,1.));
#4447=DIRECTION('',(0.,0.,1.));
#4448=DIRECTION('',(-0.608999413006328,0.793170672023335,0.));
#4449=DIRECTION('',(-0.793170672023335,-0.608999413006328,0.));
#4450=DIRECTION('',(-0.754079604796422,-0.578985145163757,-0.310064753414146));
#4451=DIRECTION('',(-0.783297402236401,-0.601418679481024,0.157291931201213));
#4452=DIRECTION('',(0.,0.,1.));
#4453=DIRECTION('',(-0.793170672023335,-0.608999413006328,0.));
#4454=DIRECTION('',(0.000205176325152929,0.999999978951338,0.));
#4455=DIRECTION('',(-0.999999978951338,0.000205176325152929,0.));
#4456=DIRECTION('',(-0.368168561473828,7.55394740700256E-5,0.929759057302525));
#4457=DIRECTION('',(0.000205176325152929,0.999999978951338,0.));
#4458=DIRECTION('',(5.36607538065771E-5,-1.10099165027135E-8,-0.999999998560262));
#4459=DIRECTION('',(-0.0392153512693513,8.04606183238559E-6,-0.999230782232054));
#4460=DIRECTION('',(-0.999999977511599,0.000205176324857528,-5.36607549360734E-5));
#4461=DIRECTION('',(-0.999999978951338,0.000205176325152929,0.));
#4462=DIRECTION('',(-0.999999977511599,0.000205176324857528,-5.36607549360734E-5));
#4463=DIRECTION('',(0.,0.,1.));
#4464=DIRECTION('',(-0.608999413006328,0.793170672023335,0.));
#4465=DIRECTION('',(-0.793170672023335,-0.608999413006328,0.));
#4466=DIRECTION('',(0.,0.,1.));
#4467=DIRECTION('',(-0.754079604796422,-0.578985145163757,-0.310064753414146));
#4468=DIRECTION('',(-0.793170672023335,-0.608999413006328,0.));
#4469=DIRECTION('',(0.000205176325152929,0.999999978951338,0.));
#4470=DIRECTION('',(-0.999999978951338,0.000205176325152929,0.));
#4471=DIRECTION('',(-0.0392153512693513,8.04606183238559E-6,-0.999230782232054));
#4472=DIRECTION('',(0.000205176325152929,0.999999978951338,0.));
#4473=DIRECTION('',(5.36607538065771E-5,-1.10099165027135E-8,-0.999999998560262));
#4474=DIRECTION('',(-0.368168561473828,7.55394740700256E-5,0.929759057302525));
#4475=DIRECTION('',(-0.999999978951338,0.000205176325152929,0.));
#4476=DIRECTION('',(-0.999999977511599,0.000205176324857528,-5.36607549360734E-5));
#4477=DIRECTION('',(0.,0.,1.));
#4478=DIRECTION('',(1.,0.,0.));
#4479=DIRECTION('',(0.834507702000088,-0.550996275216569,0.));
#4480=DIRECTION('',(-0.834507702000088,-0.550996275216569,0.));
#4481=DIRECTION('',(0.,-0.253024454612198,-0.9674598830795));
#4482=DIRECTION('',(0.,0.9674598830795,-0.253024454612198));
#4483=DIRECTION('',(-0.906362355761244,-0.408752979937483,0.106903140511195));
#4484=DIRECTION('',(0.,-0.253024454612198,-0.9674598830795));
#4485=DIRECTION('',(0.,0.9674598830795,-0.253024454612198));
#4486=DIRECTION('',(0.906362355761244,-0.408752979937483,0.106903140511195));
#4487=DIRECTION('',(0.,-0.253024454612198,-0.9674598830795));
#4488=DIRECTION('',(0.,0.9674598830795,-0.253024454612198));
#4489=DIRECTION('',(0.153268363141478,-0.956028960114001,0.250034870134696));
#4490=DIRECTION('',(-0.153268363141478,-0.956028960114001,0.250034870134696));
#4491=DIRECTION('',(0.,-0.253024454612198,-0.9674598830795));
#4492=DIRECTION('',(0.,0.9674598830795,-0.253024454612198));
#4493=DIRECTION('',(0.,-0.253024454612198,-0.9674598830795));
#4494=DIRECTION('',(0.,0.9674598830795,-0.253024454612198));
#4495=DIRECTION('',(0.906362355761244,-0.408752979937483,0.106903140511195));
#4496=DIRECTION('',(0.,-0.253024454612198,-0.9674598830795));
#4497=DIRECTION('',(0.,0.9674598830795,-0.253024454612198));
#4498=DIRECTION('',(-0.906362355761244,-0.408752979937483,0.106903140511195));
#4499=DIRECTION('',(0.,-0.253024454612198,-0.9674598830795));
#4500=DIRECTION('',(0.,0.9674598830795,-0.253024454612198));
#4501=DIRECTION('',(-0.153268363141478,-0.956028960114001,0.250034870134696));
#4502=DIRECTION('',(0.153268363141478,-0.956028960114001,0.250034870134696));
#4503=DIRECTION('',(0.,-0.253024454612198,-0.9674598830795));
#4504=DIRECTION('',(0.,0.9674598830795,-0.253024454612198));
#4505=DIRECTION('',(0.,-0.253024454612198,-0.9674598830795));
#4506=DIRECTION('',(0.,0.9674598830795,-0.253024454612198));
#4507=DIRECTION('',(0.842737908210006,0.520806954153674,-0.136209157441771));
#4508=DIRECTION('',(0.422501219002891,-0.876869218732433,0.229331840747516));
#4509=DIRECTION('',(0.900879183376508,0.434069921739432,0.));
#4510=DIRECTION('',(0.,0.253024454612198,0.9674598830795));
#4511=DIRECTION('',(0.,0.253024454612198,0.9674598830795));
#4512=DIRECTION('',(0.422501219002891,0.876869218732433,-0.229331840747516));
#4513=DIRECTION('',(-0.900879183376508,0.434069921739432,0.));
#4514=DIRECTION('',(-2.15102327608433E-18,0.253024454612198,0.9674598830795));
#4515=DIRECTION('',(-1.74742679662291E-18,0.253024454612198,0.9674598830795));
#4516=DIRECTION('',(0.98818460262237,-0.148280992684641,0.0387806439931769));
#4517=DIRECTION('',(0.148392621348032,0.988928526198663,0.));
#4518=DIRECTION('',(-4.33603743149286E-18,0.253024454612198,0.9674598830795));
#4519=DIRECTION('',(-1.11929455465642E-17,0.253024454612198,0.9674598830795));
#4520=DIRECTION('',(0.98818460262237,0.148280992684641,-0.0387806439931768));
#4521=DIRECTION('',(-0.148392621348032,0.988928526198663,0.));
#4522=DIRECTION('',(0.,0.253024454612198,0.9674598830795));
#4523=DIRECTION('',(0.,0.253024454612198,0.9674598830795));
#4524=DIRECTION('',(-0.538324082747395,0.815315118143514,-0.213233299605861));
#4525=DIRECTION('',(-0.834507702000088,-0.550996275216569,0.));
#4526=DIRECTION('',(2.33906757354797E-17,0.253024454612198,0.9674598830795));
#4527=DIRECTION('',(-0.538324082747395,-0.815315118143515,0.213233299605861));
#4528=DIRECTION('',(0.834507702000088,-0.550996275216569,0.));
#4529=DIRECTION('',(-1.38777878078145E-17,0.253024454612198,0.9674598830795));
#4530=DIRECTION('',(7.49152512786964E-18,-0.253024454612198,-0.9674598830795));
#4531=DIRECTION('',(0.,0.9674598830795,-0.253024454612198));
#4532=DIRECTION('',(0.,-0.253024454612198,-0.9674598830795));
#4533=DIRECTION('',(0.,0.9674598830795,-0.253024454612198));
#4534=DIRECTION('',(-9.88849661596068E-18,0.253024454612198,0.9674598830795));
#4535=DIRECTION('',(0.,-0.9674598830795,0.253024454612198));
#4536=DIRECTION('',(-8.92240084776774E-18,-0.253024454612198,-0.9674598830795));
#4537=DIRECTION('',(0.,0.9674598830795,-0.253024454612198));
#4538=DIRECTION('',(-5.95963241071311E-18,0.253024454612198,0.9674598830795));
#4539=DIRECTION('',(0.,-0.9674598830795,0.253024454612198));
#4540=CARTESIAN_POINT('',(0.,0.,0.));
#4541=CARTESIAN_POINT('',(0.0701418327243724,0.0150022838680208,1.4210854715202E-17));
#4542=CARTESIAN_POINT('',(0.0701418327243724,-0.0466017692984625,1.4210854715202E-17));
#4543=CARTESIAN_POINT('',(0.0635203573826868,-0.0466017692984625,1.4210854715202E-17));
#4544=CARTESIAN_POINT('',(0.0756393140178962,-0.0466017692984625,1.4210854715202E-17));
#4545=CARTESIAN_POINT('',(0.0701418327243724,-0.0466017692984625,1.4210854715202E-17));
#4546=CARTESIAN_POINT('',(0.0461418327243725,-0.0466017692984625,0.));
#4547=CARTESIAN_POINT('',(0.0385709163621862,-0.0233008846492312,1.4210854715202E-17));
#4548=CARTESIAN_POINT('',(0.031,-3.46944695195361E-18,1.4210854715202E-17));
#4549=CARTESIAN_POINT('',(0.0319743333236798,0.028888934318565,1.4210854715202E-17));
#4550=CARTESIAN_POINT('',(0.0329486666473596,0.0577778686371299,1.4210854715202E-17));
#4551=CARTESIAN_POINT('',(0.0419137207159233,0.067192102835817,1.4210854715202E-17));
#4552=CARTESIAN_POINT('',(0.0484028282458385,0.0740063370345041,0.));
#4553=CARTESIAN_POINT('',(0.106086194271442,0.0740063370345041,0.));
#4554=CARTESIAN_POINT('',(0.0913488905488894,0.0740063370345041,0.));
#4555=CARTESIAN_POINT('',(0.0978327383579121,0.0671815539427944,1.4210854715202E-17));
#4556=CARTESIAN_POINT('',(0.106786701931337,0.0577567708510847,1.4210854715202E-17));
#4557=CARTESIAN_POINT('',(0.108035183690041,0.0288783854255424,1.4210854715202E-17));
#4558=CARTESIAN_POINT('',(0.109283665448745,-2.08166817117217E-17,1.4210854715202E-17));
#4559=CARTESIAN_POINT('',(0.101712749086559,-0.0233008846492313,1.4210854715202E-17));
#4560=CARTESIAN_POINT('',(0.0941418327243724,-0.0466017692984625,1.4210854715202E-17));
#4561=CARTESIAN_POINT('',(0.0701418327243724,-0.0466017692984625,1.4210854715202E-17));
#4562=CARTESIAN_POINT('',(0.102802006795065,0.0147469584318175,0.));
#4563=CARTESIAN_POINT('',(0.102802006795065,0.0147469584318175,0.));
#4564=CARTESIAN_POINT('',(0.102787061022538,0.056746955772578,0.));
#4565=CARTESIAN_POINT('',(0.0977870613391146,0.0567451765139439,0.));
#4566=CARTESIAN_POINT('',(0.0963325690064188,0.0567446589303029,0.));
#4567=CARTESIAN_POINT('',(0.094574966579575,0.0592610566899001,0.));
#4568=CARTESIAN_POINT('',(0.095989587876014,0.0576342542903987,0.));
#4569=CARTESIAN_POINT('',(0.097213865964066,0.0556559244833004,0.));
#4570=CARTESIAN_POINT('',(0.098453299177067,0.0523729744749986,0.));
#4571=CARTESIAN_POINT('',(0.098640453993881,0.0501687131406996,0.));
#4572=CARTESIAN_POINT('',(0.09883025715613,0.047964679871999,0.));
#4573=CARTESIAN_POINT('',(0.099337271340279,0.0420771271235996,0.));
#4574=CARTESIAN_POINT('',(0.099870205960736,0.0361096518170001,0.));
#4575=CARTESIAN_POINT('',(0.100371975129354,0.0298764628038981,0.));
#4576=CARTESIAN_POINT('',(0.100785492957986,0.0231917689361989,0.));
#4577=CARTESIAN_POINT('',(0.101053673558482,0.0158697790655999,0.));
#4578=CARTESIAN_POINT('',(0.101194020223566,0.0120379699853981,0.));
#4579=CARTESIAN_POINT('',(0.101288232045591,0.00820447113639844,0.));
#4580=CARTESIAN_POINT('',(0.098444641526955,-0.00255989371570209,0.));
#4581=CARTESIAN_POINT('',(0.097309381245087,-0.00632869890720045,0.));
#4582=CARTESIAN_POINT('',(0.096231025010426,-0.0101137161343008,0.));
#4583=CARTESIAN_POINT('',(0.094574966579575,0.0592610566899001,7.105427357601E-18));
#4584=CARTESIAN_POINT('',(0.0937316604048969,0.0601538524878463,1.4210854715202E-17));
#4585=CARTESIAN_POINT('',(0.0940533311546193,0.0598352666049905,1.4210854715202E-17));
#4586=CARTESIAN_POINT('',(0.0943344332128453,0.0595376680056751,1.4210854715202E-17));
#4587=CARTESIAN_POINT('',(0.0945749665795749,0.0592610566899002,1.4210854715202E-17));
#4588=CARTESIAN_POINT('',(0.0937318678536979,0.0601541622269997,1.42611616960053E-17));
#4589=CARTESIAN_POINT('',(0.0945749665795746,0.0592610566899004,1.4210854715202E-17));
#4590=CARTESIAN_POINT('',(0.0942237085145735,0.0596650004622733,1.4210854715202E-17));
#4591=CARTESIAN_POINT('',(0.0934718441015492,0.0604286811706061,1.4210854715202E-17));
#4592=CARTESIAN_POINT('',(0.0922812673962898,0.0615067477657221,1.4210854715202E-17));
#4593=CARTESIAN_POINT('',(0.091053370306973,0.0625420646724863,1.4210854715202E-17));
#4594=CARTESIAN_POINT('',(0.089384639127716,0.0638839195873969,1.4210854715202E-17));
#4595=CARTESIAN_POINT('',(0.087259241719984,0.0655110588426448,1.4210854715202E-17));
#4596=CARTESIAN_POINT('',(0.0855402809476067,0.0667877777590983,1.4210854715202E-17));
#4597=CARTESIAN_POINT('',(0.0846833033915412,0.0674294947265132,1.4210854715202E-17));
#4598=CARTESIAN_POINT('',(0.0846833039833088,0.0674295053561988,1.4210854715202E-17));
#4599=CARTESIAN_POINT('',(0.0804542713433491,0.0674280092870793,1.4210854715202E-17));
#4600=CARTESIAN_POINT('',(0.0762252248776532,0.0674265043734964,1.4210854715202E-17));
#4601=CARTESIAN_POINT('',(0.0612219617491251,0.0674266993603041,1.4210854715202E-17));
#4602=CARTESIAN_POINT('',(0.0615265634310112,0.0674280844905308,1.4210854715202E-17));
#4603=CARTESIAN_POINT('',(0.0618837896729533,0.0674286958335988,1.4210854715202E-17));
#4604=CARTESIAN_POINT('',(0.0622936404749515,0.0674285333895082,1.4210854715202E-17));
#4605=CARTESIAN_POINT('',(0.0623007045149052,0.0674285305896807,1.4210854715202E-17));
#4606=CARTESIAN_POINT('',(0.0626579072819113,0.0674281527011442,1.4210854715202E-17));
#4607=CARTESIAN_POINT('',(0.0633652487759698,0.0674273997238988,1.4210854715202E-17));
#4608=CARTESIAN_POINT('',(0.0638831083099232,0.0674268484534747,1.4210854715202E-17));
#4609=CARTESIAN_POINT('',(0.0645975519387123,0.0674264440019731,1.4210854715202E-17));
#4610=CARTESIAN_POINT('',(0.0655085796623372,0.0674261863693939,1.4210854715202E-17));
#4611=CARTESIAN_POINT('',(0.0655566532513005,0.0674261727745028,1.4210854715202E-17));
#4612=CARTESIAN_POINT('',(0.0666283187159799,0.0674257632414559,1.4210854715202E-17));
#4613=CARTESIAN_POINT('',(0.0687235760563756,0.0674249577702533,1.4210854715202E-17));
#4614=CARTESIAN_POINT('',(0.0702201984871001,0.0674243824298185,1.4210854715202E-17));
#4615=CARTESIAN_POINT('',(0.0714704742378771,0.0674245627207924,1.4210854715202E-17));
#4616=CARTESIAN_POINT('',(0.0724744033087066,0.0674254986431748,1.4210854715202E-17));
#4617=CARTESIAN_POINT('',(0.0743561448814676,0.0674272529145742,1.4210854715202E-17));
#4618=CARTESIAN_POINT('',(0.0756064187378054,0.0674275880955055,1.4210854715202E-17));
#4619=CARTESIAN_POINT('',(0.0762252248777199,0.0674265041859687,1.4210854715202E-17));
#4620=CARTESIAN_POINT('',(0.0612219617491251,0.0674266993603041,1.4210854715202E-17));
#4621=CARTESIAN_POINT('',(0.0583818279635006,0.0674272823385172,1.4210854715202E-17));
#4622=CARTESIAN_POINT('',(0.0555416941784187,0.0674278650667424,1.4210854715202E-17));
#4623=CARTESIAN_POINT('',(0.0536333698943866,0.0659626464989163,1.4210854715202E-17));
#4624=CARTESIAN_POINT('',(0.0517250456103615,0.0644974279655174,1.4210854715202E-17));
#4625=CARTESIAN_POINT('',(0.048028489814583,0.0615934696704006,1.4210854715202E-17));
#4626=CARTESIAN_POINT('',(0.0483105558890159,0.0618318277589125,1.4210854715202E-17));
#4627=CARTESIAN_POINT('',(0.0486131790818867,0.0620806095114789,1.4210854715202E-17));
#4628=CARTESIAN_POINT('',(0.0489363593931954,0.0623398149280998,1.4210854715202E-17));
#4629=CARTESIAN_POINT('',(0.0492079900151323,0.0625576751320245,1.4210854715202E-17));
#4630=CARTESIAN_POINT('',(0.0495158192240201,0.0627999965191536,1.4210854715202E-17));
#4631=CARTESIAN_POINT('',(0.049859847019859,0.0630667790894872,1.4210854715202E-17));
#4632=CARTESIAN_POINT('',(0.0500423107740059,0.0632082739044784,1.4210854715202E-17));
#4633=CARTESIAN_POINT('',(0.050352611980477,0.0634474535525827,1.4210854715202E-17));
#4634=CARTESIAN_POINT('',(0.0507907506392723,0.0637843180338003,1.4210854715202E-17));
#4635=CARTESIAN_POINT('',(0.0511747689744806,0.0640795719098761,1.4210854715202E-17));
#4636=CARTESIAN_POINT('',(0.0514862006822606,0.0643172751543506,1.4210854715202E-17));
#4637=CARTESIAN_POINT('',(0.0517250457626122,0.0644974277672237,1.4210854715202E-17));
#4638=CARTESIAN_POINT('',(0.0487316604048969,0.0621748034852706,0.));
#4639=CARTESIAN_POINT('',(0.048028489814583,0.0615934696704006,1.4210854715202E-17));
#4640=CARTESIAN_POINT('',(0.0482501813287428,0.0617808086322402,1.4210854715202E-17));
#4641=CARTESIAN_POINT('',(0.0484845715255089,0.0619745865705261,1.4210854715202E-17));
#4642=CARTESIAN_POINT('',(0.0487316604048814,0.062174803485258,1.4210854715202E-17));
#4643=CARTESIAN_POINT('',(0.048028489814583,0.0615934696703997,7.105427357601E-18));
#4644=CARTESIAN_POINT('',(0.042421241168191,0.0502309857763006,0.));
#4645=CARTESIAN_POINT('',(0.042554609286497,0.0529813627400984,0.));
#4646=CARTESIAN_POINT('',(0.042687977404803,0.0557317397038997,0.));
#4647=CARTESIAN_POINT('',(0.044113210484046,0.0579862641519995,0.));
#4648=CARTESIAN_POINT('',(0.045996549282908,0.0598763519125996,0.));
#4649=CARTESIAN_POINT('',(0.048028489814583,0.0615934696703988,0.));
#4650=CARTESIAN_POINT('',(0.0438194026738996,0.0567259720281997,0.));
#4651=CARTESIAN_POINT('',(0.0439490416466594,0.0567260181604549,0.));
#4652=CARTESIAN_POINT('',(0.0389490419632355,0.0567242389018209,0.));
#4653=CARTESIAN_POINT('',(0.0389639877357617,0.0147242415610604,0.));
#4654=CARTESIAN_POINT('',(0.0389639877357617,0.0147242415610604,0.));
#4655=CARTESIAN_POINT('',(0.0439639874191857,0.0147260208196945,0.));
#4656=CARTESIAN_POINT('',(0.0406995188884813,0.0147248591528571,0.));
#4657=CARTESIAN_POINT('',(0.043608520386037,0.0747155886319995,1.4210854715202E-17));
#4658=CARTESIAN_POINT('',(0.040122112345796,0.00281732327469974,0.));
#4659=CARTESIAN_POINT('',(0.043015519732021,-0.0177631418108,0.));
#4660=CARTESIAN_POINT('',(0.041947215424672,-0.0144644437080998,0.));
#4661=CARTESIAN_POINT('',(0.041070927655439,-0.0111035598314011,0.));
#4662=CARTESIAN_POINT('',(0.039787469666423,-0.00408382767600024,0.));
#4663=CARTESIAN_POINT('',(0.03995479100611,-0.000633252200699985,0.));
#4664=CARTESIAN_POINT('',(0.040122112345796,0.00281732327469974,0.));
#4665=CARTESIAN_POINT('',(0.0430155197322709,-0.0177631418107182,7.105427357601E-18));
#4666=CARTESIAN_POINT('',(0.0495745364407081,-0.0352352073049199,1.4210854715202E-17));
#4667=CARTESIAN_POINT('',(0.0493598737258417,-0.0346760850057992,1.4210854715202E-17));
#4668=CARTESIAN_POINT('',(0.0489891684135667,-0.0337116087060541,1.4210854715202E-17));
#4669=CARTESIAN_POINT('',(0.0484730445304505,-0.0323704299998415,1.4210854715202E-17));
#4670=CARTESIAN_POINT('',(0.0481924636830318,-0.0316416704247558,1.4210854715202E-17));
#4671=CARTESIAN_POINT('',(0.0480487577198715,-0.0312684971393895,1.4210854715202E-17));
#4672=CARTESIAN_POINT('',(0.0479620984544592,-0.0310434846113442,1.4210854715202E-17));
#4673=CARTESIAN_POINT('',(0.0479048977057398,-0.0308949719702883,1.4210854715202E-17));
#4674=CARTESIAN_POINT('',(0.0478142550186779,-0.0306596392179658,1.4210854715202E-17));
#4675=CARTESIAN_POINT('',(0.0477084042366288,-0.0303848172998352,1.4210854715202E-17));
#4676=CARTESIAN_POINT('',(0.0475243728491745,-0.0299070077657671,1.4210854715202E-17));
#4677=CARTESIAN_POINT('',(0.0471882134098616,-0.0290341891057451,1.4210854715202E-17));
#4678=CARTESIAN_POINT('',(0.0468658605507624,-0.0281971428804596,1.4210854715202E-17));
#4679=CARTESIAN_POINT('',(0.0466076736657239,-0.0275266234042236,1.4210854715202E-17));
#4680=CARTESIAN_POINT('',(0.0464727966303762,-0.027176296372597,1.4210854715202E-17));
#4681=CARTESIAN_POINT('',(0.0463806497327934,-0.0269369214652876,1.4210854715202E-17));
#4682=CARTESIAN_POINT('',(0.0463199102570402,-0.0267791161039958,1.4210854715202E-17));
#4683=CARTESIAN_POINT('',(0.0462745654258989,-0.0266612864163319,1.4210854715202E-17));
#4684=CARTESIAN_POINT('',(0.0462489544789431,-0.0265947269635903,1.4210854715202E-17));
#4685=CARTESIAN_POINT('',(0.0462311700094165,-0.0265485011700825,1.4210854715202E-17));
#4686=CARTESIAN_POINT('',(0.0462299995794309,-0.0265454604953155,1.4210854715202E-17));
#4687=CARTESIAN_POINT('',(0.0461847126467468,-0.0264277358225901,1.4210854715202E-17));
#4688=CARTESIAN_POINT('',(0.0461407768710435,-0.0263135086055711,1.4210854715202E-17));
#4689=CARTESIAN_POINT('',(0.0460588182778023,-0.0261003975681414,1.4210854715202E-17));
#4690=CARTESIAN_POINT('',(0.0459518375197726,-0.0258221230781644,1.4210854715202E-17));
#4691=CARTESIAN_POINT('',(0.0458318578652935,-0.0255098738793136,1.4210854715202E-17));
#4692=CARTESIAN_POINT('',(0.0456860810332829,-0.0251302509551339,1.4210854715202E-17));
#4693=CARTESIAN_POINT('',(0.045559134978507,-0.0247992606488531,1.4210854715202E-17));
#4694=CARTESIAN_POINT('',(0.0454685862436012,-0.0245628064375989,1.4210854715202E-17));
#4695=CARTESIAN_POINT('',(0.0454175366155275,-0.0244293314442203,1.4210854715202E-17));
#4696=CARTESIAN_POINT('',(0.0453939567165416,-0.0243676575677396,1.4210854715202E-17));
#4697=CARTESIAN_POINT('',(0.0453263014676136,-0.0241904644978962,1.4210854715202E-17));
#4698=CARTESIAN_POINT('',(0.0452529643910017,-0.0239980880077413,1.4210854715202E-17));
#4699=CARTESIAN_POINT('',(0.0451204947772966,-0.0236499471126136,1.4210854715202E-17));
#4700=CARTESIAN_POINT('',(0.0449435466460996,-0.0231827896794665,1.4210854715202E-17));
#4701=CARTESIAN_POINT('',(0.0447788329020182,-0.0227451863171062,1.4210854715202E-17));
#4702=CARTESIAN_POINT('',(0.0446506999838514,-0.0224027687626817,1.4210854715202E-17));
#4703=CARTESIAN_POINT('',(0.0445684723907513,-0.0221822859486639,1.4210854715202E-17));
#4704=CARTESIAN_POINT('',(0.0444503553497282,-0.0218640212934877,1.4210854715202E-17));
#4705=CARTESIAN_POINT('',(0.0443102609781143,-0.0214842248229447,1.4210854715202E-17));
#4706=CARTESIAN_POINT('',(0.0441387448526075,-0.0210154171253119,1.4210854715202E-17));
#4707=CARTESIAN_POINT('',(0.0439427531609204,-0.0204722989814019,1.4210854715202E-17));
#4708=CARTESIAN_POINT('',(0.0437726332388614,-0.0199949259361643,1.4210854715202E-17));
#4709=CARTESIAN_POINT('',(0.0435601439270978,-0.0193881714995311,1.4210854715202E-17));
#4710=CARTESIAN_POINT('',(0.0433075007297906,-0.0186511088860637,1.4210854715202E-17));
#4711=CARTESIAN_POINT('',(0.043128012588677,-0.018110496065289,1.4210854715202E-17));
#4712=CARTESIAN_POINT('',(0.0430155197325208,-0.0177631418106365,1.4210854715202E-17));
#4713=CARTESIAN_POINT('',(0.049574536440708,-0.035235207304919,1.4210854715202E-17));
#4714=CARTESIAN_POINT('',(0.0508787747716444,-0.0384169133270919,1.4210854715202E-17));
#4715=CARTESIAN_POINT('',(0.0507751974826114,-0.0381941869893212,1.4210854715202E-17));
#4716=CARTESIAN_POINT('',(0.0506138184978926,-0.0378324194931838,1.4210854715202E-17));
#4717=CARTESIAN_POINT('',(0.0504091611369803,-0.0373473136950129,1.4210854715202E-17));
#4718=CARTESIAN_POINT('',(0.0502942295816121,-0.0370687918765333,1.4210854715202E-17));
#4719=CARTESIAN_POINT('',(0.0501906245459097,-0.0368133327985484,1.4210854715202E-17));
#4720=CARTESIAN_POINT('',(0.0501449436449547,-0.0366991133489612,1.4210854715202E-17));
#4721=CARTESIAN_POINT('',(0.0500545958141306,-0.0364720195054825,1.4210854715202E-17));
#4722=CARTESIAN_POINT('',(0.049887655165752,-0.0360470878274777,1.4210854715202E-17));
#4723=CARTESIAN_POINT('',(0.0497080882767412,-0.035583063750475,1.4210854715202E-17));
#4724=CARTESIAN_POINT('',(0.049574536440708,-0.0352352073049181,1.4210854715202E-17));
#4725=CARTESIAN_POINT('',(0.0508787747819547,-0.0384169133222967,7.105427357601E-18));
#4726=CARTESIAN_POINT('',(0.08806210461104,-0.0385328856981015,0.));
#4727=CARTESIAN_POINT('',(0.087539528609604,-0.0400737889395017,0.));
#4728=CARTESIAN_POINT('',(0.086878413367053,-0.0415677085153004,0.));
#4729=CARTESIAN_POINT('',(0.085867900573584,-0.0424097763771005,0.));
#4730=CARTESIAN_POINT('',(0.084273068760104,-0.0428251090884011,0.));
#4731=CARTESIAN_POINT('',(0.082651663133707,-0.0430265798422002,0.));
#4732=CARTESIAN_POINT('',(0.082199555118932,-0.0430827573594002,0.));
#4733=CARTESIAN_POINT('',(0.081745961471208,-0.0431222349549998,0.));
#4734=CARTESIAN_POINT('',(0.081291352466057,-0.0431490324740018,0.));
#4735=CARTESIAN_POINT('',(0.080245424909245,-0.0431907113026994,0.));
#4736=CARTESIAN_POINT('',(0.079199102327057,-0.0432078859374005,0.));
#4737=CARTESIAN_POINT('',(0.078608025594752,-0.0432122343138008,0.));
#4738=CARTESIAN_POINT('',(0.077248415829669,-0.0432155953510005,0.));
#4739=CARTESIAN_POINT('',(0.075888867621212,-0.0432167247814004,0.));
#4740=CARTESIAN_POINT('',(0.075120415801019,-0.0432169583424997,0.));
#4741=CARTESIAN_POINT('',(0.073114533075364,-0.0432173156243998,0.));
#4742=CARTESIAN_POINT('',(0.071108631041879,-0.0432191137117002,0.));
#4743=CARTESIAN_POINT('',(0.069871179642625,-0.0432203150159012,0.));
#4744=CARTESIAN_POINT('',(0.06731383820065,-0.043222044970701,0.));
#4745=CARTESIAN_POINT('',(0.064756509345733,-0.0432202707327995,0.));
#4746=CARTESIAN_POINT('',(0.063436625264087,-0.0432194190931998,0.));
#4747=CARTESIAN_POINT('',(0.061895459351048,-0.0432196642425016,0.));
#4748=CARTESIAN_POINT('',(0.060354280123752,-0.0432227167792014,0.));
#4749=CARTESIAN_POINT('',(0.060133004487615,-0.0432228974129991,0.));
#4750=CARTESIAN_POINT('',(0.059911734554349,-0.0432225048919008,0.));
#4751=CARTESIAN_POINT('',(0.059690473312622,-0.043221223702,0.));
#4752=CARTESIAN_POINT('',(0.057282624026958,-0.0432072813042001,0.));
#4753=CARTESIAN_POINT('',(0.054875384146343,-0.0430880947772998,0.));
#4754=CARTESIAN_POINT('',(0.053088533677138,-0.0424803574782011,0.));
#4755=CARTESIAN_POINT('',(0.051852069643301,-0.0405098278653018,0.));
#4756=CARTESIAN_POINT('',(0.050878774792265,-0.0384169133175014,0.));
#4757=CARTESIAN_POINT('',(0.0635203573844173,-0.0432200013097407,6.6717464886068E-18));
#4758=CARTESIAN_POINT('',(0.063520357384199,-0.0443683334302501,1.4210854715202E-17));
#4759=CARTESIAN_POINT('',(0.063520357384199,-0.0455166450382994,1.4210854715202E-17));
#4760=CARTESIAN_POINT('',(0.0695798354992432,-0.0455166450382994,1.4210854715202E-17));
#4761=CARTESIAN_POINT('',(0.0756393136142874,-0.0455166450382994,1.4210854715202E-17));
#4762=CARTESIAN_POINT('',(0.0756393136142874,-0.0443666450382994,1.4210854715202E-17));
#4763=CARTESIAN_POINT('',(0.0756393137971462,-0.0432162459492057,6.67174838251468E-18));
#4764=CARTESIAN_POINT('',(0.08806210461104,-0.0385328856981015,0.));
#4765=CARTESIAN_POINT('',(0.087539528609604,-0.0400737889395017,0.));
#4766=CARTESIAN_POINT('',(0.086878413367053,-0.0415677085153004,0.));
#4767=CARTESIAN_POINT('',(0.085867900573584,-0.0424097763771005,0.));
#4768=CARTESIAN_POINT('',(0.084273068760104,-0.0428251090884011,0.));
#4769=CARTESIAN_POINT('',(0.082651663133707,-0.0430265798422002,0.));
#4770=CARTESIAN_POINT('',(0.082199555118932,-0.0430827573594002,0.));
#4771=CARTESIAN_POINT('',(0.081745961471208,-0.0431222349549998,0.));
#4772=CARTESIAN_POINT('',(0.081291352466057,-0.0431490324740018,0.));
#4773=CARTESIAN_POINT('',(0.080245424909245,-0.0431907113026994,0.));
#4774=CARTESIAN_POINT('',(0.079199102327057,-0.0432078859374005,0.));
#4775=CARTESIAN_POINT('',(0.078608025594752,-0.0432122343138008,0.));
#4776=CARTESIAN_POINT('',(0.077248415829669,-0.0432155953510005,0.));
#4777=CARTESIAN_POINT('',(0.075888867621212,-0.0432167247814004,0.));
#4778=CARTESIAN_POINT('',(0.075120415801019,-0.0432169583424997,0.));
#4779=CARTESIAN_POINT('',(0.073114533075364,-0.0432173156243998,0.));
#4780=CARTESIAN_POINT('',(0.071108631041879,-0.0432191137117002,0.));
#4781=CARTESIAN_POINT('',(0.069871179642625,-0.0432203150159012,0.));
#4782=CARTESIAN_POINT('',(0.06731383820065,-0.043222044970701,0.));
#4783=CARTESIAN_POINT('',(0.064756509345733,-0.0432202707327995,0.));
#4784=CARTESIAN_POINT('',(0.063436625264087,-0.0432194190931998,0.));
#4785=CARTESIAN_POINT('',(0.061895459351048,-0.0432196642425016,0.));
#4786=CARTESIAN_POINT('',(0.060354280123752,-0.0432227167792014,0.));
#4787=CARTESIAN_POINT('',(0.060133004487615,-0.0432228974129991,0.));
#4788=CARTESIAN_POINT('',(0.059911734554349,-0.0432225048919008,0.));
#4789=CARTESIAN_POINT('',(0.059690473312622,-0.043221223702,0.));
#4790=CARTESIAN_POINT('',(0.057282624026958,-0.0432072813042001,0.));
#4791=CARTESIAN_POINT('',(0.054875384146343,-0.0430880947772998,0.));
#4792=CARTESIAN_POINT('',(0.053088533677138,-0.0424803574782011,0.));
#4793=CARTESIAN_POINT('',(0.051852069643301,-0.0405098278653018,0.));
#4794=CARTESIAN_POINT('',(0.050878774792265,-0.0384169133175014,0.));
#4795=CARTESIAN_POINT('',(0.08806210461104,-0.0385328856981006,7.105427357601E-18));
#4796=CARTESIAN_POINT('',(0.088087672078665,-0.0384568716566727,1.34441069388203E-17));
#4797=CARTESIAN_POINT('',(0.0881134836564199,-0.0383795617577817,1.4210854715202E-17));
#4798=CARTESIAN_POINT('',(0.096231025010426,-0.0101137161343008,1.4210854715202E-17));
#4799=CARTESIAN_POINT('',(0.0960632479253215,-0.0107026116560488,1.4210854715202E-17));
#4800=CARTESIAN_POINT('',(0.0957276180351149,-0.011880857820699,1.4210854715202E-17));
#4801=CARTESIAN_POINT('',(0.0952250738711869,-0.0136456234250613,1.4210854715202E-17));
#4802=CARTESIAN_POINT('',(0.0948042180489608,-0.0151240142417081,1.4210854715202E-17));
#4803=CARTESIAN_POINT('',(0.0944724950523715,-0.0162895490494167,1.4210854715202E-17));
#4804=CARTESIAN_POINT('',(0.0942103939962734,-0.0172106773174516,1.4210854715202E-17));
#4805=CARTESIAN_POINT('',(0.093999270519902,-0.0179525494014336,1.4210854715202E-17));
#4806=CARTESIAN_POINT('',(0.0936891433238758,-0.0190416513253534,1.4210854715202E-17));
#4807=CARTESIAN_POINT('',(0.0933669782463946,-0.0201722451687663,1.4210854715202E-17));
#4808=CARTESIAN_POINT('',(0.0930261646370825,-0.0213675208338566,1.4210854715202E-17));
#4809=CARTESIAN_POINT('',(0.092762303810202,-0.0222925521372639,1.4210854715202E-17));
#4810=CARTESIAN_POINT('',(0.0925353397996946,-0.0230879411375025,1.4210854715202E-17));
#4811=CARTESIAN_POINT('',(0.0923727076686561,-0.0236577325994067,1.4210854715202E-17));
#4812=CARTESIAN_POINT('',(0.0922788108829891,-0.0239866642756864,1.4210854715202E-17));
#4813=CARTESIAN_POINT('',(0.0922194598153452,-0.0241945612151309,1.4210854715202E-17));
#4814=CARTESIAN_POINT('',(0.0921722291695638,-0.0243599918197062,1.4210854715202E-17));
#4815=CARTESIAN_POINT('',(0.0921452201323326,-0.0244545900907611,1.4210854715202E-17));
#4816=CARTESIAN_POINT('',(0.0920874694129788,-0.0246568508385786,1.4210854715202E-17));
#4817=CARTESIAN_POINT('',(0.0919750862126541,-0.0250504076842339,1.4210854715202E-17));
#4818=CARTESIAN_POINT('',(0.0918004757154198,-0.0256617668457187,1.4210854715202E-17));
#4819=CARTESIAN_POINT('',(0.0915757199658161,-0.0264485240320006,1.4210854715202E-17));
#4820=CARTESIAN_POINT('',(0.0912528396994058,-0.0275785503327315,1.4210854715202E-17));
#4821=CARTESIAN_POINT('',(0.0908980453984465,-0.0288199908609082,1.4210854715202E-17));
#4822=CARTESIAN_POINT('',(0.0905052006948193,-0.0301942513624129,1.4210854715202E-17));
#4823=CARTESIAN_POINT('',(0.0902054354531324,-0.0312428977860433,1.4210854715202E-17));
#4824=CARTESIAN_POINT('',(0.0898444242976327,-0.0325052134962902,1.4210854715202E-17));
#4825=CARTESIAN_POINT('',(0.089558411036387,-0.0335031786094517,1.4210854715202E-17));
#4826=CARTESIAN_POINT('',(0.0893623607363511,-0.0341855219656377,1.4210854715202E-17));
#4827=CARTESIAN_POINT('',(0.0892496185035252,-0.034576687809419,1.4210854715202E-17));
#4828=CARTESIAN_POINT('',(0.089193141955571,-0.0347722503760343,1.4210854715202E-17));
#4829=CARTESIAN_POINT('',(0.0891582367271816,-0.0348928884741962,1.4210854715202E-17));
#4830=CARTESIAN_POINT('',(0.0891378206696182,-0.0349633697179595,1.4210854715202E-17));
#4831=CARTESIAN_POINT('',(0.0890974953154136,-0.0351024068632936,1.4210854715202E-17));
#4832=CARTESIAN_POINT('',(0.0890147405016125,-0.0353872250062512,1.4210854715202E-17));
#4833=CARTESIAN_POINT('',(0.0889057946766859,-0.0357607083767521,1.4210854715202E-17));
#4834=CARTESIAN_POINT('',(0.0887776587983492,-0.036197762358558,1.4210854715202E-17));
#4835=CARTESIAN_POINT('',(0.0886818974386746,-0.0365224304002337,1.4210854715202E-17));
#4836=CARTESIAN_POINT('',(0.0886247051818025,-0.0367156482878951,1.4210854715202E-17));
#4837=CARTESIAN_POINT('',(0.0885740482256962,-0.0368865156003792,1.4210854715202E-17));
#4838=CARTESIAN_POINT('',(0.0885052586394562,-0.0371177819483138,1.4210854715202E-17));
#4839=CARTESIAN_POINT('',(0.0884383587460244,-0.0373414176450394,1.4210854715202E-17));
#4840=CARTESIAN_POINT('',(0.0883883289636375,-0.037507363696163,1.4210854715202E-17));
#4841=CARTESIAN_POINT('',(0.0883571056080751,-0.0376101910747973,1.4210854715202E-17));
#4842=CARTESIAN_POINT('',(0.0883164568525893,-0.037743197632658,1.4210854715202E-17));
#4843=CARTESIAN_POINT('',(0.0882249546250534,-0.0380378792328252,1.4210854715202E-17));
#4844=CARTESIAN_POINT('',(0.0881580870992254,-0.0382449207120977,1.4210854715202E-17));
#4845=CARTESIAN_POINT('',(0.0881134836564199,-0.0383795617577817,1.4210854715202E-17));
#4846=CARTESIAN_POINT('',(0.096231025010426,-0.0101137161343008,7.105427357601E-18));
#4847=CARTESIAN_POINT('',(0.094574966579575,0.0592610566899001,0.));
#4848=CARTESIAN_POINT('',(0.095989587876014,0.0576342542903987,0.));
#4849=CARTESIAN_POINT('',(0.097213865964066,0.0556559244833004,0.));
#4850=CARTESIAN_POINT('',(0.098453299177067,0.0523729744749986,0.));
#4851=CARTESIAN_POINT('',(0.098640453993881,0.0501687131406996,0.));
#4852=CARTESIAN_POINT('',(0.09883025715613,0.047964679871999,0.));
#4853=CARTESIAN_POINT('',(0.099337271340279,0.0420771271235996,0.));
#4854=CARTESIAN_POINT('',(0.099870205960736,0.0361096518170001,0.));
#4855=CARTESIAN_POINT('',(0.100371975129354,0.0298764628038981,0.));
#4856=CARTESIAN_POINT('',(0.100785492957986,0.0231917689361989,0.));
#4857=CARTESIAN_POINT('',(0.101053673558482,0.0158697790655999,0.));
#4858=CARTESIAN_POINT('',(0.101194020223566,0.0120379699853981,0.));
#4859=CARTESIAN_POINT('',(0.101288232045591,0.00820447113639844,0.));
#4860=CARTESIAN_POINT('',(0.098444641526955,-0.00255989371570209,0.));
#4861=CARTESIAN_POINT('',(0.097309381245087,-0.00632869890720045,0.));
#4862=CARTESIAN_POINT('',(0.096231025010426,-0.0101137161343008,0.));
#4863=CARTESIAN_POINT('',(0.101087593311779,0.0147463483547804,0.));
#4864=CARTESIAN_POINT('',(0.0978020071116409,0.0147451791731835,0.));
#4865=CARTESIAN_POINT('',(0.094574966579575,0.0592610566899001,0.0064106540137462));
#4866=CARTESIAN_POINT('',(0.094574966579575,0.0592610566899001,-1.73472347597681E-18));
#4867=CARTESIAN_POINT('',(0.0952019225254681,0.0585400627109971,0.0064106540137462));
#4868=CARTESIAN_POINT('',(0.0952019225254681,0.0585400627109971,-8.67361737988404E-19));
#4869=CARTESIAN_POINT('',(0.0957916115828653,0.0577144321886172,0.0064106540137462));
#4870=CARTESIAN_POINT('',(0.0957916115828653,0.0577144321886172,-8.67361737988404E-19));
#4871=CARTESIAN_POINT('',(0.0963325690064187,0.0567446589303064,0.0064106540137462));
#4872=CARTESIAN_POINT('',(0.0963325690064187,0.0567446589303064,-1.73472347597681E-18));
#4873=CARTESIAN_POINT('',(0.0963325690064188,0.0567446589303064,0.0025));
#4874=CARTESIAN_POINT('',(0.096332569006416,0.0567446589303029,0.0025));
#4875=CARTESIAN_POINT('',(0.094574966579575,0.0592610566899001,0.0025));
#4876=CARTESIAN_POINT('',(0.095989587876014,0.0576342542903987,0.0025));
#4877=CARTESIAN_POINT('',(0.097213865964066,0.0556559244833004,0.0025));
#4878=CARTESIAN_POINT('',(0.098453299177067,0.0523729744749986,0.0025));
#4879=CARTESIAN_POINT('',(0.098640453993881,0.0501687131406996,0.0025));
#4880=CARTESIAN_POINT('',(0.09883025715613,0.047964679871999,0.0025));
#4881=CARTESIAN_POINT('',(0.099337271340279,0.0420771271235996,0.0025));
#4882=CARTESIAN_POINT('',(0.099870205960736,0.0361096518170001,0.0025));
#4883=CARTESIAN_POINT('',(0.100371975129354,0.0298764628038981,0.0025));
#4884=CARTESIAN_POINT('',(0.100785492957986,0.0231917689361989,0.0025));
#4885=CARTESIAN_POINT('',(0.101053673558482,0.0158697790655999,0.0025));
#4886=CARTESIAN_POINT('',(0.101194020223566,0.0120379699853981,0.0025));
#4887=CARTESIAN_POINT('',(0.101288232045591,0.00820447113639844,0.0025));
#4888=CARTESIAN_POINT('',(0.098444641526955,-0.00255989371570209,0.0025));
#4889=CARTESIAN_POINT('',(0.097309381245087,-0.00632869890720045,0.0025));
#4890=CARTESIAN_POINT('',(0.096231025010426,-0.0101137161343008,0.0025));
#4891=CARTESIAN_POINT('',(0.0960066663074985,0.0573029828187904,0.00250000000000006));
#4892=CARTESIAN_POINT('',(0.094574966579575,0.0592610566899001,0.00637241949676559));
#4893=CARTESIAN_POINT('',(0.0952155923627587,0.0585243425149551,0.00517284176692985));
#4894=CARTESIAN_POINT('',(0.0956438902350557,0.0578968157208371,0.00385471264001995));
#4895=CARTESIAN_POINT('',(0.0960066663074985,0.0573029828187904,0.00250000000000006));
#4896=CARTESIAN_POINT('',(0.094574966579575,0.0592610566899001,0.00637241949676559));
#4897=CARTESIAN_POINT('',(0.094574966579575,0.0592610566899001,0.0575));
#4898=CARTESIAN_POINT('',(0.094574966579575,0.0592610566899001,0.0025));
#4899=CARTESIAN_POINT('',(0.094574966579575,0.0592610566899001,0.0025));
#4900=CARTESIAN_POINT('',(0.0701418327243724,0.0137022838680208,0.0025));
#4901=CARTESIAN_POINT('',(0.0977870613391146,0.0567451765139439,0.0025));
#4902=CARTESIAN_POINT('',(0.0968519920523413,0.0567448437679024,0.0025));
#4903=CARTESIAN_POINT('',(0.0982568737233141,0.0558172494916953,0.0025));
#4904=CARTESIAN_POINT('',(0.0701418327243724,0.0137022838680208,0.0025));
#4905=CARTESIAN_POINT('',(0.0389639877357617,0.0147242415610604,0.0025));
#4906=CARTESIAN_POINT('',(0.0389639877357617,0.0147242415610604,0.0025));
#4907=CARTESIAN_POINT('',(0.0389490419632355,0.0567242389018209,0.0025));
#4908=CARTESIAN_POINT('',(0.0439490416466594,0.0567260181604549,0.0025));
#4909=CARTESIAN_POINT('',(0.0419478656586736,0.0567253060384789,0.0025));
#4910=CARTESIAN_POINT('',(0.0469383283900352,0.0628835351992767,0.0025));
#4911=CARTESIAN_POINT('',(0.0448918306203796,0.0611541156582989,0.0025));
#4912=CARTESIAN_POINT('',(0.0430186120578021,0.0591797067275048,0.0025));
#4913=CARTESIAN_POINT('',(0.0419478656586736,0.0567253060384792,0.0025));
#4914=CARTESIAN_POINT('',(0.0469383283901102,0.062883535199198,0.0025));
#4915=CARTESIAN_POINT('',(0.0469383283901102,0.062883535199198,0.0025));
#4916=CARTESIAN_POINT('',(0.0481574302139662,0.0639137292096611,0.0025));
#4917=CARTESIAN_POINT('',(0.0494281148941074,0.064880276613109,0.0025));
#4918=CARTESIAN_POINT('',(0.0507021250260648,0.0658414539137939,0.0025));
#4919=CARTESIAN_POINT('',(0.0507021250260648,0.0658414539137939,0.0025));
#4920=CARTESIAN_POINT('',(0.0545130942147563,0.0687675303318464,0.0025));
#4921=CARTESIAN_POINT('',(0.0549682267070474,0.0691169827642445,0.0025));
#4922=CARTESIAN_POINT('',(0.0612223608926332,0.0691156995639482,0.0025));
#4923=CARTESIAN_POINT('',(0.0612205355468008,0.0691171196232124,0.0025));
#4924=CARTESIAN_POINT('',(0.0612205418925918,0.0691157102259293,0.0025));
#4925=CARTESIAN_POINT('',(0.0637216214528177,0.0691269713005367,0.0025));
#4926=CARTESIAN_POINT('',(0.0687237719667568,0.0691044941295494,0.0025));
#4927=CARTESIAN_POINT('',(0.0737259242801621,0.0691198717186456,0.0025));
#4928=CARTESIAN_POINT('',(0.07622700234865,0.0691155036605384,0.0025));
#4929=CARTESIAN_POINT('',(0.0762270045485462,0.0691167632845329,0.0025));
#4930=CARTESIAN_POINT('',(0.0855477490166964,0.0691188219169591,0.0025));
#4931=CARTESIAN_POINT('',(0.0852452767492684,0.0691187142816735,0.0025));
#4932=CARTESIAN_POINT('',(0.0852452767492684,0.0691187142816735,0.0025));
#4933=CARTESIAN_POINT('',(0.0870824519558362,0.0677431999446017,0.0025));
#4934=CARTESIAN_POINT('',(0.0898551579458059,0.0657013378110982,0.0025));
#4935=CARTESIAN_POINT('',(0.09341124615956,0.0627975195199008,0.0025));
#4936=CARTESIAN_POINT('',(0.0950952312818504,0.0612367397206952,0.0025));
#4937=CARTESIAN_POINT('',(0.0958494912276471,0.0603693472300819,0.0025));
#4938=CARTESIAN_POINT('',(0.0958494912276816,0.0603693472300423,0.0025));
#4939=CARTESIAN_POINT('',(0.0982404575149919,0.0567453378557672,0.0025));
#4940=CARTESIAN_POINT('',(0.0975968007233515,0.0580409304047608,0.0025));
#4941=CARTESIAN_POINT('',(0.0968158196703101,0.0592580777806626,0.0025));
#4942=CARTESIAN_POINT('',(0.0958494912276816,0.0603693472300423,0.0025));
#4943=CARTESIAN_POINT('',(0.0982404575149919,0.0567453378557662,0.0025));
#4944=CARTESIAN_POINT('',(0.0977870613391146,0.0567451765139439,0.0025));
#4945=CARTESIAN_POINT('',(0.102787061022538,0.056746955772578,0.0025));
#4946=CARTESIAN_POINT('',(0.102802006795065,0.0147469584318175,0.0025));
#4947=CARTESIAN_POINT('',(0.102802006795065,0.0147469584318175,0.0025));
#4948=CARTESIAN_POINT('',(0.0978020071116409,0.0147451791731835,0.0025));
#4949=CARTESIAN_POINT('',(0.102776888981101,0.0147469494935995,0.0025));
#4950=CARTESIAN_POINT('',(0.0978553873430108,-0.0105764990342437,0.0025));
#4951=CARTESIAN_POINT('',(0.0984473158409881,-0.0084988372282079,0.0025));
#4952=CARTESIAN_POINT('',(0.09964093251069,-0.00434526504102183,0.0025));
#4953=CARTESIAN_POINT('',(0.101178429774212,0.00193048245576573,0.0025));
#4954=CARTESIAN_POINT('',(0.102430033968386,0.00825753497044891,0.0025));
#4955=CARTESIAN_POINT('',(0.102817820814954,0.0125557175659647,0.0025));
#4956=CARTESIAN_POINT('',(0.102776888981101,0.0147469494935995,0.0025));
#4957=CARTESIAN_POINT('',(0.0978553873430123,-0.0105764990342385,0.0025));
#4958=CARTESIAN_POINT('',(0.0897167962210538,-0.0389107018712047,0.0025));
#4959=CARTESIAN_POINT('',(0.0901033011676388,-0.0377439885661982,0.0025));
#4960=CARTESIAN_POINT('',(0.0907725573492758,-0.0353801719261597,0.0025));
#4961=CARTESIAN_POINT('',(0.0921328928896677,-0.0306589309517199,0.0025));
#4962=CARTESIAN_POINT('',(0.0938164012714831,-0.0247524252031212,0.0025));
#4963=CARTESIAN_POINT('',(0.0958381243378544,-0.0176651051111784,0.0025));
#4964=CARTESIAN_POINT('',(0.0971822605694646,-0.0129391657968897,0.0025));
#4965=CARTESIAN_POINT('',(0.0978553873430123,-0.0105764990342385,0.0025));
#4966=CARTESIAN_POINT('',(0.0897167962210538,-0.0389107018712046,0.0025));
#4967=CARTESIAN_POINT('',(0.0896616244073986,-0.0390753406925987,0.0025));
#4968=CARTESIAN_POINT('',(0.0896802134365886,-0.0390205278132152,0.0025));
#4969=CARTESIAN_POINT('',(0.0896985949355298,-0.0389656447178012,0.0025));
#4970=CARTESIAN_POINT('',(0.0897167962210538,-0.0389107018712046,0.0025));
#4971=CARTESIAN_POINT('',(0.0896616244073865,-0.0390753406926364,0.0025));
#4972=CARTESIAN_POINT('',(0.0819588754817385,-0.0447924861543554,0.0025));
#4973=CARTESIAN_POINT('',(0.0828130490942244,-0.0447264459721959,0.0025));
#4974=CARTESIAN_POINT('',(0.0845045785566826,-0.0445149007571377,0.0025));
#4975=CARTESIAN_POINT('',(0.0869605315364108,-0.043510185815758,0.0025));
#4976=CARTESIAN_POINT('',(0.0887332031495132,-0.0415322878801038,0.0025));
#4977=CARTESIAN_POINT('',(0.0893817753839082,-0.039900522611047,0.0025));
#4978=CARTESIAN_POINT('',(0.0896616244073865,-0.0390753406926364,0.0025));
#4979=CARTESIAN_POINT('',(0.0819588754817568,-0.0447924861543555,0.0025));
#4980=CARTESIAN_POINT('',(0.0917070210635543,-0.0447924861543555,0.0025));
#4981=CARTESIAN_POINT('',(0.092953784757216,-0.0447924861543572,0.0025));
#4982=CARTESIAN_POINT('',(0.100106414630536,-0.022778954945732,0.0025));
#4983=CARTESIAN_POINT('',(0.105235392127078,-0.00699358534208256,0.0025));
#4984=CARTESIAN_POINT('',(0.10395967109028,0.012644176208145,0.0025));
#4985=CARTESIAN_POINT('',(0.105454966229993,-0.0103735906498851,0.0025));
#4986=CARTESIAN_POINT('',(0.104298378373707,0.0129154162193484,0.0025));
#4987=CARTESIAN_POINT('',(0.105280250662651,-0.00685552496564889,0.0025));
#4988=CARTESIAN_POINT('',(0.100106414630536,-0.022778954945732,0.0025));
#4989=CARTESIAN_POINT('',(0.107583065998516,0.000231811882697827,0.0025));
#4990=CARTESIAN_POINT('',(0.106347759885149,0.0288054340534845,0.0025));
#4991=CARTESIAN_POINT('',(0.105126594929267,0.0570519598984033,0.0025));
#4992=CARTESIAN_POINT('',(0.0966082415393046,0.0660182274446779,0.0025));
#4993=CARTESIAN_POINT('',(0.0902427378330115,0.072718443634896,0.0025));
#4994=CARTESIAN_POINT('',(0.106086194271442,0.072718443634896,0.0025));
#4995=CARTESIAN_POINT('',(0.049508703223903,0.072718443634896,0.0025));
#4996=CARTESIAN_POINT('',(0.0431368469898911,0.0660273354264475,0.0025));
#4997=CARTESIAN_POINT('',(0.034615041436572,0.0570785580224232,0.0025));
#4998=CARTESIAN_POINT('',(0.0336623735222146,0.0288320020067321,0.0025));
#4999=CARTESIAN_POINT('',(0.0326980439037052,0.000239677046162793,0.0025));
#5000=CARTESIAN_POINT('',(0.0401772508182087,-0.022778954945732,0.0025));
#5001=CARTESIAN_POINT('',(0.0473298806915283,-0.0447924861543555,0.0025));
#5002=CARTESIAN_POINT('',(0.0480167337035106,-0.0447924861543555,0.0025));
#5003=CARTESIAN_POINT('',(0.0569531110948971,-0.0447924861543555,0.0025));
#5004=CARTESIAN_POINT('',(0.049347279808084,-0.0391291240401309,0.0025));
#5005=CARTESIAN_POINT('',(0.0497005316106062,-0.0398887354114935,0.0025));
#5006=CARTESIAN_POINT('',(0.0504757940163439,-0.0413593507053944,0.0025));
#5007=CARTESIAN_POINT('',(0.0521855034084136,-0.0432495358498354,0.0025));
#5008=CARTESIAN_POINT('',(0.0544530454834593,-0.0444138787019821,0.0025));
#5009=CARTESIAN_POINT('',(0.0561185013369515,-0.0447077228783608,0.0025));
#5010=CARTESIAN_POINT('',(0.056953111094897,-0.0447924861543555,0.0025));
#5011=CARTESIAN_POINT('',(0.0493472798091912,-0.0391291240964437,0.0025));
#5012=CARTESIAN_POINT('',(0.0479977528550083,-0.0358405786982528,0.0025));
#5013=CARTESIAN_POINT('',(0.0484225388360277,-0.0369469995897121,0.0025));
#5014=CARTESIAN_POINT('',(0.0488474713811005,-0.0380543662821113,0.0025));
#5015=CARTESIAN_POINT('',(0.0493472798091912,-0.0391291240964437,0.0025));
#5016=CARTESIAN_POINT('',(0.0479977528550082,-0.0358405786982542,0.0025));
#5017=CARTESIAN_POINT('',(0.0414086838345087,-0.0182835257043723,0.0025));
#5018=CARTESIAN_POINT('',(0.0423721375480446,-0.0212584679184149,0.0025));
#5019=CARTESIAN_POINT('',(0.0446339987460676,-0.0270873039285954,0.0025));
#5020=CARTESIAN_POINT('',(0.0468773863540157,-0.0329224105651303,0.0025));
#5021=CARTESIAN_POINT('',(0.0479977528550082,-0.0358405786982542,0.0025));
#5022=CARTESIAN_POINT('',(0.0414086838649406,-0.0182835258000462,0.0025));
#5023=CARTESIAN_POINT('',(0.0384350945764776,0.00289912820122545,0.0025));
#5024=CARTESIAN_POINT('',(0.0383916409116579,0.0020030072974351,0.0025));
#5025=CARTESIAN_POINT('',(0.0383173845806224,0.000211135681876487,0.0025));
#5026=CARTESIAN_POINT('',(0.038421560405495,-0.0033620401263165,0.0025));
#5027=CARTESIAN_POINT('',(0.0389287057401468,-0.00782005603609691,0.0025));
#5028=CARTESIAN_POINT('',(0.0399135832605235,-0.0131153996262393,0.0025));
#5029=CARTESIAN_POINT('',(0.0408557325408051,-0.016576128880214,0.0025));
#5030=CARTESIAN_POINT('',(0.0414086838649408,-0.018283525800047,0.0025));
#5031=CARTESIAN_POINT('',(0.038435094576477,0.00289912820122688,0.0025));
#5032=CARTESIAN_POINT('',(0.0419215026167186,0.0747973935585266,0.0025));
#5033=CARTESIAN_POINT('',(0.0390085051493176,0.0147242574026599,0.0025));
#5034=CARTESIAN_POINT('',(0.0439639874191857,0.0147260208196945,0.0025));
#5035=CARTESIAN_POINT('',(0.0966082415393046,0.0660182274446779,0.0025));
#5036=CARTESIAN_POINT('',(0.0905750668682446,0.0723686399924683,0.000444179833263172));
#5037=CARTESIAN_POINT('',(0.0883775975582731,0.0746816571750084,0.0140379415701997));
#5038=CARTESIAN_POINT('',(0.105126594929267,0.0570519598984033,0.0025));
#5039=CARTESIAN_POINT('',(0.105126594929267,0.0570519598984033,0.0186487214241325));
#5040=CARTESIAN_POINT('',(0.0948680918059493,0.0678498781599707,0.0158246897233208));
#5041=CARTESIAN_POINT('',(0.0570120529451142,-0.044798367606591,0.0232402869325563));
#5042=CARTESIAN_POINT('',(0.0570120529451142,-0.044798367606591,0.00249999999999994));
#5043=CARTESIAN_POINT('',(0.0561884111421885,-0.0447176336977228,0.0232402869325563));
#5044=CARTESIAN_POINT('',(0.0561884111421885,-0.0447176336977228,0.00249999999999994));
#5045=CARTESIAN_POINT('',(0.0545451482763823,-0.0444417760846082,0.0232402869325564));
#5046=CARTESIAN_POINT('',(0.0545451482763823,-0.0444417760846082,0.00249999999999995));
#5047=CARTESIAN_POINT('',(0.0522338023615007,-0.0432936317210907,0.0232402869325563));
#5048=CARTESIAN_POINT('',(0.0522338023615007,-0.0432936317210907,0.00249999999999993));
#5049=CARTESIAN_POINT('',(0.0504798581302799,-0.0413755878808802,0.0232402869325563));
#5050=CARTESIAN_POINT('',(0.0504798581302799,-0.0413755878808802,0.00249999999999994));
#5051=CARTESIAN_POINT('',(0.0496898339020933,-0.0398657317042911,0.0232402869325563));
#5052=CARTESIAN_POINT('',(0.0496898339020933,-0.0398657317042911,0.00249999999999994));
#5053=CARTESIAN_POINT('',(0.049347279808084,-0.039129124040131,0.0232402869325563));
#5054=CARTESIAN_POINT('',(0.049347279808084,-0.039129124040131,0.00249999999999994));
#5055=CARTESIAN_POINT('',(0.049347279808084,-0.039129124040131,0.00250000000000001));
#5056=CARTESIAN_POINT('',(0.049347279808084,-0.039129124040131,0.00937219580094732));
#5057=CARTESIAN_POINT('',(0.049347279808084,-0.039129124040131,0.0162443916018946));
#5058=CARTESIAN_POINT('',(0.049347279808084,-0.039129124040131,0.0231165874028419));
#5059=CARTESIAN_POINT('',(0.0493472798091912,-0.0391291240964437,0.0231165874028419));
#5060=CARTESIAN_POINT('',(0.0569531110949073,-0.0447924861543565,0.00249999999998883));
#5061=CARTESIAN_POINT('',(0.0566123283020645,-0.0447578761277557,0.00286220051339628));
#5062=CARTESIAN_POINT('',(0.0559874820126146,-0.0446728313129246,0.00362361402486467));
#5063=CARTESIAN_POINT('',(0.0550456261922363,-0.0444724730328862,0.0054024046981387));
#5064=CARTESIAN_POINT('',(0.0548172823335805,-0.0443970719886202,0.00688255469922669));
#5065=CARTESIAN_POINT('',(0.054651925143384,-0.0443452545914471,0.00786534443515534));
#5066=CARTESIAN_POINT('',(0.0546519251433779,-0.0443452545914452,0.00786534443519242));
#5067=CARTESIAN_POINT('',(0.0512316604033047,-0.0421510315932855,0.00786534443519228));
#5068=CARTESIAN_POINT('',(0.0516921862343337,-0.0426677246570957,0.00786534443519228));
#5069=CARTESIAN_POINT('',(0.0527253741661066,-0.0435653298307367,0.00786534443519228));
#5070=CARTESIAN_POINT('',(0.0539987877232001,-0.0441405832307994,0.00786534443519228));
#5071=CARTESIAN_POINT('',(0.0546519251433779,-0.0443452545914452,0.00786534443519228));
#5072=CARTESIAN_POINT('',(0.0512316604048969,-0.0421510315950709,0.00786534443519134));
#5073=CARTESIAN_POINT('',(0.0512316604048969,-0.0421510315950709,0.011654741613705));
#5074=CARTESIAN_POINT('',(0.0512316604048969,-0.0421510315932855,0.0133653444351923));
#5075=CARTESIAN_POINT('',(0.0533393804119365,-0.0438058257534823,0.0133653444351923));
#5076=CARTESIAN_POINT('',(0.0525456608027003,-0.0433910427752701,0.0133653444351923));
#5077=CARTESIAN_POINT('',(0.0518341374909981,-0.0428269887521268,0.0133653444351923));
#5078=CARTESIAN_POINT('',(0.0512316604033051,-0.0421510315932851,0.0133653444351923));
#5079=CARTESIAN_POINT('',(0.0533393804119365,-0.0438058257534823,0.0133653444351941));
#5080=CARTESIAN_POINT('',(0.0533393804119545,-0.0438058257534917,0.013365344435139));
#5081=CARTESIAN_POINT('',(0.0527457198821797,-0.0434955898972523,0.0151778275165577));
#5082=CARTESIAN_POINT('',(0.0516660911456843,-0.0427685788009463,0.0178517277524678));
#5083=CARTESIAN_POINT('',(0.0502960881052697,-0.0409967363776624,0.0210190747137762));
#5084=CARTESIAN_POINT('',(0.049654116867725,-0.0397889279437504,0.0224527730900087));
#5085=CARTESIAN_POINT('',(0.0493472798318378,-0.0391291240912097,0.0231165874081076));
#5086=CARTESIAN_POINT('',(0.0896616244073865,-0.0390753406926364,0.00786534443519229));
#5087=CARTESIAN_POINT('',(0.0896616244073865,-0.0390753406926364,0.0025));
#5088=CARTESIAN_POINT('',(0.089446561122577,-0.0397094909631395,0.00786534443519229));
#5089=CARTESIAN_POINT('',(0.089446561122577,-0.0397094909631395,0.0025));
#5090=CARTESIAN_POINT('',(0.0889440031442865,-0.041034979328905,0.00786534443519229));
#5091=CARTESIAN_POINT('',(0.0889440031442865,-0.041034979328905,0.0025));
#5092=CARTESIAN_POINT('',(0.0878661320420727,-0.0425657905606852,0.00786534443519229));
#5093=CARTESIAN_POINT('',(0.0878661320420727,-0.0425657905606852,0.0025));
#5094=CARTESIAN_POINT('',(0.0866805912088186,-0.0435019249352158,0.00786534443519228));
#5095=CARTESIAN_POINT('',(0.0866805912088186,-0.0435019249352158,0.0025));
#5096=CARTESIAN_POINT('',(0.0856900695318132,-0.0440233388248153,0.00786534443519229));
#5097=CARTESIAN_POINT('',(0.0856900695318132,-0.0440233388248153,0.0025));
#5098=CARTESIAN_POINT('',(0.0848223173288443,-0.044320279855868,0.00786534443519228));
#5099=CARTESIAN_POINT('',(0.0848223173288443,-0.044320279855868,0.0025));
#5100=CARTESIAN_POINT('',(0.084121127463961,-0.0444940134496519,0.00786534443519229));
#5101=CARTESIAN_POINT('',(0.084121127463961,-0.0444940134496519,0.0025));
#5102=CARTESIAN_POINT('',(0.0836810455287988,-0.044580245200926,0.00786534443519228));
#5103=CARTESIAN_POINT('',(0.0836810455287988,-0.044580245200926,0.00249999999999999));
#5104=CARTESIAN_POINT('',(0.0833337267985064,-0.0446375449111409,0.00786534443519229));
#5105=CARTESIAN_POINT('',(0.0833337267985064,-0.0446375449111409,0.0025));
#5106=CARTESIAN_POINT('',(0.0831105283398178,-0.0446699705024177,0.00786534443519229));
#5107=CARTESIAN_POINT('',(0.0831105283398178,-0.0446699705024177,0.0025));
#5108=CARTESIAN_POINT('',(0.0829695482189548,-0.0446888486692384,0.00786534443519229));
#5109=CARTESIAN_POINT('',(0.0829695482189548,-0.0446888486692384,0.0025));
#5110=CARTESIAN_POINT('',(0.0828666555224337,-0.0447018819913034,0.00786534443519228));
#5111=CARTESIAN_POINT('',(0.0828666555224337,-0.0447018819913034,0.0025));
#5112=CARTESIAN_POINT('',(0.0828488626934424,-0.0447040491446575,0.00786534443519229));
#5113=CARTESIAN_POINT('',(0.0828488626934424,-0.0447040491446575,0.0025));
#5114=CARTESIAN_POINT('',(0.0828392224773741,-0.0447052570206904,0.00786534443519229));
#5115=CARTESIAN_POINT('',(0.0828392224773741,-0.0447052570206904,0.0025));
#5116=CARTESIAN_POINT('',(0.0828167657325265,-0.0447080023945922,0.00786534443519228));
#5117=CARTESIAN_POINT('',(0.0828167657325265,-0.0447080023945922,0.0025));
#5118=CARTESIAN_POINT('',(0.0827911194879491,-0.0447111102159838,0.00786534443519229));
#5119=CARTESIAN_POINT('',(0.0827911194879491,-0.0447111102159838,0.0025));
#5120=CARTESIAN_POINT('',(0.0827487687101885,-0.0447161608702992,0.00786534443519228));
#5121=CARTESIAN_POINT('',(0.0827487687101885,-0.0447161608702992,0.0025));
#5122=CARTESIAN_POINT('',(0.0826963498041897,-0.044722268516265,0.00786534443519229));
#5123=CARTESIAN_POINT('',(0.0826963498041897,-0.044722268516265,0.0025));
#5124=CARTESIAN_POINT('',(0.082633341898938,-0.0447293846376328,0.00786534443519229));
#5125=CARTESIAN_POINT('',(0.082633341898938,-0.0447293846376328,0.0025));
#5126=CARTESIAN_POINT('',(0.0825495249485696,-0.0447385560416177,0.00786534443519228));
#5127=CARTESIAN_POINT('',(0.0825495249485696,-0.0447385560416177,0.0025));
#5128=CARTESIAN_POINT('',(0.0824031429585622,-0.044753817304425,0.00786534443519229));
#5129=CARTESIAN_POINT('',(0.0824031429585622,-0.044753817304425,0.0025));
#5130=CARTESIAN_POINT('',(0.0821950006751334,-0.0447734527439875,0.00786534443519228));
#5131=CARTESIAN_POINT('',(0.0821950006751334,-0.0447734527439875,0.0025));
#5132=CARTESIAN_POINT('',(0.0820295332704073,-0.0447870634321443,0.00786534443519229));
#5133=CARTESIAN_POINT('',(0.0820295332704073,-0.0447870634321443,0.0025));
#5134=CARTESIAN_POINT('',(0.0819470697135382,-0.0447933958146796,0.00786534443519229));
#5135=CARTESIAN_POINT('',(0.0819470697135382,-0.0447933958146796,0.0025));
#5136=CARTESIAN_POINT('',(0.0846930670046391,-0.0443452545914451,0.00786534443519229));
#5137=CARTESIAN_POINT('',(0.084504124544061,-0.0443990340884077,0.00684534072019589));
#5138=CARTESIAN_POINT('',(0.0842341524689744,-0.0444810199278204,0.0052999332502329));
#5139=CARTESIAN_POINT('',(0.0830977234842201,-0.0446827240070008,0.00354262177452732));
#5140=CARTESIAN_POINT('',(0.0823627980065451,-0.0447612570028961,0.00282681901179135));
#5141=CARTESIAN_POINT('',(0.0819588754817569,-0.044792486154354,0.00250000000001485));
#5142=CARTESIAN_POINT('',(0.084693067004639,-0.0443452545914452,0.00786534443519227));
#5143=CARTESIAN_POINT('',(0.0896616244073865,-0.0390753406926364,0.00786534443519229));
#5144=CARTESIAN_POINT('',(0.0896616244073865,-0.0390753406926364,0.00607689629012819));
#5145=CARTESIAN_POINT('',(0.0896616244073865,-0.0390753406926364,0.0042884481450641));
#5146=CARTESIAN_POINT('',(0.0896616244073865,-0.0390753406926364,0.00250000000000001));
#5147=CARTESIAN_POINT('',(0.0896616244073925,-0.0390753406926176,0.00786534443519228));
#5148=CARTESIAN_POINT('',(0.0846930670046391,-0.0443452545914451,0.00786534443519228));
#5149=CARTESIAN_POINT('',(0.0852971770031388,-0.0441733041906196,0.00786534443519228));
#5150=CARTESIAN_POINT('',(0.0864868154004404,-0.0436975456461517,0.00786534443519228));
#5151=CARTESIAN_POINT('',(0.0879681994645203,-0.042476234884648,0.00786534443519228));
#5152=CARTESIAN_POINT('',(0.0890021741592184,-0.0408656710523422,0.00786534443519228));
#5153=CARTESIAN_POINT('',(0.0894575200969392,-0.0396771765838516,0.00786534443519228));
#5154=CARTESIAN_POINT('',(0.0896616244073865,-0.0390753406926364,0.00786534443519228));
#5155=CARTESIAN_POINT('',(0.0570986414980443,-0.0447924861543554,0.00249999999999994));
#5156=CARTESIAN_POINT('',(0.032552513500558,-0.0447924861543554,0.00249999999999994));
#5157=CARTESIAN_POINT('',(0.0570986414980444,-0.0447352386520472,0.00309910600377253));
#5158=CARTESIAN_POINT('',(0.0325525135005581,-0.0447352386520472,0.00309910600377253));
#5159=CARTESIAN_POINT('',(0.0570986414980444,-0.0445862003124054,0.00426688821912037));
#5160=CARTESIAN_POINT('',(0.0325525135005581,-0.0445862003124054,0.00426688821912037));
#5161=CARTESIAN_POINT('',(0.0570986414980443,-0.0443958305321933,0.00658762708328637));
#5162=CARTESIAN_POINT('',(0.032552513500558,-0.0443958305321933,0.00658762708328637));
#5163=CARTESIAN_POINT('',(0.0570986414980444,-0.0442765258635323,0.00947289540170703));
#5164=CARTESIAN_POINT('',(0.0325525135005581,-0.0442765258635323,0.00947289540170703));
#5165=CARTESIAN_POINT('',(0.0570986414980444,-0.0438692107257192,0.0137756060123595));
#5166=CARTESIAN_POINT('',(0.0325525135005581,-0.0438692107257192,0.0137756060123595));
#5167=CARTESIAN_POINT('',(0.0570986414980443,-0.0427149995971105,0.0183381738298586));
#5168=CARTESIAN_POINT('',(0.032552513500558,-0.0427149995971105,0.0183381738298586));
#5169=CARTESIAN_POINT('',(0.0570986414980444,-0.0400991027152516,0.0222785365694317));
#5170=CARTESIAN_POINT('',(0.0325525135005581,-0.0400991027152516,0.0222785365694317));
#5171=CARTESIAN_POINT('',(0.0570986414980444,-0.0362599359757687,0.0258597891063741));
#5172=CARTESIAN_POINT('',(0.0325525135005581,-0.0362599359757687,0.0258597891063741));
#5173=CARTESIAN_POINT('',(0.0570986414980444,-0.029083787144425,0.0294920357041622));
#5174=CARTESIAN_POINT('',(0.0325525135005581,-0.029083787144425,0.0294920357041622));
#5175=CARTESIAN_POINT('',(0.0570986414980444,-0.0165101297928668,0.0318763082236995));
#5176=CARTESIAN_POINT('',(0.0325525135005581,-0.0165101297928668,0.0318763082236995));
#5177=CARTESIAN_POINT('',(0.0570986414980444,2.01302580815163E-5,0.0317403357564169));
#5178=CARTESIAN_POINT('',(0.0325525135005581,2.01302580815163E-5,0.0317403357564169));
#5179=CARTESIAN_POINT('',(0.0570986414980444,0.0136829611764065,0.0296512110514767));
#5180=CARTESIAN_POINT('',(0.0325525135005581,0.0136829611764065,0.0296512110514767));
#5181=CARTESIAN_POINT('',(0.0570986414980444,0.0211777249643788,0.0280310833055559));
#5182=CARTESIAN_POINT('',(0.0325525135005581,0.0211777249643788,0.0280310833055559));
#5183=CARTESIAN_POINT('',(0.0326980439037052,0.000239677046162785,0.0312789189478253));
#5184=CARTESIAN_POINT('',(0.0335328283371506,-0.00232952526174214,0.0314970127349615));
#5185=CARTESIAN_POINT('',(0.0351987494968179,-0.00745670338908198,0.031778658490357));
#5186=CARTESIAN_POINT('',(0.0376833782094059,-0.0151036042738072,0.0316330368743473));
#5187=CARTESIAN_POINT('',(0.0397406607384523,-0.0214352688447717,0.0309006192565818));
#5188=CARTESIAN_POINT('',(0.0413705341589294,-0.0264515034386534,0.0297954003709337));
#5189=CARTESIAN_POINT('',(0.0425938463197235,-0.0302164711367555,0.0286195571099456));
#5190=CARTESIAN_POINT('',(0.043765535393824,-0.0338225593108034,0.0270467977258491));
#5191=CARTESIAN_POINT('',(0.0448709934299293,-0.0372248093095619,0.0249427126116412));
#5192=CARTESIAN_POINT('',(0.0456687472475817,-0.0396800431008702,0.0226861488228107));
#5193=CARTESIAN_POINT('',(0.0461955476671198,-0.0413013680794593,0.020487133818993));
#5194=CARTESIAN_POINT('',(0.0466101684673965,-0.0425774396906415,0.0181192070879018));
#5195=CARTESIAN_POINT('',(0.0469534169733781,-0.0436338499666606,0.0148314457949893));
#5196=CARTESIAN_POINT('',(0.0471090259247213,-0.0441127650744475,0.0114341294302916));
#5197=CARTESIAN_POINT('',(0.0471728767532643,-0.0443092777182889,0.00868227102401607));
#5198=CARTESIAN_POINT('',(0.0472027373736186,-0.0444011792579631,0.00661647972203371));
#5199=CARTESIAN_POINT('',(0.047252295743526,-0.0445537042371564,0.0045547765569258));
#5200=CARTESIAN_POINT('',(0.0473085808981259,-0.0447269321308559,0.00318603532846794));
#5201=CARTESIAN_POINT('',(0.0473298806915282,-0.0447924861543554,0.00249999999999999));
#5202=CARTESIAN_POINT('',(0.0326980439037052,0.000239677046162785,0.0312789189478253));
#5203=CARTESIAN_POINT('',(0.0334042187177209,0.0211777249643789,0.028031083305556));
#5204=CARTESIAN_POINT('',(0.0331709816000404,0.0142622560898514,0.0295259860558807));
#5205=CARTESIAN_POINT('',(0.0329359636123124,0.00729398450748231,0.0306800947037676));
#5206=CARTESIAN_POINT('',(0.0326980439037052,0.000239677046162785,0.0312789189478253));
#5207=CARTESIAN_POINT('',(0.0334042187177209,0.0211777249643789,0.028031083305556));
#5208=CARTESIAN_POINT('',(0.0393214392803819,0.0211777249643789,0.028031083305556));
#5209=CARTESIAN_POINT('',(0.0382436593806487,0.0211777249643789,0.028031083305556));
#5210=CARTESIAN_POINT('',(0.0382436593806487,0.0211777249643789,0.028031083305556));
#5211=CARTESIAN_POINT('',(0.0378270160439056,0.01323713613142,0.0297475841388272));
#5212=CARTESIAN_POINT('',(0.0374142856085235,0.0052576911047191,0.0310142549441107));
#5213=CARTESIAN_POINT('',(0.0370083545798005,-0.00278927391241934,0.0314992609422378));
#5214=CARTESIAN_POINT('',(0.0370083545798005,-0.00278927391241936,0.0314992609422378));
#5215=CARTESIAN_POINT('',(0.0370083545798005,-0.00278927391241936,0.0314992609422378));
#5216=CARTESIAN_POINT('',(0.0375393666025683,0.00525798810990225,0.0310142370430393));
#5217=CARTESIAN_POINT('',(0.0380792504314151,0.0132373808847605,0.0297475312309986));
#5218=CARTESIAN_POINT('',(0.0386242386700609,0.0211777249643788,0.028031083305556));
#5219=CARTESIAN_POINT('',(0.0386242386700609,0.0211777249643789,0.028031083305556));
#5220=CARTESIAN_POINT('',(0.0393214392803819,0.0211777249643789,0.028031083305556));
#5221=CARTESIAN_POINT('',(0.0393214392803819,0.0211777249643789,0.028031083305556));
#5222=CARTESIAN_POINT('',(0.038435094576477,0.00289912820122688,0.0310261567177045));
#5223=CARTESIAN_POINT('',(0.0387333385064692,0.0090496478685382,0.0303804826302337));
#5224=CARTESIAN_POINT('',(0.0390284313158876,0.0151351837185308,0.0293372870773119));
#5225=CARTESIAN_POINT('',(0.0393214392803819,0.0211777249643789,0.028031083305556));
#5226=CARTESIAN_POINT('',(0.038435094576477,0.00289912820122688,0.0310261567177045));
#5227=CARTESIAN_POINT('',(0.0414086901816551,-0.0182835453047266,0.0312275395890208));
#5228=CARTESIAN_POINT('',(0.0408574876831669,-0.0165815483891881,0.03141724930962));
#5229=CARTESIAN_POINT('',(0.0399165253537808,-0.0131286665835052,0.0316733068570436));
#5230=CARTESIAN_POINT('',(0.0389288400676081,-0.00782301274477422,0.0317366963998655));
#5231=CARTESIAN_POINT('',(0.0384208678027609,-0.00335617365104021,0.0315555300706075));
#5232=CARTESIAN_POINT('',(0.0383175173040126,0.000220135420380478,0.0312899309197957));
#5233=CARTESIAN_POINT('',(0.0383918083674658,0.00200646064597363,0.0311198678738879));
#5234=CARTESIAN_POINT('',(0.0384350945764777,0.00289912820122695,0.0310261567177045));
#5235=CARTESIAN_POINT('',(0.0414086901828601,-0.0182835453043411,0.0312275395890638));
#5236=CARTESIAN_POINT('',(0.0479977485644152,-0.0358405675227399,0.0257607394498809));
#5237=CARTESIAN_POINT('',(0.0469878187936304,-0.0332100490088906,0.0274710982011213));
#5238=CARTESIAN_POINT('',(0.0447780946193294,-0.0274508094569477,0.0297859201098103));
#5239=CARTESIAN_POINT('',(0.0424157808132694,-0.0213932262302701,0.0308809251538601));
#5240=CARTESIAN_POINT('',(0.0414086901821574,-0.0182835453045659,0.0312275395890387));
#5241=CARTESIAN_POINT('',(0.0479977485646269,-0.0358405675226828,0.025760739449918));
#5242=CARTESIAN_POINT('',(0.0493472798091912,-0.0391291240964437,0.0231165874028419));
#5243=CARTESIAN_POINT('',(0.0488862200177412,-0.0381376890067468,0.02411404870295));
#5244=CARTESIAN_POINT('',(0.048451155325781,-0.0370215356702751,0.0249928759296515));
#5245=CARTESIAN_POINT('',(0.0479977485644157,-0.0358405675227398,0.025760739449881));
#5246=CARTESIAN_POINT('',(0.0701405549511105,-0.0438058257534826,0.0133653444351923));
#5247=CARTESIAN_POINT('',(0.0512316604048969,-0.0438058257534826,0.0133653444351923));
#5248=CARTESIAN_POINT('',(0.0512316604048969,-0.0443452545914452,0.0078653444351904));
#5249=CARTESIAN_POINT('',(0.0512316604048969,-0.0442481646935822,0.00970679075027854));
#5250=CARTESIAN_POINT('',(0.0512316604048969,-0.0441174181467652,0.0115449360931639));
#5251=CARTESIAN_POINT('',(0.0512316604048969,-0.0438058257528727,0.0133653444387558));
#5252=CARTESIAN_POINT('',(0.0512316604048969,-0.0443452545914452,0.0078653444351904));
#5253=CARTESIAN_POINT('',(0.0701405549511105,-0.0443452545914452,0.00786534443519229));
#5254=CARTESIAN_POINT('',(0.107736811141616,-0.0447924861543554,0.00249999999999981));
#5255=CARTESIAN_POINT('',(0.0818051303386562,-0.0447924861543554,0.00249999999999981));
#5256=CARTESIAN_POINT('',(0.107736811141616,-0.0447352386520472,0.00309910600377241));
#5257=CARTESIAN_POINT('',(0.0818051303386562,-0.0447352386520472,0.00309910600377241));
#5258=CARTESIAN_POINT('',(0.107736811141616,-0.0445862003124054,0.00426688821912025));
#5259=CARTESIAN_POINT('',(0.0818051303386563,-0.0445862003124054,0.00426688821912025));
#5260=CARTESIAN_POINT('',(0.107736811141616,-0.0443958305321933,0.00658762708328623));
#5261=CARTESIAN_POINT('',(0.0818051303386562,-0.0443958305321933,0.00658762708328623));
#5262=CARTESIAN_POINT('',(0.107736811141616,-0.0442765258635323,0.00947289540170688));
#5263=CARTESIAN_POINT('',(0.0818051303386562,-0.0442765258635323,0.00947289540170688));
#5264=CARTESIAN_POINT('',(0.107736811141616,-0.0438692107257193,0.0137756060123594));
#5265=CARTESIAN_POINT('',(0.0818051303386562,-0.0438692107257193,0.0137756060123594));
#5266=CARTESIAN_POINT('',(0.107736811141616,-0.0427149995971106,0.0183381738298585));
#5267=CARTESIAN_POINT('',(0.0818051303386563,-0.0427149995971106,0.0183381738298585));
#5268=CARTESIAN_POINT('',(0.107736811141616,-0.0400991027152517,0.0222785365694316));
#5269=CARTESIAN_POINT('',(0.0818051303386562,-0.0400991027152517,0.0222785365694316));
#5270=CARTESIAN_POINT('',(0.107736811141616,-0.0362599359757689,0.025859789106374));
#5271=CARTESIAN_POINT('',(0.0818051303386563,-0.0362599359757689,0.025859789106374));
#5272=CARTESIAN_POINT('',(0.107736811141616,-0.0290837871444251,0.0294920357041622));
#5273=CARTESIAN_POINT('',(0.0818051303386562,-0.0290837871444251,0.0294920357041622));
#5274=CARTESIAN_POINT('',(0.107736811141616,-0.016510129792867,0.0318763082236995));
#5275=CARTESIAN_POINT('',(0.0818051303386562,-0.016510129792867,0.0318763082236995));
#5276=CARTESIAN_POINT('',(0.107736811141616,2.01302580815397E-5,0.0317403357564169));
#5277=CARTESIAN_POINT('',(0.0818051303386562,2.01302580815397E-5,0.0317403357564169));
#5278=CARTESIAN_POINT('',(0.107736811141616,0.0136829611764065,0.0296512110514767));
#5279=CARTESIAN_POINT('',(0.0818051303386562,0.0136829611764065,0.0296512110514767));
#5280=CARTESIAN_POINT('',(0.107736811141616,0.0211777249643788,0.0280310833055559));
#5281=CARTESIAN_POINT('',(0.0818051303386562,0.0211777249643788,0.0280310833055559));
#5282=CARTESIAN_POINT('',(0.0701405549511105,-0.0443452545914452,0.00786534443519229));
#5283=CARTESIAN_POINT('',(0.0912316604048969,-0.0443452545914452,0.0078653444351904));
#5284=CARTESIAN_POINT('',(0.0912316604048969,-0.0443452545914452,0.0078653444351904));
#5285=CARTESIAN_POINT('',(0.0912316604048969,-0.0442481646935188,0.0097067907514801));
#5286=CARTESIAN_POINT('',(0.0912316604048969,-0.0441174181469686,0.011544936091976));
#5287=CARTESIAN_POINT('',(0.0912316604048969,-0.0438058257528727,0.0133653444387558));
#5288=CARTESIAN_POINT('',(0.0912316604048969,-0.0438058257528727,0.0133653444387558));
#5289=CARTESIAN_POINT('',(0.0701405549511105,-0.0438058257534826,0.0133653444351923));
#5290=CARTESIAN_POINT('',(0.0860856612218677,-0.0438058257534826,0.0133653444351924));
#5291=CARTESIAN_POINT('',(0.0896616244073865,-0.0390753406926364,0.0231704604646224));
#5292=CARTESIAN_POINT('',(0.0894323954008494,-0.0397512609764332,0.0224963770389251));
#5293=CARTESIAN_POINT('',(0.0889462896673379,-0.0409661760706747,0.021067340915192));
#5294=CARTESIAN_POINT('',(0.0880376508656097,-0.0423350262185392,0.0186304255705015));
#5295=CARTESIAN_POINT('',(0.0870398666399026,-0.0432599374750412,0.016043232662404));
#5296=CARTESIAN_POINT('',(0.0863890695386627,-0.0436508240213449,0.0142709071270504));
#5297=CARTESIAN_POINT('',(0.0860856612218678,-0.0438058257534825,0.0133653444351924));
#5298=CARTESIAN_POINT('',(0.0896616244073865,-0.0390753406926364,0.0231704604646223));
#5299=CARTESIAN_POINT('',(0.0897167962210538,-0.0389107018712046,0.0233324950084606));
#5300=CARTESIAN_POINT('',(0.0896984934464879,-0.0389659510751107,0.0232788305689774));
#5301=CARTESIAN_POINT('',(0.089680109307012,-0.0390208348567872,0.0232248181772281));
#5302=CARTESIAN_POINT('',(0.0896616244073986,-0.0390753406925987,0.0231704604646324));
#5303=CARTESIAN_POINT('',(0.0897167962210538,-0.0389107018712046,0.0233324950084606));
#5304=CARTESIAN_POINT('',(0.0978553873430123,-0.0105764990342385,0.0316911027781255));
#5305=CARTESIAN_POINT('',(0.0971402373043849,-0.0130866669446136,0.0316558810092451));
#5306=CARTESIAN_POINT('',(0.0957151134897826,-0.0180981447244484,0.0313851587858893));
#5307=CARTESIAN_POINT('',(0.0935853096250948,-0.0255620275020703,0.0301616149071236));
#5308=CARTESIAN_POINT('',(0.0918876827069209,-0.0315148560186371,0.0282236860378564));
#5309=CARTESIAN_POINT('',(0.0906015893312619,-0.0359801770134882,0.0257944381398808));
#5310=CARTESIAN_POINT('',(0.0900207447309783,-0.0379931954493617,0.0242236837382397));
#5311=CARTESIAN_POINT('',(0.0897167962210538,-0.0389107018712047,0.0233324950084605));
#5312=CARTESIAN_POINT('',(0.0978553873430123,-0.0105764990342385,0.0316911027781255));
#5313=CARTESIAN_POINT('',(0.102515163948753,0.0211777249643787,0.028031083305556));
#5314=CARTESIAN_POINT('',(0.10258115738417,0.0198473075521442,0.0283186769141332));
#5315=CARTESIAN_POINT('',(0.102695738962118,0.0171841282983164,0.0288672759811461));
#5316=CARTESIAN_POINT('',(0.102909275032116,0.011840967785466,0.0298502426184349));
#5317=CARTESIAN_POINT('',(0.101910175351897,0.00524566685835403,0.0308323040364231));
#5318=CARTESIAN_POINT('',(0.100098508342816,-0.00270414068075502,0.0315815780505426));
#5319=CARTESIAN_POINT('',(0.0986033929217361,-0.00795100857901187,0.0317279427112749));
#5320=CARTESIAN_POINT('',(0.0978553873430123,-0.0105764990342386,0.0316911027781255));
#5321=CARTESIAN_POINT('',(0.102515163948753,0.0211777249643787,0.028031083305556));
#5322=CARTESIAN_POINT('',(0.106677524015592,0.0211777249643789,0.028031083305556));
#5323=CARTESIAN_POINT('',(0.103839082139733,0.0211777249643789,0.028031083305556));
#5324=CARTESIAN_POINT('',(0.105454966229993,-0.00278927391241841,0.0314992609422377));
#5325=CARTESIAN_POINT('',(0.104923954207225,0.00525798810990288,0.0310142370430392));
#5326=CARTESIAN_POINT('',(0.104384070378379,0.0132373808847608,0.0297475312309985));
#5327=CARTESIAN_POINT('',(0.103839082139733,0.0211777249643788,0.028031083305556));
#5328=CARTESIAN_POINT('',(0.105454966229993,-0.00278927391241797,0.0314992609422432));
#5329=CARTESIAN_POINT('',(0.104219661429145,0.0211777249643789,0.028031083305556));
#5330=CARTESIAN_POINT('',(0.104636304765888,0.0132371361314203,0.0297475841388271));
#5331=CARTESIAN_POINT('',(0.10504903520127,0.0052576911047197,0.0310142549441106));
#5332=CARTESIAN_POINT('',(0.105454966229993,-0.00278927391241843,0.0314992609422377));
#5333=CARTESIAN_POINT('',(0.104219661429145,0.0211777249643789,0.028031083305556));
#5334=CARTESIAN_POINT('',(0.106677524015592,0.0211777249643789,0.028031083305556));
#5335=CARTESIAN_POINT('',(0.106677524015592,0.0211777249643789,0.028031083305556));
#5336=CARTESIAN_POINT('',(0.106677524015592,0.0211777249643789,0.028031083305556));
#5337=CARTESIAN_POINT('',(0.106976609815268,0.0142596302960791,0.0295265536683453));
#5338=CARTESIAN_POINT('',(0.10727797806705,0.00728874067811901,0.0306809730105282));
#5339=CARTESIAN_POINT('',(0.107583065998516,0.000231811882697831,0.0312795863622889));
#5340=CARTESIAN_POINT('',(0.107583065998516,0.000231811882697831,0.0312795863622889));
#5341=CARTESIAN_POINT('',(0.0929537847572165,-0.0447924861543554,0.00249999999999985));
#5342=CARTESIAN_POINT('',(0.0929749349395956,-0.0447273925862391,0.00318121657527529));
#5343=CARTESIAN_POINT('',(0.0930307327750721,-0.044555664506583,0.00453992814163638));
#5344=CARTESIAN_POINT('',(0.0930804541837663,-0.0444026377455997,0.00658728304672435));
#5345=CARTESIAN_POINT('',(0.093110145884085,-0.0443112560883381,0.00864067890278221));
#5346=CARTESIAN_POINT('',(0.0931724489679531,-0.044119506912802,0.0113698411437932));
#5347=CARTESIAN_POINT('',(0.0933275793535795,-0.0436420646788438,0.0147766311728419));
#5348=CARTESIAN_POINT('',(0.0936591661513695,-0.0426215454501411,0.0180160887768315));
#5349=CARTESIAN_POINT('',(0.0940760978813792,-0.041338361528564,0.0204264793162657));
#5350=CARTESIAN_POINT('',(0.0945819403288818,-0.0397815385554813,0.0225686729972011));
#5351=CARTESIAN_POINT('',(0.0953806935123507,-0.0373232290324524,0.0248690966344952));
#5352=CARTESIAN_POINT('',(0.096459272160487,-0.0340037052835345,0.0269499818528928));
#5353=CARTESIAN_POINT('',(0.0980228508911908,-0.02919150476497,0.0290853170859461));
#5354=CARTESIAN_POINT('',(0.100046404479915,-0.0229636471983603,0.030707777221232));
#5355=CARTESIAN_POINT('',(0.102560364935482,-0.0152264724911529,0.0316306155258307));
#5356=CARTESIAN_POINT('',(0.105070740690137,-0.00750033035892726,0.0317803576697931));
#5357=CARTESIAN_POINT('',(0.106745634406412,-0.00234553754183077,0.0314982134481505));
#5358=CARTESIAN_POINT('',(0.107583065998516,0.000231811882697828,0.0312795863622889));
#5359=CARTESIAN_POINT('',(0.0897167962210538,-0.0389107018712047,0.00786534443519228));
#5360=CARTESIAN_POINT('',(0.0897167962210538,-0.0389107018712047,0.0025));
#5361=CARTESIAN_POINT('',(0.089698223686542,-0.0389667653790952,0.00786534443519228));
#5362=CARTESIAN_POINT('',(0.089698223686542,-0.0389667653790952,0.0025));
#5363=CARTESIAN_POINT('',(0.0896798377259387,-0.0390216356592639,0.00786534443519228));
#5364=CARTESIAN_POINT('',(0.0896798377259387,-0.0390216356592639,0.0025));
#5365=CARTESIAN_POINT('',(0.0896616244073985,-0.039075340692599,0.00786534443519228));
#5366=CARTESIAN_POINT('',(0.0896616244073985,-0.039075340692599,0.0025));
#5367=CARTESIAN_POINT('',(0.0897167962210538,-0.0389107018712047,0.00786534443519228));
#5368=CARTESIAN_POINT('',(0.0897167962210538,-0.0389107018712047,0.00607689629012819));
#5369=CARTESIAN_POINT('',(0.0897167962210538,-0.0389107018712047,0.00428844814506409));
#5370=CARTESIAN_POINT('',(0.0897167962210538,-0.0389107018712047,0.0025));
#5371=CARTESIAN_POINT('',(0.0897167962210538,-0.0389107018712046,0.00786534443519228));
#5372=CARTESIAN_POINT('',(0.0896616244073986,-0.0390753406925987,0.00786534443519228));
#5373=CARTESIAN_POINT('',(0.0896802134365886,-0.0390205278132152,0.00786534443519228));
#5374=CARTESIAN_POINT('',(0.0896985949355298,-0.0389656447178012,0.00786534443519228));
#5375=CARTESIAN_POINT('',(0.0897167962210538,-0.0389107018712046,0.00786534443519228));
#5376=CARTESIAN_POINT('',(0.109753367441437,-0.0466017692984625,0.));
#5377=CARTESIAN_POINT('',(0.0305302980073075,-0.0466017692984625,0.));
#5378=CARTESIAN_POINT('',(0.109753367441437,-0.0466017692984625,0.000922531303919309));
#5379=CARTESIAN_POINT('',(0.0305302980073075,-0.0466017692984625,0.000922531303919309));
#5380=CARTESIAN_POINT('',(0.109753367441437,-0.0465207896696074,0.00242032456738464));
#5381=CARTESIAN_POINT('',(0.0305302980073075,-0.0465207896696074,0.00242032456738464));
#5382=CARTESIAN_POINT('',(0.109753367441437,-0.0462811704455404,0.00431288931048694));
#5383=CARTESIAN_POINT('',(0.0305302980073075,-0.0462811704455404,0.00431288931048694));
#5384=CARTESIAN_POINT('',(0.109753367441437,-0.0460828501329916,0.00662396453430476));
#5385=CARTESIAN_POINT('',(0.0305302980073075,-0.0460828501329916,0.00662396453430476));
#5386=CARTESIAN_POINT('',(0.109753367441437,-0.0459540509465382,0.0098045275435358));
#5387=CARTESIAN_POINT('',(0.0305302980073076,-0.0459540509465382,0.0098045275435358));
#5388=CARTESIAN_POINT('',(0.109753367441437,-0.0455804037512036,0.0134647029804413));
#5389=CARTESIAN_POINT('',(0.0305302980073075,-0.0455804037512036,0.0134647029804413));
#5390=CARTESIAN_POINT('',(0.109753367441437,-0.0446989983235844,0.017343235411093));
#5391=CARTESIAN_POINT('',(0.0305302980073075,-0.0446989983235844,0.017343235411093));
#5392=CARTESIAN_POINT('',(0.109753367441437,-0.0430382710760408,0.0211486268353841));
#5393=CARTESIAN_POINT('',(0.0305302980073075,-0.0430382710760408,0.0211486268353841));
#5394=CARTESIAN_POINT('',(0.109753367441437,-0.0394003269297284,0.0257260971803541));
#5395=CARTESIAN_POINT('',(0.0305302980073075,-0.0394003269297284,0.0257260971803541));
#5396=CARTESIAN_POINT('',(0.109753367441437,-0.0321150692485862,0.030301335199599));
#5397=CARTESIAN_POINT('',(0.0305302980073075,-0.0321150692485862,0.030301335199599));
#5398=CARTESIAN_POINT('',(0.109753367441437,-0.0189585599593723,0.0334214669866843));
#5399=CARTESIAN_POINT('',(0.0305302980073075,-0.0189585599593723,0.0334214669866843));
#5400=CARTESIAN_POINT('',(0.109753367441437,-0.00133352219220115,0.0336185669955061));
#5401=CARTESIAN_POINT('',(0.0305302980073075,-0.00133352219220115,0.0336185669955061));
#5402=CARTESIAN_POINT('',(0.109753367441437,0.0134280340799011,0.0314357961045741));
#5403=CARTESIAN_POINT('',(0.0305302980073075,0.0134280340799011,0.0314357961045741));
#5404=CARTESIAN_POINT('',(0.109753367441437,0.0215700877901005,0.0296742755844455));
#5405=CARTESIAN_POINT('',(0.0305302980073075,0.0215700877901005,0.0296742755844455));
#5406=CARTESIAN_POINT('',(0.0635203573826868,-0.0466017692984625,0.));
#5407=CARTESIAN_POINT('',(0.0635203573826868,-0.0466017692984625,0.0025));
#5408=CARTESIAN_POINT('',(0.0635203573826868,-0.0458118172814637,0.00569309114342194));
#5409=CARTESIAN_POINT('',(0.0635203573826868,-0.0462328661810633,0.02942271723089));
#5410=CARTESIAN_POINT('',(0.0635203573826868,-0.0146017692984625,0.0375));
#5411=CARTESIAN_POINT('',(0.0635203573826868,0.0215700877901005,0.0296742755844455));
#5412=CARTESIAN_POINT('',(0.0635203573826868,-0.0464888054254522,0.0025));
#5413=CARTESIAN_POINT('',(0.0756393140178962,-0.0466017692984625,0.));
#5414=CARTESIAN_POINT('',(0.0756393140178962,-0.0466017692984625,0.0025));
#5415=CARTESIAN_POINT('',(0.0756393140178962,-0.0458118172814637,0.00569309114342194));
#5416=CARTESIAN_POINT('',(0.0756393140178962,-0.0462328661810633,0.02942271723089));
#5417=CARTESIAN_POINT('',(0.0756393140178962,-0.0146017692984625,0.0375));
#5418=CARTESIAN_POINT('',(0.0756393140178962,0.0215700877901005,0.0296742755844455));
#5419=CARTESIAN_POINT('',(0.0756393140178962,-0.0464888054254522,0.0025));
#5420=CARTESIAN_POINT('',(0.0701418327243724,-0.0464888054254522,0.0025));
#5421=CARTESIAN_POINT('',(0.094178536911676,-0.0464888054254531,0.00249999999999044));
#5422=CARTESIAN_POINT('',(0.0941785369116759,-0.046488805425453,0.00249999999999043));
#5423=CARTESIAN_POINT('',(0.0941992114760004,-0.0464251756591935,0.00320060716928034));
#5424=CARTESIAN_POINT('',(0.0942568920437724,-0.0462476531253466,0.00459598312723336));
#5425=CARTESIAN_POINT('',(0.0943091625878867,-0.0460867809322463,0.00670127212669801));
#5426=CARTESIAN_POINT('',(0.0943392746323854,-0.0459941055886227,0.00881459259364603));
#5427=CARTESIAN_POINT('',(0.0944051454593357,-0.0457913760289373,0.0116226387533507));
#5428=CARTESIAN_POINT('',(0.0945644649975077,-0.0453010409091552,0.0151087309469572));
#5429=CARTESIAN_POINT('',(0.0949105877071302,-0.0442357847439077,0.0185143138551857));
#5430=CARTESIAN_POINT('',(0.0953236547100853,-0.0429644952291622,0.0210011295467705));
#5431=CARTESIAN_POINT('',(0.0958435061798723,-0.0413645569188226,0.0233298423263895));
#5432=CARTESIAN_POINT('',(0.0966384414121701,-0.0389179978412585,0.0257647831721618));
#5433=CARTESIAN_POINT('',(0.0977542423416737,-0.0354839156897611,0.0280712515584564));
#5434=CARTESIAN_POINT('',(0.0989426391422885,-0.0318264064208766,0.0298104331837937));
#5435=CARTESIAN_POINT('',(0.100199196574574,-0.0279591202980151,0.0311347455047883));
#5436=CARTESIAN_POINT('',(0.101890565022712,-0.0227536234698853,0.0324001563757961));
#5437=CARTESIAN_POINT('',(0.104045717186113,-0.0161207471364791,0.0332679109242814));
#5438=CARTESIAN_POINT('',(0.106670774391089,-0.00804165179257879,0.0334870853461056));
#5439=CARTESIAN_POINT('',(0.108412632496323,-0.00268076377800499,0.0332133956854547));
#5440=CARTESIAN_POINT('',(0.109283665448745,-2.02322862641057E-17,0.0329937733499627));
#5441=CARTESIAN_POINT('',(0.109283665448745,-1.66297255471954E-17,0.0329937733499627));
#5442=CARTESIAN_POINT('',(0.108351138898429,0.0215700877901005,0.0296742755844455));
#5443=CARTESIAN_POINT('',(0.10865972427357,0.0144322603145362,0.0312185333374488));
#5444=CARTESIAN_POINT('',(0.10897018140609,0.00725113758805074,0.0323997218392969));
#5445=CARTESIAN_POINT('',(0.109283665448745,-2.06808778605637E-17,0.0329937733499626));
#5446=CARTESIAN_POINT('',(0.108351138898429,0.0215700877901005,0.0296742755844455));
#5447=CARTESIAN_POINT('',(0.111300371535498,0.0215700877901005,0.0296742755844455));
#5448=CARTESIAN_POINT('',(0.104221518265623,0.0215700877901005,0.0296742755844455));
#5449=CARTESIAN_POINT('',(0.104221518265623,0.0215700877901005,0.0296742755844455));
#5450=CARTESIAN_POINT('',(0.10463745066641,0.0136434024389639,0.0313892014986702));
#5451=CARTESIAN_POINT('',(0.105049515840146,0.0056779730547379,0.0326582427741931));
#5452=CARTESIAN_POINT('',(0.105454966229993,-0.00235372691623245,0.0331646108257166));
#5453=CARTESIAN_POINT('',(0.105454966229993,-0.00235372691623197,0.0331646108257221));
#5454=CARTESIAN_POINT('',(0.105454966229993,-0.00235372691623243,0.0331646108257166));
#5455=CARTESIAN_POINT('',(0.104924583318092,0.00567826387819912,0.032658224438883));
#5456=CARTESIAN_POINT('',(0.104385569579227,0.013643643317885,0.0313891493848943));
#5457=CARTESIAN_POINT('',(0.103841511040294,0.0215700877901005,0.0296742755844455));
#5458=CARTESIAN_POINT('',(0.103841511040294,0.0215700877901005,0.0296742755844455));
#5459=CARTESIAN_POINT('',(0.111300371535498,0.0215700877901005,0.0296742755844455));
#5460=CARTESIAN_POINT('',(0.0386218097695002,0.0215700877901005,0.0296742755844455));
#5461=CARTESIAN_POINT('',(0.0370083545798005,-0.00235372691623335,0.0331646108257167));
#5462=CARTESIAN_POINT('',(0.037538737491702,0.00567826387819851,0.0326582244388831));
#5463=CARTESIAN_POINT('',(0.0380777512305664,0.0136436433178847,0.0313891493848944));
#5464=CARTESIAN_POINT('',(0.0386218097695002,0.0215700877901006,0.0296742755844455));
#5465=CARTESIAN_POINT('',(0.0370083545798005,-0.00235372691623335,0.0331646108257167));
#5466=CARTESIAN_POINT('',(0.0382418025441704,0.0215700877901005,0.0296742755844455));
#5467=CARTESIAN_POINT('',(0.0378258701433831,0.0136434024389636,0.0313892014986702));
#5468=CARTESIAN_POINT('',(0.037413804969648,0.00567797305473731,0.0326582427741932));
#5469=CARTESIAN_POINT('',(0.0370083545798005,-0.00235372691623335,0.0331646108257167));
#5470=CARTESIAN_POINT('',(0.0382418025441704,0.0215700877901005,0.0296742755844455));
#5471=CARTESIAN_POINT('',(0.111300371535498,0.0215700877901005,0.0296742755844455));
#5472=CARTESIAN_POINT('',(0.0317274915404231,0.0215700877901005,0.0296742755844455));
#5473=CARTESIAN_POINT('',(0.0317274915404231,0.0215700877901005,0.0296742755844455));
#5474=CARTESIAN_POINT('',(0.0314872475169924,0.0144468645105087,0.0312153737426093));
#5475=CARTESIAN_POINT('',(0.0312451465308946,0.00726858238070952,0.0323982926696934));
#5476=CARTESIAN_POINT('',(0.031,-1.67174217992395E-17,0.0329937733499627));
#5477=CARTESIAN_POINT('',(0.031,-1.17093834628434E-17,0.0329937733499627));
#5478=CARTESIAN_POINT('',(0.031,-4.33680868994202E-19,0.0329937733499627));
#5479=CARTESIAN_POINT('',(0.0318689952753933,-0.00267449245296116,0.0332128819053656));
#5480=CARTESIAN_POINT('',(0.0336052267577606,-0.00801806350296827,0.0334845396309691));
#5481=CARTESIAN_POINT('',(0.0361994138995434,-0.0160021505615851,0.0332750403980455));
#5482=CARTESIAN_POINT('',(0.0387910028480635,-0.0239782412035706,0.0322475032575156));
#5483=CARTESIAN_POINT('',(0.0409139040883629,-0.030511859401889,0.0304276584352094));
#5484=CARTESIAN_POINT('',(0.0425161906623369,-0.0354431904124455,0.0280916191544666));
#5485=CARTESIAN_POINT('',(0.0436127601551376,-0.0388180842878072,0.0258457964249837));
#5486=CARTESIAN_POINT('',(0.0444236655623831,-0.0413137945098927,0.0233844200171309));
#5487=CARTESIAN_POINT('',(0.0449373672804277,-0.0428948058305372,0.0211166621582849));
#5488=CARTESIAN_POINT('',(0.0453626712145743,-0.0442037567469563,0.018601856160299));
#5489=CARTESIAN_POINT('',(0.0457099166765482,-0.0452724683886321,0.0152363379125677));
#5490=CARTESIAN_POINT('',(0.0458762887849083,-0.0457845090875768,0.0117004038680846));
#5491=CARTESIAN_POINT('',(0.04594339817908,-0.0459910505652094,0.00887042120567965));
#5492=CARTESIAN_POINT('',(0.0459739264830505,-0.0460850070237567,0.00673979586218593));
#5493=CARTESIAN_POINT('',(0.0460258767521979,-0.0462448935118641,0.00461602559570964));
#5494=CARTESIAN_POINT('',(0.0460842670339624,-0.0464246003207816,0.00320694203800198));
#5495=CARTESIAN_POINT('',(0.0461051285370686,-0.0464888054254521,0.00249999999999997));
#5496=CARTESIAN_POINT('',(0.0461051285370686,-0.0464888054254522,0.0025));
#5497=CARTESIAN_POINT('',(0.0701418327243724,-0.0464888054254522,0.0025));
#5498=CARTESIAN_POINT('',(0.100106414630536,-0.022778954945732,0.0025));
#5499=CARTESIAN_POINT('',(0.107583065998516,0.00023181188269783,0.0025));
#5500=CARTESIAN_POINT('',(0.105273382454188,-0.00687666313776557,0.00189038274842224));
#5501=CARTESIAN_POINT('',(0.105454966229993,-0.00631780574035042,0.0180076283056827));
#5502=CARTESIAN_POINT('',(0.105224646625132,-0.00702665659652037,0.00174108878085448));
#5503=CARTESIAN_POINT('',(0.0852452767492683,0.0691187142816736,0.0171599117686447));
#5504=CARTESIAN_POINT('',(0.0852452767492683,0.0691187142816736,0.00249999999999998));
#5505=CARTESIAN_POINT('',(0.0856926589467596,0.0687837540532751,0.0171599117686447));
#5506=CARTESIAN_POINT('',(0.0856926589467596,0.0687837540532751,0.00249999999999998));
#5507=CARTESIAN_POINT('',(0.0863713785638901,0.0682754517254295,0.0171599117686447));
#5508=CARTESIAN_POINT('',(0.0863713785638901,0.0682754517254295,0.00249999999999998));
#5509=CARTESIAN_POINT('',(0.0872408609113788,0.067628156722743,0.0171599117686447));
#5510=CARTESIAN_POINT('',(0.0872408609113788,0.067628156722743,0.00249999999999997));
#5511=CARTESIAN_POINT('',(0.087897813142582,0.0671353821510074,0.0171599117686447));
#5512=CARTESIAN_POINT('',(0.087897813142582,0.0671353821510074,0.00249999999999998));
#5513=CARTESIAN_POINT('',(0.0886524598430581,0.0665662006050999,0.0171599117686447));
#5514=CARTESIAN_POINT('',(0.0886524598430581,0.0665662006050999,0.00249999999999998));
#5515=CARTESIAN_POINT('',(0.0893715414426689,0.0660181483282289,0.0171599117686447));
#5516=CARTESIAN_POINT('',(0.0893715414426689,0.0660181483282289,0.00249999999999998));
#5517=CARTESIAN_POINT('',(0.0899285817862837,0.0655887042977469,0.0171599117686447));
#5518=CARTESIAN_POINT('',(0.0899285817862837,0.0655887042977469,0.00249999999999997));
#5519=CARTESIAN_POINT('',(0.0903476676903977,0.0652625142293411,0.0171599117686447));
#5520=CARTESIAN_POINT('',(0.0903476676903977,0.0652625142293411,0.00249999999999998));
#5521=CARTESIAN_POINT('',(0.0906063969599828,0.0650596493043792,0.0171599117686447));
#5522=CARTESIAN_POINT('',(0.0906063969599828,0.0650596493043792,0.00249999999999997));
#5523=CARTESIAN_POINT('',(0.0907915617263835,0.064913704758024,0.0171599117686447));
#5524=CARTESIAN_POINT('',(0.0907915617263835,0.064913704758024,0.00249999999999998));
#5525=CARTESIAN_POINT('',(0.0910305228264198,0.0647245748446214,0.0171599117686447));
#5526=CARTESIAN_POINT('',(0.0910305228264198,0.0647245748446214,0.00249999999999998));
#5527=CARTESIAN_POINT('',(0.0914671371315055,0.0643762672036257,0.0171599117686447));
#5528=CARTESIAN_POINT('',(0.0914671371315055,0.0643762672036257,0.00249999999999998));
#5529=CARTESIAN_POINT('',(0.0920455233802377,0.0639069957142145,0.0171599117686447));
#5530=CARTESIAN_POINT('',(0.0920455233802377,0.0639069957142145,0.00249999999999998));
#5531=CARTESIAN_POINT('',(0.0925872608135864,0.0634566175582692,0.0171599117686447));
#5532=CARTESIAN_POINT('',(0.0925872608135864,0.0634566175582692,0.00249999999999997));
#5533=CARTESIAN_POINT('',(0.0929993525563032,0.0631066744005161,0.0171599117686447));
#5534=CARTESIAN_POINT('',(0.0929993525563032,0.0631066744005161,0.00249999999999998));
#5535=CARTESIAN_POINT('',(0.0932381258685824,0.0629008506504267,0.0171599117686447));
#5536=CARTESIAN_POINT('',(0.0932381258685824,0.0629008506504267,0.00249999999999997));
#5537=CARTESIAN_POINT('',(0.0934436405280213,0.0627216656737875,0.0171599117686447));
#5538=CARTESIAN_POINT('',(0.0934436405280213,0.0627216656737875,0.00249999999999998));
#5539=CARTESIAN_POINT('',(0.0937184919521846,0.0624792743071334,0.0171599117686447));
#5540=CARTESIAN_POINT('',(0.0937184919521846,0.0624792743071334,0.00249999999999997));
#5541=CARTESIAN_POINT('',(0.0941460666585905,0.0620946051359566,0.0171599117686447));
#5542=CARTESIAN_POINT('',(0.0941460666585905,0.0620946051359566,0.00249999999999998));
#5543=CARTESIAN_POINT('',(0.0949553023083548,0.0613363924001776,0.0171599117686447));
#5544=CARTESIAN_POINT('',(0.0949553023083548,0.0613363924001776,0.00249999999999998));
#5545=CARTESIAN_POINT('',(0.0955204950203216,0.0607476900564042,0.0171599117686447));
#5546=CARTESIAN_POINT('',(0.0955204950203216,0.0607476900564042,0.00249999999999998));
#5547=CARTESIAN_POINT('',(0.0958494912276471,0.0603693472300819,0.0171599117686447));
#5548=CARTESIAN_POINT('',(0.0958494912276471,0.0603693472300819,0.00249999999999998));
#5549=CARTESIAN_POINT('',(0.0958494912276471,0.0603693472300819,0.0025));
#5550=CARTESIAN_POINT('',(0.0958494912276471,0.0603693472300819,0.00627589888011924));
#5551=CARTESIAN_POINT('',(0.0958494912276471,0.0603693472300819,0.0100517977602385));
#5552=CARTESIAN_POINT('',(0.0958494912276471,0.0603693472300819,0.0138276966403577));
#5553=CARTESIAN_POINT('',(0.0958494912276471,0.0603693472300819,0.0138276966404219));
#5554=CARTESIAN_POINT('',(0.0852452767492683,0.0691187142816736,0.0100902191812723));
#5555=CARTESIAN_POINT('',(0.0852452767492683,0.0691187142816736,0.015492844885823));
#5556=CARTESIAN_POINT('',(0.093031091875886,0.0630788608886342,0.0170724769072014));
#5557=CARTESIAN_POINT('',(0.0905404265044935,0.0652132830318933,0.0165142511779947));
#5558=CARTESIAN_POINT('',(0.0878765979981581,0.0671486136128041,0.0160080948264046));
#5559=CARTESIAN_POINT('',(0.0852452767492683,0.0691187142816735,0.015492844885823));
#5560=CARTESIAN_POINT('',(0.093031091875886,0.0630788608886342,0.0170724769072015));
#5561=CARTESIAN_POINT('',(0.0930310918758965,0.0630788608886252,0.0170724769071938));
#5562=CARTESIAN_POINT('',(0.0941483992980455,0.0621213634543831,0.0162321361120309));
#5563=CARTESIAN_POINT('',(0.0951382286516308,0.0611872931129687,0.0151595424207913));
#5564=CARTESIAN_POINT('',(0.0958494912276471,0.0603693472300819,0.0138276966404219));
#5565=CARTESIAN_POINT('',(0.0410466748677428,0.0536717089623837,0.018113886956456));
#5566=CARTESIAN_POINT('',(0.0410466748677428,0.0536717089623837,0.0025));
#5567=CARTESIAN_POINT('',(0.041210300357237,0.0546141064824092,0.018113886956456));
#5568=CARTESIAN_POINT('',(0.041210300357237,0.0546141064824092,0.0025));
#5569=CARTESIAN_POINT('',(0.0417218704049155,0.0564856394127275,0.018113886956456));
#5570=CARTESIAN_POINT('',(0.0417218704049155,0.0564856394127275,0.0025));
#5571=CARTESIAN_POINT('',(0.043116667079818,0.0590017577789348,0.018113886956456));
#5572=CARTESIAN_POINT('',(0.043116667079818,0.0590017577789348,0.0025));
#5573=CARTESIAN_POINT('',(0.0446481337742663,0.0607829894314132,0.018113886956456));
#5574=CARTESIAN_POINT('',(0.0446481337742663,0.0607829894314132,0.00250000000000001));
#5575=CARTESIAN_POINT('',(0.0459613013098556,0.0620421953739032,0.018113886956456));
#5576=CARTESIAN_POINT('',(0.0459613013098556,0.0620421953739032,0.00249999999999999));
#5577=CARTESIAN_POINT('',(0.0466582212627293,0.0626468270304666,0.018113886956456));
#5578=CARTESIAN_POINT('',(0.0466582212627293,0.0626468270304666,0.0025));
#5579=CARTESIAN_POINT('',(0.046984797775208,0.0629228047572339,0.018113886956456));
#5580=CARTESIAN_POINT('',(0.046984797775208,0.0629228047572339,0.0025));
#5581=CARTESIAN_POINT('',(0.0469383136775557,0.0628835227663046,0.00250000000000001));
#5582=CARTESIAN_POINT('',(0.0469383136775557,0.0628835227663046,0.0073745204592973));
#5583=CARTESIAN_POINT('',(0.0469383136775557,0.0628835227663046,0.0122490409185946));
#5584=CARTESIAN_POINT('',(0.0469383136775557,0.0628835227663046,0.0171235613778919));
#5585=CARTESIAN_POINT('',(0.0469383283901102,0.062883535199198,0.0171235613778919));
#5586=CARTESIAN_POINT('',(0.0419478656586736,0.0567253060384792,0.0025));
#5587=CARTESIAN_POINT('',(0.0415314304229437,0.0557707392705295,0.0025));
#5588=CARTESIAN_POINT('',(0.0412409691478096,0.0547635501415334,0.0025));
#5589=CARTESIAN_POINT('',(0.0410584634697807,0.0537387459103756,0.0025));
#5590=CARTESIAN_POINT('',(0.0410584634697767,0.0537387459103756,0.0025));
#5591=CARTESIAN_POINT('',(0.0435651041930717,0.0594530131177599,0.018020762382163));
#5592=CARTESIAN_POINT('',(0.043093990691503,0.0588345558044738,0.0168454025565166));
#5593=CARTESIAN_POINT('',(0.0423838806069006,0.0577096798060225,0.0143370745954544));
#5594=CARTESIAN_POINT('',(0.0415096288359787,0.0557843855102729,0.00918266969922239));
#5595=CARTESIAN_POINT('',(0.0412001835479964,0.0545345312106684,0.00518496738581091));
#5596=CARTESIAN_POINT('',(0.0410584634697811,0.0537387459103782,0.00249999999999847));
#5597=CARTESIAN_POINT('',(0.0435651041930718,0.05945301311776,0.018020762382163));
#5598=CARTESIAN_POINT('',(0.0469383283900374,0.0628835351992786,0.0171235613778708));
#5599=CARTESIAN_POINT('',(0.0457050022324976,0.0618412968988644,0.0173961429930369));
#5600=CARTESIAN_POINT('',(0.044528565627373,0.0607178033819504,0.0176899756773158));
#5601=CARTESIAN_POINT('',(0.0435651041930717,0.0594530131177599,0.0180207623821629));
#5602=CARTESIAN_POINT('',(0.0960267062553245,0.0601621996703899,0.0319125668086158));
#5603=CARTESIAN_POINT('',(0.0960267062553245,0.0601621996703899,0.0025));
#5604=CARTESIAN_POINT('',(0.0965197230191507,0.0595762481468507,0.0319125668086158));
#5605=CARTESIAN_POINT('',(0.0965197230191507,0.0595762481468507,0.0025));
#5606=CARTESIAN_POINT('',(0.0974731897981174,0.0582648468551099,0.0319125668086158));
#5607=CARTESIAN_POINT('',(0.0974731897981174,0.0582648468551099,0.00250000000000001));
#5608=CARTESIAN_POINT('',(0.0985016965050033,0.0562798969370629,0.0319125668086158));
#5609=CARTESIAN_POINT('',(0.0985016965050033,0.0562798969370629,0.00250000000000001));
#5610=CARTESIAN_POINT('',(0.0991866868739368,0.0545761871405,0.0319125668086158));
#5611=CARTESIAN_POINT('',(0.0991866868739368,0.0545761871405,0.00250000000000001));
#5612=CARTESIAN_POINT('',(0.0996196938525419,0.0532736352174235,0.0319125668086158));
#5613=CARTESIAN_POINT('',(0.0996196938525419,0.0532736352174235,0.00249999999999999));
#5614=CARTESIAN_POINT('',(0.0999637138771344,0.051978382592426,0.0319125668086158));
#5615=CARTESIAN_POINT('',(0.0999637138771344,0.051978382592426,0.0025));
#5616=CARTESIAN_POINT('',(0.100173932469329,0.0509300703521092,0.0319125668086158));
#5617=CARTESIAN_POINT('',(0.100173932469329,0.0509300703521092,0.00250000000000001));
#5618=CARTESIAN_POINT('',(0.100300066438672,0.0501226144188667,0.0319125668086158));
#5619=CARTESIAN_POINT('',(0.100300066438672,0.0501226144188667,0.0025));
#5620=CARTESIAN_POINT('',(0.100376060132725,0.0495351970232172,0.0319125668086158));
#5621=CARTESIAN_POINT('',(0.100376060132725,0.0495351970232172,0.0025));
#5622=CARTESIAN_POINT('',(0.100426593568592,0.0490626416055917,0.0319125668086158));
#5623=CARTESIAN_POINT('',(0.100426593568592,0.0490626416055917,0.00250000000000001));
#5624=CARTESIAN_POINT('',(0.100461586195092,0.0486953948903682,0.0319125668086158));
#5625=CARTESIAN_POINT('',(0.100461586195092,0.0486953948903682,0.00250000000000001));
#5626=CARTESIAN_POINT('',(0.100481752869976,0.0484703594770475,0.0319125668086158));
#5627=CARTESIAN_POINT('',(0.100481752869976,0.0484703594770475,0.00249999999999998));
#5628=CARTESIAN_POINT('',(0.100497219132829,0.0482930021150861,0.0319125668086158));
#5629=CARTESIAN_POINT('',(0.100497219132829,0.0482930021150861,0.00250000000000001));
#5630=CARTESIAN_POINT('',(0.100506693924358,0.0481831801287282,0.0319125668086158));
#5631=CARTESIAN_POINT('',(0.100506693924358,0.0481831801287282,0.0025));
#5632=CARTESIAN_POINT('',(0.10051419229344,0.0480960659262051,0.0319125668086158));
#5633=CARTESIAN_POINT('',(0.10051419229344,0.0480960659262051,0.0025));
#5634=CARTESIAN_POINT('',(0.100536920077504,0.0478322827319924,0.0319125668086158));
#5635=CARTESIAN_POINT('',(0.100536920077504,0.0478322827319924,0.00249999999999999));
#5636=CARTESIAN_POINT('',(0.100569671880841,0.0474526949738161,0.0319125668086158));
#5637=CARTESIAN_POINT('',(0.100569671880841,0.0474526949738161,0.00249999999999999));
#5638=CARTESIAN_POINT('',(0.100620318198088,0.0468668040359876,0.0319125668086158));
#5639=CARTESIAN_POINT('',(0.100620318198088,0.0468668040359876,0.0025));
#5640=CARTESIAN_POINT('',(0.100699574960259,0.0459516780759221,0.0319125668086158));
#5641=CARTESIAN_POINT('',(0.100699574960259,0.0459516780759221,0.00249999999999999));
#5642=CARTESIAN_POINT('',(0.100799783952808,0.0447960416535184,0.0319125668086158));
#5643=CARTESIAN_POINT('',(0.100799783952808,0.0447960416535184,0.00250000000000001));
#5644=CARTESIAN_POINT('',(0.10096017565263,0.0429426049131143,0.0319125668086158));
#5645=CARTESIAN_POINT('',(0.10096017565263,0.0429426049131143,0.00249999999999998));
#5646=CARTESIAN_POINT('',(0.101160772756895,0.0406045254943266,0.0319125668086158));
#5647=CARTESIAN_POINT('',(0.101160772756895,0.0406045254943266,0.00250000000000001));
#5648=CARTESIAN_POINT('',(0.101477841694396,0.0368104306735541,0.0319125668086158));
#5649=CARTESIAN_POINT('',(0.101477841694396,0.0368104306735541,0.0025));
#5650=CARTESIAN_POINT('',(0.101783573173013,0.0329170734844199,0.0319125668086158));
#5651=CARTESIAN_POINT('',(0.101783573173013,0.0329170734844199,0.00250000000000001));
#5652=CARTESIAN_POINT('',(0.102066615482796,0.0288890659753309,0.0319125668086158));
#5653=CARTESIAN_POINT('',(0.102066615482796,0.0288890659753309,0.00249999999999998));
#5654=CARTESIAN_POINT('',(0.102231704887622,0.0263079858476874,0.0319125668086158));
#5655=CARTESIAN_POINT('',(0.102231704887622,0.0263079858476874,0.00249999999999999));
#5656=CARTESIAN_POINT('',(0.102355271918585,0.0242005430929509,0.0319125668086158));
#5657=CARTESIAN_POINT('',(0.102355271918585,0.0242005430929509,0.0025));
#5658=CARTESIAN_POINT('',(0.102443342252904,0.0225975300874455,0.0319125668086158));
#5659=CARTESIAN_POINT('',(0.102443342252904,0.0225975300874455,0.00249999999999999));
#5660=CARTESIAN_POINT('',(0.102526449927022,0.0209710862837519,0.0319125668086158));
#5661=CARTESIAN_POINT('',(0.102526449927022,0.0209710862837519,0.0025));
#5662=CARTESIAN_POINT('',(0.102591289190337,0.019594910428784,0.0319125668086158));
#5663=CARTESIAN_POINT('',(0.102591289190337,0.019594910428784,0.0025));
#5664=CARTESIAN_POINT('',(0.102640305072856,0.0184817193714561,0.0319125668086158));
#5665=CARTESIAN_POINT('',(0.102640305072856,0.0184817193714561,0.00249999999999999));
#5666=CARTESIAN_POINT('',(0.102675668430835,0.0176385477912526,0.0319125668086158));
#5667=CARTESIAN_POINT('',(0.102675668430835,0.0176385477912526,0.0025));
#5668=CARTESIAN_POINT('',(0.102703686991944,0.0169357234995926,0.0319125668086158));
#5669=CARTESIAN_POINT('',(0.102703686991944,0.0169357234995926,0.00249999999999999));
#5670=CARTESIAN_POINT('',(0.102723009222055,0.0164301214206861,0.0319125668086158));
#5671=CARTESIAN_POINT('',(0.102723009222055,0.0164301214206861,0.00249999999999999));
#5672=CARTESIAN_POINT('',(0.102733250264052,0.0161569323276407,0.0319125668086158));
#5673=CARTESIAN_POINT('',(0.102733250264052,0.0161569323276407,0.00250000000000001));
#5674=CARTESIAN_POINT('',(0.102742533391183,0.0159048658805319,0.0319125668086158));
#5675=CARTESIAN_POINT('',(0.102742533391183,0.0159048658805319,0.0025));
#5676=CARTESIAN_POINT('',(0.102745214131117,0.015831025088911,0.0319125668086158));
#5677=CARTESIAN_POINT('',(0.102745214131117,0.015831025088911,0.0025));
#5678=CARTESIAN_POINT('',(0.102750919458932,0.015672475599068,0.0319125668086158));
#5679=CARTESIAN_POINT('',(0.102750919458932,0.015672475599068,0.00250000000000001));
#5680=CARTESIAN_POINT('',(0.102759622703111,0.0154203818456249,0.0319125668086158));
#5681=CARTESIAN_POINT('',(0.102759622703111,0.0154203818456249,0.00249999999999998));
#5682=CARTESIAN_POINT('',(0.102771204872361,0.0150383711417521,0.0319125668086158));
#5683=CARTESIAN_POINT('',(0.102771204872361,0.0150383711417521,0.0025));
#5684=CARTESIAN_POINT('',(0.10278076379866,0.0145718867049121,0.0319125668086158));
#5685=CARTESIAN_POINT('',(0.10278076379866,0.0145718867049121,0.0025));
#5686=CARTESIAN_POINT('',(0.102785907968063,0.0139265132094241,0.0319125668086158));
#5687=CARTESIAN_POINT('',(0.102785907968063,0.0139265132094241,0.00249999999999999));
#5688=CARTESIAN_POINT('',(0.102774257588748,0.013077459679973,0.0319125668086158));
#5689=CARTESIAN_POINT('',(0.102774257588748,0.013077459679973,0.00250000000000001));
#5690=CARTESIAN_POINT('',(0.102723270492446,0.0119828768877086,0.0319125668086158));
#5691=CARTESIAN_POINT('',(0.102723270492446,0.0119828768877086,0.00249999999999998));
#5692=CARTESIAN_POINT('',(0.102630910131379,0.0108103090988697,0.0319125668086158));
#5693=CARTESIAN_POINT('',(0.102630910131379,0.0108103090988697,0.0025));
#5694=CARTESIAN_POINT('',(0.102450631151587,0.00914463792670147,0.0319125668086158));
#5695=CARTESIAN_POINT('',(0.102450631151587,0.00914463792670147,0.00249999999999999));
#5696=CARTESIAN_POINT('',(0.102118794237025,0.00688227110520922,0.0319125668086158));
#5697=CARTESIAN_POINT('',(0.102118794237025,0.00688227110520922,0.00250000000000001));
#5698=CARTESIAN_POINT('',(0.101393622819702,0.00299652138259923,0.0319125668086158));
#5699=CARTESIAN_POINT('',(0.101393622819702,0.00299652138259923,0.00250000000000001));
#5700=CARTESIAN_POINT('',(0.100232163164947,-0.00201456037312361,0.0319125668086158));
#5701=CARTESIAN_POINT('',(0.100232163164947,-0.00201456037312361,0.00250000000000001));
#5702=CARTESIAN_POINT('',(0.0988704286908924,-0.00706477028812742,0.0319125668086158));
#5703=CARTESIAN_POINT('',(0.0988704286908924,-0.00706477028812742,0.00249999999999999));
#5704=CARTESIAN_POINT('',(0.0981805008459599,-0.00943535460546203,0.0319125668086158));
#5705=CARTESIAN_POINT('',(0.0981805008459599,-0.00943535460546203,0.0025));
#5706=CARTESIAN_POINT('',(0.0978553873430108,-0.0105764990342437,0.0319125668086158));
#5707=CARTESIAN_POINT('',(0.0978553873430108,-0.0105764990342437,0.0025));
#5708=CARTESIAN_POINT('',(0.0978553873430108,-0.0105764990342437,0.00250000000000001));
#5709=CARTESIAN_POINT('',(0.0978553873430108,-0.0105764990342437,0.0122303675927085));
#5710=CARTESIAN_POINT('',(0.0978553873430108,-0.0105764990342437,0.021960735185417));
#5711=CARTESIAN_POINT('',(0.0978553873430108,-0.0105764990342437,0.0316911027781255));
#5712=CARTESIAN_POINT('',(0.102776888981101,0.0147469494935994,0.0025));
#5713=CARTESIAN_POINT('',(0.102746454435905,0.0163762228698458,0.0025));
#5714=CARTESIAN_POINT('',(0.102589708594844,0.019651807789762,0.0025));
#5715=CARTESIAN_POINT('',(0.102263582351823,0.0261838098143488,0.0025));
#5716=CARTESIAN_POINT('',(0.101807308164254,0.0327143148986268,0.0025));
#5717=CARTESIAN_POINT('',(0.101277750753807,0.03923668205703,0.0025));
#5718=CARTESIAN_POINT('',(0.10093184152713,0.0433126302566843,0.0025));
#5719=CARTESIAN_POINT('',(0.100640111312466,0.0465710643188468,0.0025));
#5720=CARTESIAN_POINT('',(0.100455767603621,0.0490206057538193,0.0025));
#5721=CARTESIAN_POINT('',(0.100119389102097,0.0514448730965533,0.0025));
#5722=CARTESIAN_POINT('',(0.0996931453465923,0.0530274674043176,0.0025));
#5723=CARTESIAN_POINT('',(0.0994369058698355,0.0538115958658777,0.0025));
#5724=CARTESIAN_POINT('',(0.0994369058698355,0.0538115958658776,0.0025));
#5725=CARTESIAN_POINT('',(0.0994369058698355,0.0538115958658775,0.00250000000000002));
#5726=CARTESIAN_POINT('',(0.0991464128652736,0.05470054488983,0.00516559772471113));
#5727=CARTESIAN_POINT('',(0.0986080493466632,0.056091886093251,0.00912636497760012));
#5728=CARTESIAN_POINT('',(0.0974985062938218,0.0581656138842441,0.0142543064142458));
#5729=CARTESIAN_POINT('',(0.0967006959767459,0.0593409995911312,0.0167343563422171));
#5730=CARTESIAN_POINT('',(0.0961674269610664,0.0599926285254527,0.0178796341590503));
#5731=CARTESIAN_POINT('',(0.0961674269610665,0.0599926285254527,0.0178796341590504));
#5732=CARTESIAN_POINT('',(0.102515163948753,0.0211777249643787,0.028031083305556));
#5733=CARTESIAN_POINT('',(0.10235165283725,0.0244740835864654,0.0271689707186187));
#5734=CARTESIAN_POINT('',(0.102046502585599,0.0294126551750875,0.0258773622451005));
#5735=CARTESIAN_POINT('',(0.101545179629846,0.0359880529447251,0.0241576667170285));
#5736=CARTESIAN_POINT('',(0.101138163102771,0.0409164311516845,0.0228687241678355));
#5737=CARTESIAN_POINT('',(0.100774722615719,0.0450212634334837,0.0217951675609499));
#5738=CARTESIAN_POINT('',(0.100504972557075,0.0483066265940555,0.0209359306701542));
#5739=CARTESIAN_POINT('',(0.100249242755244,0.050766952581589,0.0202924697349242));
#5740=CARTESIAN_POINT('',(0.0996789692460779,0.0531898067082729,0.0196588089963955));
#5741=CARTESIAN_POINT('',(0.0985300973747851,0.0564124110621305,0.0188159857193514));
#5742=CARTESIAN_POINT('',(0.0972641364718324,0.0586525025688567,0.0182301237712915));
#5743=CARTESIAN_POINT('',(0.0961674269610665,0.0599926285254527,0.0178796341590504));
#5744=CARTESIAN_POINT('',(0.0958494912276816,0.0603693472300423,0.0138956628201999));
#5745=CARTESIAN_POINT('',(0.0958494912276816,0.0603693472300423,0.0025));
#5746=CARTESIAN_POINT('',(0.0964190499553766,0.0597143595614672,0.0138956628201999));
#5747=CARTESIAN_POINT('',(0.0964190499553766,0.0597143595614672,0.0025));
#5748=CARTESIAN_POINT('',(0.0975222427199256,0.0582247990466147,0.0138956628201999));
#5749=CARTESIAN_POINT('',(0.0975222427199256,0.0582247990466147,0.00249999999999999));
#5750=CARTESIAN_POINT('',(0.0984502852023172,0.0563698041778006,0.0138956628201999));
#5751=CARTESIAN_POINT('',(0.0984502852023172,0.0563698041778006,0.0025));
#5752=CARTESIAN_POINT('',(0.0988506533509644,0.0553999875494662,0.0138956628201999));
#5753=CARTESIAN_POINT('',(0.0988506533509644,0.0553999875494662,0.0025));
#5754=CARTESIAN_POINT('',(0.0958494912276816,0.0603693472300423,0.0138276966403578));
#5755=CARTESIAN_POINT('',(0.0962973059153301,0.0598543641669197,0.0129891594779493));
#5756=CARTESIAN_POINT('',(0.0969985205797757,0.0589256070735221,0.0112082511536617));
#5757=CARTESIAN_POINT('',(0.0980154226911643,0.0572691362499931,0.00744184688981434));
#5758=CARTESIAN_POINT('',(0.0985396086068059,0.0561498930742384,0.00448567643702847));
#5759=CARTESIAN_POINT('',(0.0988362985621166,0.0554346755176244,0.00250000000000555));
#5760=CARTESIAN_POINT('',(0.0988362985621159,0.0554346755176235,0.0025));
#5761=CARTESIAN_POINT('',(0.0988362985621166,0.0554346755176245,0.0025));
#5762=CARTESIAN_POINT('',(0.098651736978515,0.0558795900909206,0.0025));
#5763=CARTESIAN_POINT('',(0.0984534303140851,0.0563166529180377,0.0025));
#5764=CARTESIAN_POINT('',(0.0982404575149918,0.0567453378557672,0.0025));
#5765=CARTESIAN_POINT('',(0.106347759885149,0.0288054340534845,0.0025));
#5766=CARTESIAN_POINT('',(0.105499510446017,0.0484261245998023,0.0209046777797139));
#5767=CARTESIAN_POINT('',(0.0414407393487758,-0.0183825063648356,0.0318998298042719));
#5768=CARTESIAN_POINT('',(0.0414407393487758,-0.0183825063648356,0.0025));
#5769=CARTESIAN_POINT('',(0.0409929412637368,-0.0169998004416733,0.0318998298042719));
#5770=CARTESIAN_POINT('',(0.0409929412637368,-0.0169998004416733,0.0025));
#5771=CARTESIAN_POINT('',(0.0401024131935466,-0.0139570718100402,0.0318998298042719));
#5772=CARTESIAN_POINT('',(0.0401024131935466,-0.0139570718100402,0.00250000000000001));
#5773=CARTESIAN_POINT('',(0.0389160723903141,-0.00791910365929925,0.0318998298042719));
#5774=CARTESIAN_POINT('',(0.0389160723903141,-0.00791910365929925,0.00249999999999999));
#5775=CARTESIAN_POINT('',(0.0382588882770477,-0.00174383199903891,0.0318998298042719));
#5776=CARTESIAN_POINT('',(0.0382588882770477,-0.00174383199903891,0.00250000000000001));
#5777=CARTESIAN_POINT('',(0.0383649589653192,0.00145276027069445,0.0318998298042719));
#5778=CARTESIAN_POINT('',(0.0383649589653192,0.00145276027069445,0.0025));
#5779=CARTESIAN_POINT('',(0.0384350945764776,0.00289912820122544,0.0318998298042719));
#5780=CARTESIAN_POINT('',(0.0384350945764776,0.00289912820122544,0.0025));
#5781=CARTESIAN_POINT('',(0.038435094576477,0.00289912820122688,0.0025));
#5782=CARTESIAN_POINT('',(0.0414086838649408,-0.018283525800047,0.0312275395890638));
#5783=CARTESIAN_POINT('',(0.0414086838649408,-0.018283525800047,0.0216516930593759));
#5784=CARTESIAN_POINT('',(0.0414086838649408,-0.018283525800047,0.0120758465296879));
#5785=CARTESIAN_POINT('',(0.0414086838649408,-0.018283525800047,0.00250000000000001));
#5786=CARTESIAN_POINT('',(0.0479977528550082,-0.0358405786982542,0.0313999048265982));
#5787=CARTESIAN_POINT('',(0.0479977528550082,-0.0358405786982542,0.0025));
#5788=CARTESIAN_POINT('',(0.0477832641346272,-0.0352819095947279,0.0313999048265982));
#5789=CARTESIAN_POINT('',(0.0477832641346272,-0.0352819095947279,0.0025));
#5790=CARTESIAN_POINT('',(0.0474127465430996,-0.0343179214995472,0.0313999048265982));
#5791=CARTESIAN_POINT('',(0.0474127465430996,-0.0343179214995472,0.0025));
#5792=CARTESIAN_POINT('',(0.0468967841185586,-0.0329771623437401,0.0313999048265982));
#5793=CARTESIAN_POINT('',(0.0468967841185586,-0.0329771623437401,0.0025));
#5794=CARTESIAN_POINT('',(0.0466162715658157,-0.0322485801500745,0.0313999048265982));
#5795=CARTESIAN_POINT('',(0.0466162715658157,-0.0322485801500745,0.0025));
#5796=CARTESIAN_POINT('',(0.0464725988120655,-0.0318754931015747,0.0313999048265982));
#5797=CARTESIAN_POINT('',(0.0464725988120655,-0.0318754931015747,0.00249999999999999));
#5798=CARTESIAN_POINT('',(0.0463859555334314,-0.0316505220840109,0.0313999048265982));
#5799=CARTESIAN_POINT('',(0.0463859555334314,-0.0316505220840109,0.0025));
#5800=CARTESIAN_POINT('',(0.0463287730887468,-0.0315020569660402,0.0313999048265982));
#5801=CARTESIAN_POINT('',(0.0463287730887468,-0.0315020569660402,0.00249999999999999));
#5802=CARTESIAN_POINT('',(0.0462381230863821,-0.0312667052209639,0.0313999048265982));
#5803=CARTESIAN_POINT('',(0.0462381230863821,-0.0312667052209639,0.00250000000000001));
#5804=CARTESIAN_POINT('',(0.0461322713259953,-0.0309918807627708,0.0313999048265982));
#5805=CARTESIAN_POINT('',(0.0461322713259953,-0.0309918807627708,0.00249999999999999));
#5806=CARTESIAN_POINT('',(0.0459482337264103,-0.0305140550998968,0.0313999048265982));
#5807=CARTESIAN_POINT('',(0.0459482337264103,-0.0305140550998968,0.00250000000000001));
#5808=CARTESIAN_POINT('',(0.0456120630811298,-0.0296412073441544,0.0313999048265982));
#5809=CARTESIAN_POINT('',(0.0456120630811298,-0.0296412073441544,0.00249999999999998));
#5810=CARTESIAN_POINT('',(0.0452896911703854,-0.0288041116496337,0.0313999048265982));
#5811=CARTESIAN_POINT('',(0.0452896911703854,-0.0288041116496337,0.0025));
#5812=CARTESIAN_POINT('',(0.0450314743199993,-0.028133514353439,0.0313999048265982));
#5813=CARTESIAN_POINT('',(0.0450314743199993,-0.028133514353439,0.0025));
#5814=CARTESIAN_POINT('',(0.0448965706735464,-0.0277831182043672,0.0313999048265982));
#5815=CARTESIAN_POINT('',(0.0448965706735464,-0.0277831182043672,0.00249999999999999));
#5816=CARTESIAN_POINT('',(0.0448043939379779,-0.027543665786166,0.0313999048265982));
#5817=CARTESIAN_POINT('',(0.0448043939379779,-0.027543665786166,0.0025));
#5818=CARTESIAN_POINT('',(0.0447436259981363,-0.0273857864739913,0.0313999048265982));
#5819=CARTESIAN_POINT('',(0.0447436259981363,-0.0273857864739913,0.0025));
#5820=CARTESIAN_POINT('',(0.044698249777747,-0.0272678752229255,0.0313999048265982));
#5821=CARTESIAN_POINT('',(0.044698249777747,-0.0272678752229255,0.0025));
#5822=CARTESIAN_POINT('',(0.0446726110687922,-0.02720124361996,0.0313999048265982));
#5823=CARTESIAN_POINT('',(0.0446726110687922,-0.02720124361996,0.00249999999999999));
#5824=CARTESIAN_POINT('',(0.0446548078173738,-0.0271549690092258,0.0313999048265982));
#5825=CARTESIAN_POINT('',(0.0446548078173738,-0.0271549690092258,0.0025));
#5826=CARTESIAN_POINT('',(0.0446536237040739,-0.0271518927672462,0.0313999048265982));
#5827=CARTESIAN_POINT('',(0.0446536237040739,-0.0271518927672462,0.0025));
#5828=CARTESIAN_POINT('',(0.0446083149812212,-0.0270341114498807,0.0313999048265982));
#5829=CARTESIAN_POINT('',(0.0446083149812212,-0.0270341114498807,0.0025));
#5830=CARTESIAN_POINT('',(0.0445643517766704,-0.0269198129222162,0.0313999048265982));
#5831=CARTESIAN_POINT('',(0.0445643517766704,-0.0269198129222162,0.0025));
#5832=CARTESIAN_POINT('',(0.0444823413071519,-0.0267065669946255,0.0313999048265982));
#5833=CARTESIAN_POINT('',(0.0444823413071519,-0.0267065669946255,0.0025));
#5834=CARTESIAN_POINT('',(0.044375278604554,-0.0264280793600853,0.0313999048265982));
#5835=CARTESIAN_POINT('',(0.044375278604554,-0.0264280793600853,0.00249999999999999));
#5836=CARTESIAN_POINT('',(0.044255183304403,-0.0261155292027384,0.0313999048265982));
#5837=CARTESIAN_POINT('',(0.044255183304403,-0.0261155292027384,0.0025));
#5838=CARTESIAN_POINT('',(0.0441092232593811,-0.0257354291808788,0.0313999048265982));
#5839=CARTESIAN_POINT('',(0.0441092232593811,-0.0257354291808788,0.0025));
#5840=CARTESIAN_POINT('',(0.0439820363894028,-0.0254038111801716,0.0313999048265982));
#5841=CARTESIAN_POINT('',(0.0439820363894028,-0.0254038111801716,0.0025));
#5842=CARTESIAN_POINT('',(0.0438911900368992,-0.0251665798752729,0.0313999048265982));
#5843=CARTESIAN_POINT('',(0.0438911900368992,-0.0251665798752729,0.00249999999999999));
#5844=CARTESIAN_POINT('',(0.0438399226809157,-0.0250325356620607,0.0313999048265982));
#5845=CARTESIAN_POINT('',(0.0438399226809157,-0.0250325356620607,0.0025));
#5846=CARTESIAN_POINT('',(0.0438161781218879,-0.0249704310289795,0.0313999048265982));
#5847=CARTESIAN_POINT('',(0.0438161781218879,-0.0249704310289795,0.0025));
#5848=CARTESIAN_POINT('',(0.0437482399500474,-0.0247924969370825,0.0313999048265982));
#5849=CARTESIAN_POINT('',(0.0437482399500474,-0.0247924969370825,0.0025));
#5850=CARTESIAN_POINT('',(0.0436745548012852,-0.0245992074452395,0.0313999048265982));
#5851=CARTESIAN_POINT('',(0.0436745548012852,-0.0245992074452395,0.0025));
#5852=CARTESIAN_POINT('',(0.0435414320135157,-0.0242493500082667,0.0313999048265982));
#5853=CARTESIAN_POINT('',(0.0435414320135157,-0.0242493500082667,0.0025));
#5854=CARTESIAN_POINT('',(0.0433634750975067,-0.0237795300794399,0.0313999048265982));
#5855=CARTESIAN_POINT('',(0.0433634750975067,-0.0237795300794399,0.0025));
#5856=CARTESIAN_POINT('',(0.0431976320438111,-0.0233389274590698,0.0313999048265982));
#5857=CARTESIAN_POINT('',(0.0431976320438111,-0.0233389274590698,0.0025));
#5858=CARTESIAN_POINT('',(0.0430684743728165,-0.0229937717105345,0.0313999048265982));
#5859=CARTESIAN_POINT('',(0.0430684743728165,-0.0229937717105345,0.0025));
#5860=CARTESIAN_POINT('',(0.0429855023030085,-0.0227712927911404,0.0313999048265982));
#5861=CARTESIAN_POINT('',(0.0429855023030085,-0.0227712927911404,0.0025));
#5862=CARTESIAN_POINT('',(0.0428662925045983,-0.0224500838574893,0.0313999048265982));
#5863=CARTESIAN_POINT('',(0.0428662925045983,-0.0224500838574893,0.0025));
#5864=CARTESIAN_POINT('',(0.0427247915658011,-0.0220664746368346,0.0313999048265982));
#5865=CARTESIAN_POINT('',(0.0427247915658011,-0.0220664746368346,0.0025));
#5866=CARTESIAN_POINT('',(0.0425513802231716,-0.0215924889068452,0.0313999048265982));
#5867=CARTESIAN_POINT('',(0.0425513802231716,-0.0215924889068452,0.0025));
#5868=CARTESIAN_POINT('',(0.0423528781022698,-0.0210424174249465,0.0313999048265982));
#5869=CARTESIAN_POINT('',(0.0423528781022698,-0.0210424174249465,0.0025));
#5870=CARTESIAN_POINT('',(0.0421802027590053,-0.0205578774703436,0.0313999048265982));
#5871=CARTESIAN_POINT('',(0.0421802027590053,-0.0205578774703436,0.0025));
#5872=CARTESIAN_POINT('',(0.0419642020446711,-0.0199410999657639,0.0313999048265982));
#5873=CARTESIAN_POINT('',(0.0419642020446711,-0.0199410999657639,0.0025));
#5874=CARTESIAN_POINT('',(0.0417069739720217,-0.0191906683315527,0.0313999048265982));
#5875=CARTESIAN_POINT('',(0.0417069739720217,-0.0191906683315527,0.0025));
#5876=CARTESIAN_POINT('',(0.0415237573234288,-0.0186388484096523,0.0313999048265982));
#5877=CARTESIAN_POINT('',(0.0415237573234288,-0.0186388484096523,0.0025));
#5878=CARTESIAN_POINT('',(0.0414086838345087,-0.0182835257043723,0.0313999048265982));
#5879=CARTESIAN_POINT('',(0.0414086838345087,-0.0182835257043723,0.0025));
#5880=CARTESIAN_POINT('',(0.0479977528550082,-0.0358405786982542,0.025760739449918));
#5881=CARTESIAN_POINT('',(0.0479977528550082,-0.0358405786982542,0.0180071596332787));
#5882=CARTESIAN_POINT('',(0.0479977528550082,-0.0358405786982542,0.0102535798166393));
#5883=CARTESIAN_POINT('',(0.0479977528550082,-0.0358405786982542,0.0025));
#5884=CARTESIAN_POINT('',(0.0493472798091912,-0.0391291240964437,0.0259003038866176));
#5885=CARTESIAN_POINT('',(0.0493472798091912,-0.0391291240964437,0.0025));
#5886=CARTESIAN_POINT('',(0.0492348095588526,-0.0388872748725457,0.0259003038866176));
#5887=CARTESIAN_POINT('',(0.0492348095588526,-0.0388872748725457,0.0025));
#5888=CARTESIAN_POINT('',(0.0490622288041263,-0.0385000211697146,0.0259003038866176));
#5889=CARTESIAN_POINT('',(0.0490622288041263,-0.0385000211697146,0.00250000000000001));
#5890=CARTESIAN_POINT('',(0.0488477172447871,-0.0379913517646438,0.0259003038866175));
#5891=CARTESIAN_POINT('',(0.0488477172447871,-0.0379913517646438,0.00249999999999999));
#5892=CARTESIAN_POINT('',(0.0487264871211383,-0.0376973304242626,0.0259003038866176));
#5893=CARTESIAN_POINT('',(0.0487264871211383,-0.0376973304242626,0.0025));
#5894=CARTESIAN_POINT('',(0.0486217771875029,-0.037439012270633,0.0259003038866175));
#5895=CARTESIAN_POINT('',(0.0486217771875029,-0.037439012270633,0.00249999999999999));
#5896=CARTESIAN_POINT('',(0.0485727063074908,-0.0373162897443673,0.0259003038866176));
#5897=CARTESIAN_POINT('',(0.0485727063074908,-0.0373162897443673,0.0025));
#5898=CARTESIAN_POINT('',(0.0484791993743782,-0.0370811168922583,0.0259003038866176));
#5899=CARTESIAN_POINT('',(0.0484791993743782,-0.0370811168922583,0.00249999999999999));
#5900=CARTESIAN_POINT('',(0.0483075276610856,-0.0366440070929547,0.0259003038866176));
#5901=CARTESIAN_POINT('',(0.0483075276610856,-0.0366440070929547,0.0025));
#5902=CARTESIAN_POINT('',(0.04812248631335,-0.0361654663130505,0.0259003038866176));
#5903=CARTESIAN_POINT('',(0.04812248631335,-0.0361654663130505,0.0025));
#5904=CARTESIAN_POINT('',(0.0479881328064678,-0.0358155217915807,0.0259003038866176));
#5905=CARTESIAN_POINT('',(0.0479881328064678,-0.0358155217915807,0.0025));
#5906=CARTESIAN_POINT('',(0.0978553873430123,-0.0105764990342386,0.0318662493947943));
#5907=CARTESIAN_POINT('',(0.0978553873430123,-0.0105764990342386,0.0025));
#5908=CARTESIAN_POINT('',(0.0976876232485679,-0.0111653489589282,0.0318662493947943));
#5909=CARTESIAN_POINT('',(0.0976876232485679,-0.0111653489589282,0.0025));
#5910=CARTESIAN_POINT('',(0.0973520196766108,-0.012343502730856,0.0318662493947943));
#5911=CARTESIAN_POINT('',(0.0973520196766108,-0.012343502730856,0.00250000000000001));
#5912=CARTESIAN_POINT('',(0.0968495129339245,-0.014108136927914,0.0318662493947943));
#5913=CARTESIAN_POINT('',(0.0968495129339245,-0.014108136927914,0.0025));
#5914=CARTESIAN_POINT('',(0.0964286942499227,-0.0155863972793092,0.0318662493947943));
#5915=CARTESIAN_POINT('',(0.0964286942499227,-0.0155863972793092,0.0025));
#5916=CARTESIAN_POINT('',(0.0960969876681641,-0.0167518744160818,0.0318662493947943));
#5917=CARTESIAN_POINT('',(0.0960969876681641,-0.0167518744160818,0.0025));
#5918=CARTESIAN_POINT('',(0.0958349352122001,-0.0176728318952434,0.0318662493947943));
#5919=CARTESIAN_POINT('',(0.0958349352122001,-0.0176728318952434,0.0025));
#5920=CARTESIAN_POINT('',(0.0956237218105106,-0.0184150199774912,0.0318662493947943));
#5921=CARTESIAN_POINT('',(0.0956237218105106,-0.0184150199774912,0.00250000000000001));
#5922=CARTESIAN_POINT('',(0.0953135222386138,-0.0195043760427113,0.0318662493947943));
#5923=CARTESIAN_POINT('',(0.0953135222386138,-0.0195043760427113,0.00249999999999999));
#5924=CARTESIAN_POINT('',(0.0949912813361025,-0.0206352359914418,0.0318662493947943));
#5925=CARTESIAN_POINT('',(0.0949912813361025,-0.0206352359914418,0.0025));
#5926=CARTESIAN_POINT('',(0.0946504027034478,-0.0218307396947728,0.0318662493947943));
#5927=CARTESIAN_POINT('',(0.0946504027034478,-0.0218307396947728,0.00250000000000001));
#5928=CARTESIAN_POINT('',(0.0943864956190624,-0.022755933165253,0.0318662493947943));
#5929=CARTESIAN_POINT('',(0.0943864956190624,-0.022755933165253,0.0025));
#5930=CARTESIAN_POINT('',(0.094159495501006,-0.0235514487020507,0.0318662493947943));
#5931=CARTESIAN_POINT('',(0.094159495501006,-0.0235514487020507,0.00250000000000002));
#5932=CARTESIAN_POINT('',(0.0939968391815767,-0.0241213249093245,0.0318662493947943));
#5933=CARTESIAN_POINT('',(0.0939968391815767,-0.0241213249093245,0.00249999999999999));
#5934=CARTESIAN_POINT('',(0.0939029288788036,-0.024450303937619,0.0318662493947943));
#5935=CARTESIAN_POINT('',(0.0939029288788036,-0.024450303937619,0.0025));
#5936=CARTESIAN_POINT('',(0.0938435694881797,-0.0246582300310594,0.0318662493947943));
#5937=CARTESIAN_POINT('',(0.0938435694881797,-0.0246582300310594,0.00250000000000002));
#5938=CARTESIAN_POINT('',(0.0937963322523143,-0.0248236837181667,0.0318662493947943));
#5939=CARTESIAN_POINT('',(0.0937963322523143,-0.0248236837181667,0.00249999999999999));
#5940=CARTESIAN_POINT('',(0.0937693172696086,-0.0249183028131362,0.0318662493947943));
#5941=CARTESIAN_POINT('',(0.0937693172696086,-0.0249183028131362,0.0025));
#5942=CARTESIAN_POINT('',(0.093711556259549,-0.0251205996020017,0.0318662493947943));
#5943=CARTESIAN_POINT('',(0.093711556259549,-0.0251205996020017,0.0025));
#5944=CARTESIAN_POINT('',(0.0935991539636652,-0.0255142233186507,0.0318662493947943));
#5945=CARTESIAN_POINT('',(0.0935991539636652,-0.0255142233186507,0.0025));
#5946=CARTESIAN_POINT('',(0.0934245193145665,-0.0261256670408389,0.0318662493947943));
#5947=CARTESIAN_POINT('',(0.0934245193145665,-0.0261256670408389,0.00250000000000002));
#5948=CARTESIAN_POINT('',(0.0931997390266832,-0.0269125101231479,0.0318662493947943));
#5949=CARTESIAN_POINT('',(0.0931997390266832,-0.0269125101231479,0.0025));
#5950=CARTESIAN_POINT('',(0.0928768290154598,-0.028042640521875,0.0318662493947943));
#5951=CARTESIAN_POINT('',(0.0928768290154598,-0.028042640521875,0.0025));
#5952=CARTESIAN_POINT('',(0.0925220182268396,-0.0292841387510913,0.0318662493947943));
#5953=CARTESIAN_POINT('',(0.0925220182268396,-0.0292841387510913,0.0025));
#5954=CARTESIAN_POINT('',(0.09212913794512,-0.0306585236962681,0.0318662493947943));
#5955=CARTESIAN_POINT('',(0.09212913794512,-0.0306585236962681,0.0025));
#5956=CARTESIAN_POINT('',(0.091829407839532,-0.0317070472559057,0.0318662493947943));
#5957=CARTESIAN_POINT('',(0.091829407839532,-0.0317070472559057,0.0025));
#5958=CARTESIAN_POINT('',(0.0914682034515382,-0.0329700387248695,0.0318662493947943));
#5959=CARTESIAN_POINT('',(0.0914682034515382,-0.0329700387248695,0.0025));
#5960=CARTESIAN_POINT('',(0.0911819335307087,-0.0339688996490676,0.0318662493947943));
#5961=CARTESIAN_POINT('',(0.0911819335307087,-0.0339688996490676,0.0025));
#5962=CARTESIAN_POINT('',(0.0909855555618406,-0.0346523841202869,0.0318662493947943));
#5963=CARTESIAN_POINT('',(0.0909855555618406,-0.0346523841202869,0.0025));
#5964=CARTESIAN_POINT('',(0.0908724619022924,-0.035044769674072,0.0318662493947943));
#5965=CARTESIAN_POINT('',(0.0908724619022924,-0.035044769674072,0.0025));
#5966=CARTESIAN_POINT('',(0.0908157282696208,-0.0352412224907447,0.0318662493947943));
#5967=CARTESIAN_POINT('',(0.0908157282696208,-0.0352412224907447,0.0025));
#5968=CARTESIAN_POINT('',(0.0907806314060352,-0.035362523083145,0.0318662493947943));
#5969=CARTESIAN_POINT('',(0.0907806314060352,-0.035362523083145,0.0025));
#5970=CARTESIAN_POINT('',(0.0907600396178767,-0.0354336109014454,0.0318662493947943));
#5971=CARTESIAN_POINT('',(0.0907600396178767,-0.0354336109014454,0.00249999999999999));
#5972=CARTESIAN_POINT('',(0.0907195145736449,-0.0355733365368331,0.0318662493947943));
#5973=CARTESIAN_POINT('',(0.0907195145736449,-0.0355733365368331,0.0025));
#5974=CARTESIAN_POINT('',(0.0906364009174292,-0.0358593896673736,0.0318662493947943));
#5975=CARTESIAN_POINT('',(0.0906364009174292,-0.0358593896673736,0.0025));
#5976=CARTESIAN_POINT('',(0.0905269108525814,-0.0362347392353011,0.0318662493947943));
#5977=CARTESIAN_POINT('',(0.0905269108525814,-0.0362347392353011,0.0025));
#5978=CARTESIAN_POINT('',(0.0903980725810954,-0.0366741891743443,0.0318662493947943));
#5979=CARTESIAN_POINT('',(0.0903980725810954,-0.0366741891743443,0.00249999999999999));
#5980=CARTESIAN_POINT('',(0.0903017246481133,-0.0370008464496912,0.0318662493947943));
#5981=CARTESIAN_POINT('',(0.0903017246481133,-0.0370008464496912,0.00250000000000001));
#5982=CARTESIAN_POINT('',(0.0902441407118263,-0.0371953875265096,0.0318662493947943));
#5983=CARTESIAN_POINT('',(0.0902441407118263,-0.0371953875265096,0.0025));
#5984=CARTESIAN_POINT('',(0.0901931661641823,-0.037367326147727,0.0318662493947943));
#5985=CARTESIAN_POINT('',(0.0901931661641823,-0.037367326147727,0.00249999999999999));
#5986=CARTESIAN_POINT('',(0.0901238332068151,-0.0376004198547963,0.0318662493947943));
#5987=CARTESIAN_POINT('',(0.0901238332068151,-0.0376004198547963,0.00249999999999999));
#5988=CARTESIAN_POINT('',(0.0900561116529086,-0.0378268048449842,0.0318662493947943));
#5989=CARTESIAN_POINT('',(0.0900561116529086,-0.0378268048449842,0.0025));
#5990=CARTESIAN_POINT('',(0.090005066218488,-0.0379961230473746,0.0318662493947943));
#5991=CARTESIAN_POINT('',(0.090005066218488,-0.0379961230473746,0.0025));
#5992=CARTESIAN_POINT('',(0.0899728517889947,-0.0381022163012731,0.0318662493947943));
#5993=CARTESIAN_POINT('',(0.0899728517889947,-0.0381022163012731,0.00249999999999998));
#5994=CARTESIAN_POINT('',(0.089930529703807,-0.0382406996758489,0.0318662493947943));
#5995=CARTESIAN_POINT('',(0.089930529703807,-0.0382406996758489,0.0025));
#5996=CARTESIAN_POINT('',(0.0898351264624577,-0.0385479490026584,0.0318662493947943));
#5997=CARTESIAN_POINT('',(0.0898351264624577,-0.0385479490026584,0.0025));
#5998=CARTESIAN_POINT('',(0.0897644491211468,-0.0387668556590103,0.0318662493947943));
#5999=CARTESIAN_POINT('',(0.0897644491211468,-0.0387668556590103,0.0025));
#6000=CARTESIAN_POINT('',(0.0897167962210539,-0.0389107018712044,0.0318662493947943));
#6001=CARTESIAN_POINT('',(0.0897167962210539,-0.0389107018712044,0.0025));
#6002=CARTESIAN_POINT('',(0.0897167962210539,-0.0389107018712044,0.0133653444351923));
#6003=CARTESIAN_POINT('',(0.0897167962210539,-0.0389107018712044,0.016687727959615));
#6004=CARTESIAN_POINT('',(0.0897167962210539,-0.0389107018712044,0.0200101114840378));
#6005=CARTESIAN_POINT('',(0.0897167962210539,-0.0389107018712044,0.0233324950084605));
#6006=CARTESIAN_POINT('',(0.0897167962210538,-0.0389107018712046,0.0133653444351923));
#6007=CARTESIAN_POINT('',(0.0912316604048969,-0.0337951756674259,0.0133653444351923));
#6008=CARTESIAN_POINT('',(0.0909865176596474,-0.0346499353735865,0.0133653444351923));
#6009=CARTESIAN_POINT('',(0.0904900124714045,-0.0363576129426699,0.0133653444351923));
#6010=CARTESIAN_POINT('',(0.0899965616762131,-0.0380661950112031,0.0133653444351923));
#6011=CARTESIAN_POINT('',(0.0897167962210538,-0.0389107018712047,0.0133653444351923));
#6012=CARTESIAN_POINT('',(0.0912316604048969,-0.0337951756674261,0.0133653444351923));
#6013=CARTESIAN_POINT('',(0.0912316604048968,-0.0337951756674261,0.0159406246973971));
#6014=CARTESIAN_POINT('',(0.0912316604048968,-0.0337951756674261,0.00786534443519134));
#6015=CARTESIAN_POINT('',(0.0897167962210538,-0.0389107018712047,0.00786534443519228));
#6016=CARTESIAN_POINT('',(0.0899965616762131,-0.0380661950112031,0.00786534443519228));
#6017=CARTESIAN_POINT('',(0.0904900124714045,-0.03635761294267,0.00786534443519228));
#6018=CARTESIAN_POINT('',(0.0909865176596474,-0.0346499353735865,0.00786534443519228));
#6019=CARTESIAN_POINT('',(0.0912316604048969,-0.0337951756674259,0.00786534443519228));
#6020=CARTESIAN_POINT('',(0.0401772508182087,-0.022778954945732,0.0025));
#6021=CARTESIAN_POINT('',(0.0326980439037052,0.000239677046162789,0.0025));
#6022=CARTESIAN_POINT('',(0.0469383283901103,0.0628835351991981,0.0172113027461592));
#6023=CARTESIAN_POINT('',(0.0469383283901103,0.0628835351991981,0.0025));
#6024=CARTESIAN_POINT('',(0.0470852497947322,0.063007690169758,0.0172113027461592));
#6025=CARTESIAN_POINT('',(0.0470852497947322,0.063007690169758,0.0025));
#6026=CARTESIAN_POINT('',(0.0473145021757407,0.0631986307517103,0.0172113027461592));
#6027=CARTESIAN_POINT('',(0.0473145021757407,0.0631986307517103,0.00249999999999998));
#6028=CARTESIAN_POINT('',(0.0476278834378783,0.0634547076182845,0.0172113027461592));
#6029=CARTESIAN_POINT('',(0.0476278834378783,0.0634547076182845,0.00249999999999999));
#6030=CARTESIAN_POINT('',(0.0478871478992655,0.0636637793710858,0.0172113027461592));
#6031=CARTESIAN_POINT('',(0.0478871478992655,0.0636637793710858,0.0025));
#6032=CARTESIAN_POINT('',(0.0480892991705524,0.0638249761540715,0.0172113027461592));
#6033=CARTESIAN_POINT('',(0.0480892991705524,0.0638249761540715,0.00249999999999999));
#6034=CARTESIAN_POINT('',(0.0483212812537788,0.0640084682355361,0.0172113027461592));
#6035=CARTESIAN_POINT('',(0.0483212812537788,0.0640084682355361,0.0025));
#6036=CARTESIAN_POINT('',(0.0485253735955167,0.0641684418009976,0.0172113027461592));
#6037=CARTESIAN_POINT('',(0.0485253735955167,0.0641684418009976,0.00249999999999999));
#6038=CARTESIAN_POINT('',(0.0486866953629056,0.0642942530994609,0.0172113027461592));
#6039=CARTESIAN_POINT('',(0.0486866953629056,0.0642942530994609,0.0025));
#6040=CARTESIAN_POINT('',(0.0488363566751125,0.0644104730203775,0.0172113027461592));
#6041=CARTESIAN_POINT('',(0.0488363566751125,0.0644104730203775,0.0025));
#6042=CARTESIAN_POINT('',(0.0488919068517622,0.0644534619937196,0.0172113027461592));
#6043=CARTESIAN_POINT('',(0.0488919068517622,0.0644534619937196,0.0025));
#6044=CARTESIAN_POINT('',(0.0490140061503551,0.0645478861204209,0.0172113027461592));
#6045=CARTESIAN_POINT('',(0.0490140061503551,0.0645478861204209,0.00249999999999999));
#6046=CARTESIAN_POINT('',(0.0491861280084226,0.064680678499928,0.0172113027461592));
#6047=CARTESIAN_POINT('',(0.0491861280084226,0.064680678499928,0.00249999999999999));
#6048=CARTESIAN_POINT('',(0.0494380109381836,0.0648746765241651,0.0172113027461592));
#6049=CARTESIAN_POINT('',(0.0494380109381836,0.0648746765241651,0.0025));
#6050=CARTESIAN_POINT('',(0.049868482216223,0.0652058780223902,0.0172113027461592));
#6051=CARTESIAN_POINT('',(0.049868482216223,0.0652058780223902,0.0025));
#6052=CARTESIAN_POINT('',(0.0502955664963445,0.0655332903284358,0.0172113027461592));
#6053=CARTESIAN_POINT('',(0.0502955664963445,0.0655332903284358,0.0025));
#6054=CARTESIAN_POINT('',(0.0505790452074695,0.0657485963102013,0.0172113027461592));
#6055=CARTESIAN_POINT('',(0.0505790452074695,0.0657485963102013,0.0025));
#6056=CARTESIAN_POINT('',(0.0507021250260648,0.0658414539137939,0.0172113027461592));
#6057=CARTESIAN_POINT('',(0.0507021250260648,0.0658414539137939,0.0025));
#6058=CARTESIAN_POINT('',(0.0507021250260648,0.0658414539137939,0.0163499626141214));
#6059=CARTESIAN_POINT('',(0.0494273232837879,0.0648796793824818,0.0166015001512341));
#6060=CARTESIAN_POINT('',(0.0481559210727971,0.0639124539198019,0.0168544632967473));
#6061=CARTESIAN_POINT('',(0.0469383283901102,0.062883535199198,0.0171235613778919));
#6062=CARTESIAN_POINT('',(0.0507021250260648,0.0658414539137939,0.0163499626141214));
#6063=CARTESIAN_POINT('',(0.0507021250260647,0.0658414539137939,0.0104736405426174));
#6064=CARTESIAN_POINT('',(0.0419215026167186,0.0747973935585266,0.0025));
#6065=CARTESIAN_POINT('',(0.0410385384278006,0.0565885112868402,0.0213258886336988));
#6066=CARTESIAN_POINT('',(0.0400969361524708,0.037170368180445,0.0025));
#6067=CARTESIAN_POINT('',(0.040734223398868,0.0503127907028268,0.0152415778855749));
#6068=CARTESIAN_POINT('',(0.0419215026167186,0.0747973935585266,0.0025));
#6069=CARTESIAN_POINT('',(0.0420578001517483,0.0776081822636934,0.0132725533329982));
#6070=CARTESIAN_POINT('',(0.0407342233988726,0.0503127907028268,0.0204112488840024));
#6071=CARTESIAN_POINT('',(0.0407342233988726,0.0503127907028268,0.0025));
#6072=CARTESIAN_POINT('',(0.0336623735222146,0.0288320020067321,0.0025));
#6073=CARTESIAN_POINT('',(0.034615041436572,0.0570785580224232,0.0025));
#6074=CARTESIAN_POINT('',(0.034615041436572,0.0570785580224232,0.0186417650883283));
#6075=CARTESIAN_POINT('',(0.0338564249985079,0.03458561857389,0.0245244521497025));
#6076=CARTESIAN_POINT('',(0.0431368469898911,0.0660273354264475,0.0025));
#6077=CARTESIAN_POINT('',(0.0491753356355843,0.0723683731805874,0.000442611761411105));
#6078=CARTESIAN_POINT('',(0.0513782462120835,0.0746816571750084,0.0140379415701997));
#6079=CARTESIAN_POINT('',(0.0448770367685835,0.0678547147151254,0.0158234247956978));
#6080=CARTESIAN_POINT('',(0.106086194271442,0.0736412685761426,0.00792350591725088));
#6081=CARTESIAN_POINT('',(0.111300371535498,0.0746816571750084,0.0140379415701997));
#6082=CARTESIAN_POINT('',(0.0932409253084898,0.0482203785630113,-0.0392104156090971));
#6083=CARTESIAN_POINT('',(0.0982568737233141,0.0558172494916953,0.0025));
#6084=CARTESIAN_POINT('',(0.112767029116089,0.0508821704807348,0.0202623362414298));
#6085=CARTESIAN_POINT('',(0.102083376682297,0.0574846033712854,0.0185355700876461));
#6086=CARTESIAN_POINT('',(0.102083376682297,0.0579119616751254,0.0201696098301673));
#6087=CARTESIAN_POINT('',(0.102083376682297,0.0579119616751254,0.0201696098301673));
#6088=CARTESIAN_POINT('',(0.112767029116089,0.0513095287845748,0.0218963759839511));
#6089=CARTESIAN_POINT('',(0.0848272953234771,0.0685761160765856,0.0173805620375696));
#6090=CARTESIAN_POINT('',(0.0848272953234771,0.0670302335505049,0.0114697526249817));
#6091=CARTESIAN_POINT('',(0.0848272953234771,0.0673217457898116,0.0125843737290488));
#6092=CARTESIAN_POINT('',(0.084827295323477,0.0673217457898116,0.0125843737290487));
#6093=CARTESIAN_POINT('',(0.0866804226632929,0.0659350344297374,0.011960532794283));
#6094=CARTESIAN_POINT('',(0.0895009437393741,0.0638418890580726,0.0110778439966737));
#6095=CARTESIAN_POINT('',(0.0927730812671978,0.0611092704714973,0.00889021751747038));
#6096=CARTESIAN_POINT('',(0.0940741829421775,0.0598369535924483,0.00731014150947304));
#6097=CARTESIAN_POINT('',(0.0945749665795749,0.0592610566899001,0.00637241949676528));
#6098=CARTESIAN_POINT('',(0.0931514683740221,0.0471276662493249,-0.0389246332815256));
#6099=CARTESIAN_POINT('',(0.096880660389781,0.0554993954328241,0.0025));
#6100=CARTESIAN_POINT('',(0.0938127204270659,0.0575250489864013,0.0025));
#6101=CARTESIAN_POINT('',(0.0933004419314684,0.0581527661497579,0.00360684139102717));
#6102=CARTESIAN_POINT('',(0.0934901119292128,0.0579346472735465,0.00325168255839099));
#6103=CARTESIAN_POINT('',(0.0936591733952206,0.0577262055659011,0.00288149733392412));
#6104=CARTESIAN_POINT('',(0.0938127204270658,0.0575250489864014,0.00249999999999993));
#6105=CARTESIAN_POINT('',(0.0933004419314684,0.0581527661497579,0.00360684139102717));
#6106=CARTESIAN_POINT('',(0.0855805762972157,0.0646506813741578,0.00896275406736273));
#6107=CARTESIAN_POINT('',(0.0870759620581303,0.0635288092008208,0.00844840112318798));
#6108=CARTESIAN_POINT('',(0.0900239107130953,0.0612789825598238,0.00728832941584415));
#6109=CARTESIAN_POINT('',(0.0924912241806862,0.0590833596463513,0.0051221091460314));
#6110=CARTESIAN_POINT('',(0.0933004419315027,0.0581527661497183,0.00360684139096235));
#6111=CARTESIAN_POINT('',(0.0855805762972157,0.0646506813741578,0.00896275406736278));
#6112=CARTESIAN_POINT('',(0.0855805762972193,0.0518064319774749,-0.0401482934738792));
#6113=CARTESIAN_POINT('',(0.0855805762972193,0.0669625968087456,0.0178025535225829));
#6114=CARTESIAN_POINT('',(0.112228705033342,0.0504942136664313,0.0221096092835569));
#6115=CARTESIAN_POINT('',(0.101155365592185,0.0573374707816922,0.0203198592074623));
#6116=CARTESIAN_POINT('',(0.101155365592185,0.0421813059504216,-0.0376309877889997));
#6117=CARTESIAN_POINT('',(0.101155365592185,0.0569101124778522,0.0186858194649411));
#6118=CARTESIAN_POINT('',(0.112228705033342,0.0500668553625913,0.0204755695410356));
#6119=CARTESIAN_POINT('',(0.0493118524357717,0.0471276662493249,-0.0389246332815256));
#6120=CARTESIAN_POINT('',(0.0440647416594078,0.0544971667162165,0.0025));
#6121=CARTESIAN_POINT('',(0.0413079552176082,0.0526769569597834,0.0025));
#6122=CARTESIAN_POINT('',(0.0449126709506791,0.0550570247978348,0.0025));
#6123=CARTESIAN_POINT('',(0.0413079552176082,0.0421813059504216,-0.0376309877889997));
#6124=CARTESIAN_POINT('',(0.0413079552176083,0.0548770331697945,0.0109121729504984));
#6125=CARTESIAN_POINT('',(0.0413079552176083,0.0548770331697945,0.0109121729504984));
#6126=CARTESIAN_POINT('',(0.0415220562411594,0.0556906396802081,0.0134825498665562));
#6127=CARTESIAN_POINT('',(0.0418213266210511,0.0565569926488227,0.0160395905408743));
#6128=CARTESIAN_POINT('',(0.0423448495828283,0.0575509069536527,0.0185182293915984));
#6129=CARTESIAN_POINT('',(0.0423448495828168,0.0575509069536465,0.0185182293916036));
#6130=CARTESIAN_POINT('',(0.0871487886080502,0.0852394715601457,0.0112767053955349));
#6131=CARTESIAN_POINT('',(0.0413079552176082,0.0569101124778522,0.0186858194649411));
#6132=CARTESIAN_POINT('',(0.0413079552176082,0.0421813059504216,-0.0376309877889997));
#6133=CARTESIAN_POINT('',(0.0413079552176082,0.0573374707816922,0.0203198592074623));
#6134=CARTESIAN_POINT('',(0.0871487886080502,0.0856668298639857,0.0129107451380561));
#6135=CARTESIAN_POINT('',(0.0568827445125744,0.0669625968087455,0.0178025535225829));
#6136=CARTESIAN_POINT('',(0.0568827445125744,0.0518064319774749,-0.0401482934738792));
#6137=CARTESIAN_POINT('',(0.0568827445125744,0.065738589879406,0.0131224620169525));
#6138=CARTESIAN_POINT('',(0.0611070316096212,0.0657377231556848,0.00245460603978039));
#6139=CARTESIAN_POINT('',(0.0561151617394293,0.065738747369222,0.0150608867230277));
#6140=CARTESIAN_POINT('',(0.0535896327530288,0.0637996367534388,0.0140224320062741));
#6141=CARTESIAN_POINT('',(0.0527478799735488,0.0631533358163503,0.0136763175293077));
#6142=CARTESIAN_POINT('',(0.0527478799735488,0.0631533358163503,0.0136763175293077));
#6143=CARTESIAN_POINT('',(0.0521159020714546,0.0626766566644403,0.0134491729196989));
#6144=CARTESIAN_POINT('',(0.0508735344411951,0.0617230311361547,0.0129393609181714));
#6145=CARTESIAN_POINT('',(0.0496724645050493,0.06077140041425,0.0123329169762237));
#6146=CARTESIAN_POINT('',(0.0491186512390558,0.0603034041416031,0.0119416393565989));
#6147=CARTESIAN_POINT('',(0.0491186622734702,0.0603034134662693,0.0119416471529903));
#6148=CARTESIAN_POINT('',(0.0491186659516083,0.0603034165744913,0.0119416497517874));
#6149=CARTESIAN_POINT('',(0.0484456536593362,0.059734678788979,0.0114661058753854));
#6150=CARTESIAN_POINT('',(0.0472661326416106,0.0586493553298848,0.0102940747958643));
#6151=CARTESIAN_POINT('',(0.0460859027465257,0.0572455255956275,0.00790599830463093));
#6152=CARTESIAN_POINT('',(0.0453546421061825,0.0560740218315669,0.0052727814600943));
#6153=CARTESIAN_POINT('',(0.0450411968336145,0.0553852005281206,0.00343033337961732));
#6154=CARTESIAN_POINT('',(0.0449126709506791,0.0550570247978348,0.0025));
#6155=CARTESIAN_POINT('',(0.0492223955013039,0.0482203785630113,-0.0392104156090971));
#6156=CARTESIAN_POINT('',(0.0442064470864796,0.0558172494916954,0.0025));
#6157=CARTESIAN_POINT('',(0.0431378355809394,0.0551116826553498,0.0025));
#6158=CARTESIAN_POINT('',(0.048028489814583,0.0615934696703988,0.014936809806427));
#6159=CARTESIAN_POINT('',(0.0471635597408753,0.0608625492691022,0.0143256587103826));
#6160=CARTESIAN_POINT('',(0.0460722870436949,0.0598333519915201,0.0131454409550292));
#6161=CARTESIAN_POINT('',(0.0450408623979498,0.0586230199456634,0.0111215483950253));
#6162=CARTESIAN_POINT('',(0.0442573581984031,0.0575441853024985,0.0089745525184636));
#6163=CARTESIAN_POINT('',(0.0435947246329657,0.0563486370747381,0.00607614528378967));
#6164=CARTESIAN_POINT('',(0.0432700332860499,0.0555128109616517,0.0037000037731974));
#6165=CARTESIAN_POINT('',(0.0431378355809395,0.0551116826553498,0.00250000000000004));
#6166=CARTESIAN_POINT('',(0.048028489814583,0.0615934696703988,0.014936809806427));
#6167=CARTESIAN_POINT('',(0.0517250457626122,0.0644974277672237,0.0167080896649082));
#6168=CARTESIAN_POINT('',(0.0510810570550073,0.0640116892786393,0.0164766281484508));
#6169=CARTESIAN_POINT('',(0.0498148233505906,0.0630398329966081,0.015957361119645));
#6170=CARTESIAN_POINT('',(0.0485928519748177,0.0620703802170249,0.0153355403826446));
#6171=CARTESIAN_POINT('',(0.048028489814583,0.0615934696704006,0.0149368098064338));
#6172=CARTESIAN_POINT('',(0.0517250457626122,0.0644974277672237,0.0167080896649082));
#6173=CARTESIAN_POINT('',(0.051852717512746,0.0645954549303966,0.0167605873299574));
#6174=CARTESIAN_POINT('',(0.0545669039436765,0.0666794174387554,0.017876614790551));
#6175=CARTESIAN_POINT('',(0.0866104645253028,0.0864821449821292,0.0126975118384503));
#6176=CARTESIAN_POINT('',(0.0403799441274965,0.0579119616751254,0.0201696098301673));
#6177=CARTESIAN_POINT('',(0.0403799441274965,0.0574846033712854,0.0185355700876461));
#6178=CARTESIAN_POINT('',(0.0403799441274965,0.0574846033712854,0.0185355700876461));
#6179=CARTESIAN_POINT('',(0.0866104645253028,0.0860547866782892,0.011063472095929));
#6180=CARTESIAN_POINT('',(0.0390517562052623,0.0126085697581692,-0.0298966873003662));
#6181=CARTESIAN_POINT('',(0.0385036497195141,0.012644176208145,0.0025));
#6182=CARTESIAN_POINT('',(0.0410782406629703,0.0522760405253285,0.0025));
#6183=CARTESIAN_POINT('',(0.0407342233988726,0.0503127907028268,0.0152415778853022));
#6184=CARTESIAN_POINT('',(0.0407411049026754,0.0504547041509282,0.015379162965144));
#6185=CARTESIAN_POINT('',(0.0407548808053002,0.0507381639611731,0.0156521705641845));
#6186=CARTESIAN_POINT('',(0.0407768752181544,0.0511522321460308,0.0159408436140287));
#6187=CARTESIAN_POINT('',(0.0408033117663651,0.0515640722783706,0.015959541576313));
#6188=CARTESIAN_POINT('',(0.0408299678833451,0.0519237644825016,0.0157659242162917));
#6189=CARTESIAN_POINT('',(0.0408563081121666,0.0522220948738189,0.0153562774990608));
#6190=CARTESIAN_POINT('',(0.0408819482551751,0.05247823635226,0.014826523759559));
#6191=CARTESIAN_POINT('',(0.0409122092927852,0.0527509235167223,0.0140880564295975));
#6192=CARTESIAN_POINT('',(0.0409455405813344,0.0530153374880218,0.0131372465201361));
#6193=CARTESIAN_POINT('',(0.0409816064195597,0.0532703525646697,0.0119895485798176));
#6194=CARTESIAN_POINT('',(0.0410265831981344,0.0535596162633899,0.0104483214564437));
#6195=CARTESIAN_POINT('',(0.0410579255267302,0.0537380169752631,0.00928569928858914));
#6196=CARTESIAN_POINT('',(0.0410782406629703,0.0538475539079274,0.00850881110767432));
#6197=CARTESIAN_POINT('',(0.0410782406629703,0.0538475539079274,0.00850881110767432));
#6198=CARTESIAN_POINT('',(0.0410782406629703,0.041806056737213,-0.0375328470503744));
#6199=CARTESIAN_POINT('',(0.10387766202587,0.0128945224379355,-0.0299714738854311));
#6200=CARTESIAN_POINT('',(0.105454966229993,-0.0168326589299882,-0.0221967806042641));
#6201=CARTESIAN_POINT('',(0.103411564604531,0.0126085697581692,-0.0298966873003662));
#6202=CARTESIAN_POINT('',(0.0415771172589819,0.0417736483913498,-0.0375243711391968));
#6203=CARTESIAN_POINT('',(0.0415771172589819,0.052241415433489,0.0025));
#6204=CARTESIAN_POINT('',(0.0413079552176082,0.0548770331697945,0.0109121729504984));
#6205=CARTESIAN_POINT('',(0.0412895507821763,0.0548070943706262,0.0106912196117307));
#6206=CARTESIAN_POINT('',(0.041262268806671,0.0546999969946452,0.0103604923666982));
#6207=CARTESIAN_POINT('',(0.0412263761778294,0.0545513771396665,0.00992135733892698));
#6208=CARTESIAN_POINT('',(0.0411995929292136,0.0544362562790999,0.00959331117499579));
#6209=CARTESIAN_POINT('',(0.0411728498055567,0.0543167669964433,0.00926746599279295));
#6210=CARTESIAN_POINT('',(0.0411500396561846,0.0542103724247731,0.00899761475395618));
#6211=CARTESIAN_POINT('',(0.0411315129495226,0.0541211338855826,0.00878608282868131));
#6212=CARTESIAN_POINT('',(0.0411155923420213,0.054041993720888,0.00862549489233112));
#6213=CARTESIAN_POINT('',(0.0411048567004858,0.0539881925730264,0.00850920691151756));
#6214=CARTESIAN_POINT('',(0.041083537906205,0.0538762933997594,0.00839465442231367));
#6215=CARTESIAN_POINT('',(0.0410790265413121,0.0538517912756706,0.00847875767420633));
#6216=CARTESIAN_POINT('',(0.0410782406629703,0.0538475539079272,0.00850881110767426));
#6217=CARTESIAN_POINT('',(0.0495745364407081,-0.0352352073049199,0.0025));
#6218=CARTESIAN_POINT('',(0.0495745364407081,-0.0352352073049199,0.));
#6219=CARTESIAN_POINT('',(0.0493598737258418,-0.0346760850057992,0.0025));
#6220=CARTESIAN_POINT('',(0.0493598737258418,-0.0346760850057992,0.));
#6221=CARTESIAN_POINT('',(0.0489891684135668,-0.0337116087060541,0.0025));
#6222=CARTESIAN_POINT('',(0.0489891684135668,-0.0337116087060541,0.));
#6223=CARTESIAN_POINT('',(0.0484730445304506,-0.0323704299998415,0.0025));
#6224=CARTESIAN_POINT('',(0.0484730445304506,-0.0323704299998415,4.33680868994202E-19));
#6225=CARTESIAN_POINT('',(0.0481924636830318,-0.0316416704247558,0.0025));
#6226=CARTESIAN_POINT('',(0.0481924636830318,-0.0316416704247558,0.));
#6227=CARTESIAN_POINT('',(0.0480487577198715,-0.0312684971393895,0.0025));
#6228=CARTESIAN_POINT('',(0.0480487577198715,-0.0312684971393895,0.));
#6229=CARTESIAN_POINT('',(0.0479620984544592,-0.0310434846113442,0.0025));
#6230=CARTESIAN_POINT('',(0.0479620984544592,-0.0310434846113442,4.33680868994202E-19));
#6231=CARTESIAN_POINT('',(0.0479048977057398,-0.0308949719702883,0.0025));
#6232=CARTESIAN_POINT('',(0.0479048977057398,-0.0308949719702883,0.));
#6233=CARTESIAN_POINT('',(0.047814255018678,-0.0306596392179658,0.0025));
#6234=CARTESIAN_POINT('',(0.047814255018678,-0.0306596392179658,4.33680868994202E-19));
#6235=CARTESIAN_POINT('',(0.0477084042366288,-0.0303848172998352,0.0025));
#6236=CARTESIAN_POINT('',(0.0477084042366288,-0.0303848172998352,-4.33680868994202E-19));
#6237=CARTESIAN_POINT('',(0.0475243728491746,-0.0299070077657672,0.0025));
#6238=CARTESIAN_POINT('',(0.0475243728491746,-0.0299070077657672,8.67361737988404E-19));
#6239=CARTESIAN_POINT('',(0.0471882134098617,-0.0290341891057451,0.0025));
#6240=CARTESIAN_POINT('',(0.0471882134098617,-0.0290341891057451,-8.67361737988404E-19));
#6241=CARTESIAN_POINT('',(0.0468658605507625,-0.0281971428804596,0.0025));
#6242=CARTESIAN_POINT('',(0.0468658605507625,-0.0281971428804596,1.30104260698261E-18));
#6243=CARTESIAN_POINT('',(0.0466076736657238,-0.0275266234042236,0.0025));
#6244=CARTESIAN_POINT('',(0.0466076736657238,-0.0275266234042236,-8.67361737988404E-19));
#6245=CARTESIAN_POINT('',(0.0464727966303763,-0.027176296372597,0.0025));
#6246=CARTESIAN_POINT('',(0.0464727966303763,-0.027176296372597,4.33680868994202E-19));
#6247=CARTESIAN_POINT('',(0.0463806497327934,-0.0269369214652876,0.0025));
#6248=CARTESIAN_POINT('',(0.0463806497327934,-0.0269369214652876,4.33680868994202E-19));
#6249=CARTESIAN_POINT('',(0.0463199102570402,-0.0267791161039958,0.0025));
#6250=CARTESIAN_POINT('',(0.0463199102570402,-0.0267791161039958,-4.33680868994202E-19));
#6251=CARTESIAN_POINT('',(0.0462745654258989,-0.0266612864163319,0.0025));
#6252=CARTESIAN_POINT('',(0.0462745654258989,-0.0266612864163319,0.));
#6253=CARTESIAN_POINT('',(0.0462489544789431,-0.0265947269635903,0.0025));
#6254=CARTESIAN_POINT('',(0.0462489544789431,-0.0265947269635903,-4.33680868994202E-19));
#6255=CARTESIAN_POINT('',(0.0462311700094165,-0.0265485011700825,0.0025));
#6256=CARTESIAN_POINT('',(0.0462311700094165,-0.0265485011700825,4.33680868994202E-19));
#6257=CARTESIAN_POINT('',(0.046229999579431,-0.0265454604953155,0.0025));
#6258=CARTESIAN_POINT('',(0.046229999579431,-0.0265454604953155,0.));
#6259=CARTESIAN_POINT('',(0.0461847126467468,-0.0264277358225901,0.0025));
#6260=CARTESIAN_POINT('',(0.0461847126467468,-0.0264277358225901,4.33680868994202E-19));
#6261=CARTESIAN_POINT('',(0.0461407768710435,-0.026313508605571,0.0025));
#6262=CARTESIAN_POINT('',(0.0461407768710435,-0.026313508605571,0.));
#6263=CARTESIAN_POINT('',(0.0460588182778024,-0.0261003975681414,0.0025));
#6264=CARTESIAN_POINT('',(0.0460588182778024,-0.0261003975681414,4.33680868994202E-19));
#6265=CARTESIAN_POINT('',(0.0459518375197726,-0.0258221230781645,0.0025));
#6266=CARTESIAN_POINT('',(0.0459518375197726,-0.0258221230781645,-4.33680868994202E-19));
#6267=CARTESIAN_POINT('',(0.0458318578652936,-0.0255098738793136,0.0025));
#6268=CARTESIAN_POINT('',(0.0458318578652936,-0.0255098738793136,4.33680868994202E-19));
#6269=CARTESIAN_POINT('',(0.0456860810332829,-0.025130250955134,0.0025));
#6270=CARTESIAN_POINT('',(0.0456860810332829,-0.025130250955134,0.));
#6271=CARTESIAN_POINT('',(0.045559134978507,-0.0247992606488531,0.0025));
#6272=CARTESIAN_POINT('',(0.045559134978507,-0.0247992606488531,4.33680868994202E-19));
#6273=CARTESIAN_POINT('',(0.0454685862436012,-0.0245628064375989,0.0025));
#6274=CARTESIAN_POINT('',(0.0454685862436012,-0.0245628064375989,-4.33680868994202E-19));
#6275=CARTESIAN_POINT('',(0.0454175366155275,-0.0244293314442203,0.0025));
#6276=CARTESIAN_POINT('',(0.0454175366155275,-0.0244293314442203,8.67361737988404E-19));
#6277=CARTESIAN_POINT('',(0.0453939567165416,-0.0243676575677396,0.0025));
#6278=CARTESIAN_POINT('',(0.0453939567165416,-0.0243676575677396,0.));
#6279=CARTESIAN_POINT('',(0.0453263014676136,-0.0241904644978962,0.0025));
#6280=CARTESIAN_POINT('',(0.0453263014676136,-0.0241904644978962,4.33680868994202E-19));
#6281=CARTESIAN_POINT('',(0.0452529643910017,-0.0239980880077413,0.0025));
#6282=CARTESIAN_POINT('',(0.0452529643910017,-0.0239980880077413,0.));
#6283=CARTESIAN_POINT('',(0.0451204947772966,-0.0236499471126136,0.0025));
#6284=CARTESIAN_POINT('',(0.0451204947772966,-0.0236499471126136,0.));
#6285=CARTESIAN_POINT('',(0.0449435466460997,-0.0231827896794665,0.0025));
#6286=CARTESIAN_POINT('',(0.0449435466460997,-0.0231827896794665,-4.33680868994202E-19));
#6287=CARTESIAN_POINT('',(0.0447788329020182,-0.0227451863171062,0.0025));
#6288=CARTESIAN_POINT('',(0.0447788329020182,-0.0227451863171062,0.));
#6289=CARTESIAN_POINT('',(0.0446506999838514,-0.0224027687626817,0.0025));
#6290=CARTESIAN_POINT('',(0.0446506999838514,-0.0224027687626817,0.));
#6291=CARTESIAN_POINT('',(0.0445684723907513,-0.0221822859486639,0.0025));
#6292=CARTESIAN_POINT('',(0.0445684723907513,-0.0221822859486639,0.));
#6293=CARTESIAN_POINT('',(0.0444503553497282,-0.0218640212934877,0.0025));
#6294=CARTESIAN_POINT('',(0.0444503553497282,-0.0218640212934877,0.));
#6295=CARTESIAN_POINT('',(0.0443102609781144,-0.0214842248229447,0.0025));
#6296=CARTESIAN_POINT('',(0.0443102609781144,-0.0214842248229447,0.));
#6297=CARTESIAN_POINT('',(0.0441387448526075,-0.0210154171253119,0.0025));
#6298=CARTESIAN_POINT('',(0.0441387448526075,-0.0210154171253119,-4.33680868994202E-19));
#6299=CARTESIAN_POINT('',(0.0439427531609204,-0.0204722989814019,0.0025));
#6300=CARTESIAN_POINT('',(0.0439427531609204,-0.0204722989814019,0.));
#6301=CARTESIAN_POINT('',(0.0437726332388615,-0.0199949259361643,0.0025));
#6302=CARTESIAN_POINT('',(0.0437726332388615,-0.0199949259361643,8.67361737988404E-19));
#6303=CARTESIAN_POINT('',(0.0435601439270978,-0.0193881714995311,0.0025));
#6304=CARTESIAN_POINT('',(0.0435601439270978,-0.0193881714995311,-4.33680868994202E-19));
#6305=CARTESIAN_POINT('',(0.0433075007297906,-0.0186511088860637,0.0025));
#6306=CARTESIAN_POINT('',(0.0433075007297906,-0.0186511088860637,0.));
#6307=CARTESIAN_POINT('',(0.043128012588677,-0.018110496065289,0.0025));
#6308=CARTESIAN_POINT('',(0.043128012588677,-0.018110496065289,0.));
#6309=CARTESIAN_POINT('',(0.0430155197325208,-0.0177631418106365,0.0025));
#6310=CARTESIAN_POINT('',(0.0430155197325208,-0.0177631418106365,0.));
#6311=CARTESIAN_POINT('',(0.0495745364407081,-0.0352352073049199,0.0025));
#6312=CARTESIAN_POINT('',(0.0493598933253948,-0.0346761360558717,0.0025));
#6313=CARTESIAN_POINT('',(0.0489892030604091,-0.033711698946077,0.0025));
#6314=CARTESIAN_POINT('',(0.0484730697913646,-0.0323704957998671,0.0025));
#6315=CARTESIAN_POINT('',(0.0481924793407356,-0.0316417112019601,0.0025));
#6316=CARTESIAN_POINT('',(0.0480487648389941,-0.0312685156903064,0.0025));
#6317=CARTESIAN_POINT('',(0.0479621036678203,-0.0310434981761999,0.0025));
#6318=CARTESIAN_POINT('',(0.0479048915700636,-0.0308949560430661,0.0025));
#6319=CARTESIAN_POINT('',(0.0478142743480215,-0.0306596893619989,0.0025));
#6320=CARTESIAN_POINT('',(0.0477084427815144,-0.0303849172852925,0.0025));
#6321=CARTESIAN_POINT('',(0.047524447226923,-0.0299072007060223,0.0025));
#6322=CARTESIAN_POINT('',(0.0471883392822406,-0.0290345156232978,0.0025));
#6323=CARTESIAN_POINT('',(0.0468660110462387,-0.0281975332722729,0.0025));
#6324=CARTESIAN_POINT('',(0.0466078120597521,-0.027526982404435,0.0025));
#6325=CARTESIAN_POINT('',(0.0464729124114932,-0.027176596713364,0.0025));
#6326=CARTESIAN_POINT('',(0.046380738569882,-0.0269371519133194,0.0025));
#6327=CARTESIAN_POINT('',(0.0463199738616712,-0.0267792810941492,0.0025));
#6328=CARTESIAN_POINT('',(0.0462746058766234,-0.0266613913561228,0.0025));
#6329=CARTESIAN_POINT('',(0.0462489735404156,-0.0265947763975457,0.0025));
#6330=CARTESIAN_POINT('',(0.0462311812922134,-0.0265485304597724,0.0025));
#6331=CARTESIAN_POINT('',(0.0462299906389399,-0.0265454372206245,0.0025));
#6332=CARTESIAN_POINT('',(0.0461847371259139,-0.0264277996316646,0.0025));
#6333=CARTESIAN_POINT('',(0.0461408248275837,-0.0263136336344664,0.0025));
#6334=CARTESIAN_POINT('',(0.0460589113372751,-0.0261006401730077,0.0025));
#6335=CARTESIAN_POINT('',(0.045951976216418,-0.0258224846647628,0.0025));
#6336=CARTESIAN_POINT('',(0.0458320308940253,-0.0255103249703678,0.0025));
#6337=CARTESIAN_POINT('',(0.0456862685205283,-0.0251307397336415,0.0025));
#6338=CARTESIAN_POINT('',(0.0455592951124661,-0.0247996781576633,0.0025));
#6339=CARTESIAN_POINT('',(0.0454686751818526,-0.0245630382531468,0.0025));
#6340=CARTESIAN_POINT('',(0.0454175853278535,-0.0244294585239227,0.0025));
#6341=CARTESIAN_POINT('',(0.0453939366565147,-0.0243676049442082,0.0025));
#6342=CARTESIAN_POINT('',(0.0453263329953951,-0.0241905479123195,0.0025));
#6343=CARTESIAN_POINT('',(0.0452530170087835,-0.0239982275381379,0.0025));
#6344=CARTESIAN_POINT('',(0.0451205922413514,-0.0236502053488509,0.0025));
#6345=CARTESIAN_POINT('',(0.0449436655847965,-0.0231831049757522,0.0025));
#6346=CARTESIAN_POINT('',(0.0447789240312271,-0.0227454276517978,0.0025));
#6347=CARTESIAN_POINT('',(0.0446507575977455,-0.0224029217578835,0.0025));
#6348=CARTESIAN_POINT('',(0.0445684455247058,-0.0221822135844251,0.0025));
#6349=CARTESIAN_POINT('',(0.0444504052000161,-0.021864157755241,0.0025));
#6350=CARTESIAN_POINT('',(0.044310337869998,-0.02148443610955,0.0025));
#6351=CARTESIAN_POINT('',(0.0441388435738905,-0.0210156877935267,0.0025));
#6352=CARTESIAN_POINT('',(0.043942840416278,-0.0204725393283545,0.0025));
#6353=CARTESIAN_POINT('',(0.043772601496018,-0.0199948357027102,0.0025));
#6354=CARTESIAN_POINT('',(0.0435601836431141,-0.0193882920863948,0.0025));
#6355=CARTESIAN_POINT('',(0.0433075380171133,-0.0186512252501649,0.0025));
#6356=CARTESIAN_POINT('',(0.04312803703545,-0.0181105715517767,0.0025));
#6357=CARTESIAN_POINT('',(0.0430155197325208,-0.0177631418106365,0.0025));
#6358=CARTESIAN_POINT('',(0.049574536440708,-0.035235207304919,0.0025));
#6359=CARTESIAN_POINT('',(0.0430155197322709,-0.0177631418107182,0.0025));
#6360=CARTESIAN_POINT('',(0.049574536440708,-0.035235207304919,0.0025));
#6361=CARTESIAN_POINT('',(0.0430155197322709,-0.0177631418107182,0.0025));
#6362=CARTESIAN_POINT('',(0.088087672078665,-0.0384568716566727,0.00250000000043656));
#6363=CARTESIAN_POINT('',(0.088087672078665,-0.0384568716566727,0.0025));
#6364=CARTESIAN_POINT('',(0.0881134836564199,-0.0383795617577817,0.0025));
#6365=CARTESIAN_POINT('',(0.08806210461104,-0.0385328856981006,0.0025));
#6366=CARTESIAN_POINT('',(0.0881134836564199,-0.0383795617577817,0.0025));
#6367=CARTESIAN_POINT('',(0.08806210461104,-0.0385328856981006,0.0025));
#6368=CARTESIAN_POINT('',(0.043015519732021,-0.0177631418108,0.0025));
#6369=CARTESIAN_POINT('',(0.043015519732021,-0.0177631418108,0.));
#6370=CARTESIAN_POINT('',(0.0427929563346566,-0.0170759130394041,0.0025));
#6371=CARTESIAN_POINT('',(0.0427929563346566,-0.0170759130394041,0.));
#6372=CARTESIAN_POINT('',(0.042365797106285,-0.0156856817355203,0.0025));
#6373=CARTESIAN_POINT('',(0.042365797106285,-0.0156856817355203,0.));
#6374=CARTESIAN_POINT('',(0.0415367236502207,-0.0124921293589585,0.0025));
#6375=CARTESIAN_POINT('',(0.0415367236502207,-0.0124921293589585,4.33680868994202E-19));
#6376=CARTESIAN_POINT('',(0.0405738061516077,-0.00758085873521308,0.0025));
#6377=CARTESIAN_POINT('',(0.0405738061516077,-0.00758085873521308,-8.67361737988404E-19));
#6378=CARTESIAN_POINT('',(0.040059301246573,-0.00262594649073235,0.0025));
#6379=CARTESIAN_POINT('',(0.040059301246573,-0.00262594649073235,8.67361737988404E-19));
#6380=CARTESIAN_POINT('',(0.0400204527002478,0.000651446015390393,0.0025));
#6381=CARTESIAN_POINT('',(0.0400204527002478,0.000651446015390393,-4.33680868994202E-19));
#6382=CARTESIAN_POINT('',(0.0400872537333614,0.00209845338399147,0.0025));
#6383=CARTESIAN_POINT('',(0.0400872537333614,0.00209845338399147,0.));
#6384=CARTESIAN_POINT('',(0.040122112345796,0.00281732327469974,0.0025));
#6385=CARTESIAN_POINT('',(0.040122112345796,0.00281732327469974,0.));
#6386=CARTESIAN_POINT('',(0.0430689349473884,-0.017928076715935,0.0025));
#6387=CARTESIAN_POINT('',(0.043058251904315,-0.0178950897349079,0.0025));
#6388=CARTESIAN_POINT('',(0.0430475688612415,-0.017862102753881,0.0025));
#6389=CARTESIAN_POINT('',(0.043036885818168,-0.017829115772854,0.0025));
#6390=CARTESIAN_POINT('',(0.0430262027750945,-0.0177961287918269,0.0025));
#6391=CARTESIAN_POINT('',(0.043015519732021,-0.0177631418108,0.0025));
#6392=CARTESIAN_POINT('',(0.041947215424672,-0.0144644437080998,0.0025));
#6393=CARTESIAN_POINT('',(0.041070927655439,-0.0111035598314011,0.0025));
#6394=CARTESIAN_POINT('',(0.039787469666423,-0.00408382767600024,0.0025));
#6395=CARTESIAN_POINT('',(0.03995479100611,-0.000633252200699985,0.0025));
#6396=CARTESIAN_POINT('',(0.040122112345796,0.00281732327469974,0.0025));
#6397=CARTESIAN_POINT('',(0.040122112345796,0.00281732327469974,0.0025));
#6398=CARTESIAN_POINT('',(0.040122112345796,0.00281732327469974,0.0025));
#6399=CARTESIAN_POINT('',(0.0508787747716444,-0.0384169133270919,0.0025));
#6400=CARTESIAN_POINT('',(0.0508787747716444,-0.0384169133270919,0.));
#6401=CARTESIAN_POINT('',(0.0507751974826114,-0.0381941869893212,0.0025));
#6402=CARTESIAN_POINT('',(0.0507751974826114,-0.0381941869893212,0.));
#6403=CARTESIAN_POINT('',(0.0506138184978926,-0.0378324194931838,0.0025));
#6404=CARTESIAN_POINT('',(0.0506138184978926,-0.0378324194931838,8.67361737988404E-19));
#6405=CARTESIAN_POINT('',(0.0504091611369803,-0.0373473136950129,0.0025));
#6406=CARTESIAN_POINT('',(0.0504091611369803,-0.0373473136950129,-4.33680868994202E-19));
#6407=CARTESIAN_POINT('',(0.0502942295816121,-0.0370687918765333,0.0025));
#6408=CARTESIAN_POINT('',(0.0502942295816121,-0.0370687918765333,8.67361737988404E-19));
#6409=CARTESIAN_POINT('',(0.0501906245459097,-0.0368133327985484,0.0025));
#6410=CARTESIAN_POINT('',(0.0501906245459097,-0.0368133327985484,-4.33680868994202E-19));
#6411=CARTESIAN_POINT('',(0.0501449436449547,-0.0366991133489612,0.0025));
#6412=CARTESIAN_POINT('',(0.0501449436449547,-0.0366991133489612,0.));
#6413=CARTESIAN_POINT('',(0.0500545958141306,-0.0364720195054825,0.0025));
#6414=CARTESIAN_POINT('',(0.0500545958141306,-0.0364720195054825,0.));
#6415=CARTESIAN_POINT('',(0.049887655165752,-0.0360470878274777,0.0025));
#6416=CARTESIAN_POINT('',(0.049887655165752,-0.0360470878274777,4.33680868994202E-19));
#6417=CARTESIAN_POINT('',(0.0497080882767413,-0.035583063750475,0.0025));
#6418=CARTESIAN_POINT('',(0.0497080882767413,-0.035583063750475,0.));
#6419=CARTESIAN_POINT('',(0.049574536440708,-0.0352352073049181,0.0025));
#6420=CARTESIAN_POINT('',(0.049574536440708,-0.0352352073049181,0.));
#6421=CARTESIAN_POINT('',(0.0508787747716444,-0.0384169133270919,0.0025));
#6422=CARTESIAN_POINT('',(0.0507752252876497,-0.0381942467795938,0.0025));
#6423=CARTESIAN_POINT('',(0.050613868881413,-0.0378325282906629,0.0025));
#6424=CARTESIAN_POINT('',(0.0504091953314886,-0.0373473866170765,0.0025));
#6425=CARTESIAN_POINT('',(0.0502942527218837,-0.037068842699517,0.0025));
#6426=CARTESIAN_POINT('',(0.0501906100362123,-0.0368132975335187,0.0025));
#6427=CARTESIAN_POINT('',(0.0501449785434727,-0.0366992035860966,0.0025));
#6428=CARTESIAN_POINT('',(0.0500546521133521,-0.036472166523504,0.0025));
#6429=CARTESIAN_POINT('',(0.0498877351867664,-0.0360472959711227,0.0025));
#6430=CARTESIAN_POINT('',(0.0497081329836416,-0.0355831801965225,0.0025));
#6431=CARTESIAN_POINT('',(0.049574536440708,-0.0352352073049181,0.0025));
#6432=CARTESIAN_POINT('',(0.0508787747819547,-0.0384169133222967,0.0025));
#6433=CARTESIAN_POINT('',(0.0508787747819547,-0.0384169133222967,0.0025));
#6434=CARTESIAN_POINT('',(0.08806210461104,-0.0385328856981015,0.00250000000000001));
#6435=CARTESIAN_POINT('',(0.08806210461104,-0.0385328856981015,0.));
#6436=CARTESIAN_POINT('',(0.0878922150697881,-0.0390338335871659,0.00250000000000001));
#6437=CARTESIAN_POINT('',(0.0878922150697881,-0.0390338335871659,0.));
#6438=CARTESIAN_POINT('',(0.0875172081822901,-0.0400199782507715,0.00250000000000001));
#6439=CARTESIAN_POINT('',(0.0875172081822901,-0.0400199782507715,0.));
#6440=CARTESIAN_POINT('',(0.0867562352351473,-0.0412517121510534,0.00250000000000001));
#6441=CARTESIAN_POINT('',(0.0867562352351473,-0.0412517121510534,-4.33680868994202E-19));
#6442=CARTESIAN_POINT('',(0.0858975046086378,-0.0420018317604921,0.00250000000000001));
#6443=CARTESIAN_POINT('',(0.0858975046086378,-0.0420018317604921,8.67361737988404E-19));
#6444=CARTESIAN_POINT('',(0.0850675253539561,-0.0424382263855753,0.00250000000000001));
#6445=CARTESIAN_POINT('',(0.0850675253539561,-0.0424382263855753,-4.33680868994202E-19));
#6446=CARTESIAN_POINT('',(0.0844940190021602,-0.0426485777370572,0.00250000000000001));
#6447=CARTESIAN_POINT('',(0.0844940190021602,-0.0426485777370572,0.));
#6448=CARTESIAN_POINT('',(0.0840074343397778,-0.0427837671150257,0.00250000000000001));
#6449=CARTESIAN_POINT('',(0.0840074343397778,-0.0427837671150257,-8.67361737988404E-19));
#6450=CARTESIAN_POINT('',(0.0836310958268381,-0.0428699008217756,0.00250000000000001));
#6451=CARTESIAN_POINT('',(0.0836310958268381,-0.0428699008217756,0.));
#6452=CARTESIAN_POINT('',(0.0833084453765315,-0.0429302863048585,0.00250000000000001));
#6453=CARTESIAN_POINT('',(0.0833084453765315,-0.0429302863048585,4.33680868994202E-19));
#6454=CARTESIAN_POINT('',(0.0830497102513302,-0.0429720709950611,0.00250000000000001));
#6455=CARTESIAN_POINT('',(0.0830497102513302,-0.0429720709950611,0.));
#6456=CARTESIAN_POINT('',(0.0828809279294109,-0.0429964965421862,0.00250000000000001));
#6457=CARTESIAN_POINT('',(0.0828809279294109,-0.0429964965421862,-4.33680868994202E-19));
#6458=CARTESIAN_POINT('',(0.0827593621680161,-0.043012977706104,0.00250000000000001));
#6459=CARTESIAN_POINT('',(0.0827593621680161,-0.043012977706104,4.33680868994202E-19));
#6460=CARTESIAN_POINT('',(0.0826301084816209,-0.0430293172877076,0.00250000000000001));
#6461=CARTESIAN_POINT('',(0.0826301084816209,-0.0430293172877076,-4.33680868994202E-19));
#6462=CARTESIAN_POINT('',(0.0826456026253367,-0.0430273148559165,0.00250000000000001));
#6463=CARTESIAN_POINT('',(0.0826456026253367,-0.0430273148559165,0.));
#6464=CARTESIAN_POINT('',(0.0826204327724818,-0.0430304471565276,0.00250000000000001));
#6465=CARTESIAN_POINT('',(0.0826204327724818,-0.0430304471565276,0.));
#6466=CARTESIAN_POINT('',(0.0826046324016743,-0.0430323512115553,0.00250000000000001));
#6467=CARTESIAN_POINT('',(0.0826046324016743,-0.0430323512115553,0.));
#6468=CARTESIAN_POINT('',(0.0825538126659141,-0.0430384813708165,0.00250000000000001));
#6469=CARTESIAN_POINT('',(0.0825538126659141,-0.0430384813708165,1.30104260698261E-18));
#6470=CARTESIAN_POINT('',(0.0824829721820599,-0.0430467090425421,0.00250000000000001));
#6471=CARTESIAN_POINT('',(0.0824829721820599,-0.0430467090425421,-8.67361737988404E-19));
#6472=CARTESIAN_POINT('',(0.0823853777816164,-0.043057491638074,0.00250000000000001));
#6473=CARTESIAN_POINT('',(0.0823853777816164,-0.043057491638074,0.));
#6474=CARTESIAN_POINT('',(0.0822562666495935,-0.0430709838372055,0.00250000000000001));
#6475=CARTESIAN_POINT('',(0.0822562666495935,-0.0430709838372055,0.));
#6476=CARTESIAN_POINT('',(0.0820943919185995,-0.0430865416448826,0.00250000000000001));
#6477=CARTESIAN_POINT('',(0.0820943919185995,-0.0430865416448826,-4.33680868994202E-19));
#6478=CARTESIAN_POINT('',(0.0819001336469457,-0.0431031753546178,0.00250000000000001));
#6479=CARTESIAN_POINT('',(0.0819001336469457,-0.0431031753546178,0.));
#6480=CARTESIAN_POINT('',(0.0816408681806419,-0.0431228759114172,0.00250000000000001));
#6481=CARTESIAN_POINT('',(0.0816408681806419,-0.0431228759114172,8.67361737988404E-19));
#6482=CARTESIAN_POINT('',(0.0813164759345783,-0.0431432161584854,0.00250000000000001));
#6483=CARTESIAN_POINT('',(0.0813164759345783,-0.0431432161584854,-4.33680868994202E-19));
#6484=CARTESIAN_POINT('',(0.0809268144203661,-0.0431620014850999,0.00250000000000001));
#6485=CARTESIAN_POINT('',(0.0809268144203661,-0.0431620014850999,-4.33680868994202E-19));
#6486=CARTESIAN_POINT('',(0.0804069362972735,-0.0431810945988928,0.00250000000000001));
#6487=CARTESIAN_POINT('',(0.0804069362972735,-0.0431810945988928,-4.33680868994202E-19));
#6488=CARTESIAN_POINT('',(0.0797568977230864,-0.043197334674832,0.00250000000000001));
#6489=CARTESIAN_POINT('',(0.0797568977230864,-0.043197334674832,1.73472347597681E-18));
#6490=CARTESIAN_POINT('',(0.0789767460366435,-0.0432082917797054,0.00250000000000001));
#6491=CARTESIAN_POINT('',(0.0789767460366435,-0.0432082917797054,8.67361737988404E-19));
#6492=CARTESIAN_POINT('',(0.0781965018748934,-0.0432131988962407,0.00250000000000001));
#6493=CARTESIAN_POINT('',(0.0781965018748934,-0.0432131988962407,8.67361737988404E-19));
#6494=CARTESIAN_POINT('',(0.0771561341956468,-0.0432153972385515,0.00250000000000001));
#6495=CARTESIAN_POINT('',(0.0771561341956468,-0.0432153972385515,8.67361737988404E-19));
#6496=CARTESIAN_POINT('',(0.0758557144566234,-0.043216707838018,0.00250000000000001));
#6497=CARTESIAN_POINT('',(0.0758557144566234,-0.043216707838018,8.67361737988404E-19));
#6498=CARTESIAN_POINT('',(0.0742952462496855,-0.0432171283497488,0.00250000000000001));
#6499=CARTESIAN_POINT('',(0.0742952462496855,-0.0432171283497488,-8.67361737988404E-19));
#6500=CARTESIAN_POINT('',(0.0727347796317375,-0.0432178221549141,0.00250000000000001));
#6501=CARTESIAN_POINT('',(0.0727347796317375,-0.0432178221549141,4.33680868994202E-19));
#6502=CARTESIAN_POINT('',(0.0711743029691101,-0.0432191010804693,0.00250000000000001));
#6503=CARTESIAN_POINT('',(0.0711743029691101,-0.0432191010804693,4.33680868994202E-19));
#6504=CARTESIAN_POINT('',(0.0696138227617788,-0.0432203592353093,0.00250000000000001));
#6505=CARTESIAN_POINT('',(0.0696138227617788,-0.0432203592353093,-4.33680868994202E-19));
#6506=CARTESIAN_POINT('',(0.0680533412894272,-0.0432212323963461,0.00250000000000001));
#6507=CARTESIAN_POINT('',(0.0680533412894272,-0.0432212323963461,8.67361737988404E-19));
#6508=CARTESIAN_POINT('',(0.0667529425090285,-0.0432211622336681,0.00250000000000001));
#6509=CARTESIAN_POINT('',(0.0667529425090285,-0.0432211622336681,-8.67361737988404E-19));
#6510=CARTESIAN_POINT('',(0.0646723068185858,-0.0432203499017207,0.00250000000000001));
#6511=CARTESIAN_POINT('',(0.0646723068185858,-0.0432203499017207,3.46944695195361E-18));
#6512=CARTESIAN_POINT('',(0.0629817902523367,-0.0432194042783534,0.00250000000000002));
#6513=CARTESIAN_POINT('',(0.0629817902523367,-0.0432194042783534,1.17093834628435E-17));
#6514=CARTESIAN_POINT('',(0.0614213014621692,-0.0432209795748036,0.00250000000000001));
#6515=CARTESIAN_POINT('',(0.0614213014621692,-0.0432209795748036,-1.30104260698261E-18));
#6516=CARTESIAN_POINT('',(0.0610961991907415,-0.0432214123194785,0.00250000000000001));
#6517=CARTESIAN_POINT('',(0.0610961991907415,-0.0432214123194785,4.33680868994202E-19));
#6518=CARTESIAN_POINT('',(0.0607710963518655,-0.0432219271487629,0.00250000000000001));
#6519=CARTESIAN_POINT('',(0.0607710963518655,-0.0432219271487629,4.33680868994202E-19));
#6520=CARTESIAN_POINT('',(0.0605110111771277,-0.0432224318331071,0.0025));
#6521=CARTESIAN_POINT('',(0.0605110111771277,-0.0432224318331071,-3.03576608295941E-18));
#6522=CARTESIAN_POINT('',(0.0602509379110163,-0.0432226408373343,0.00250000000000001));
#6523=CARTESIAN_POINT('',(0.0602509379110163,-0.0432226408373343,4.33680868994202E-19));
#6524=CARTESIAN_POINT('',(0.0600883756541482,-0.0432225595978528,0.00250000000000001));
#6525=CARTESIAN_POINT('',(0.0600883756541482,-0.0432225595978528,0.));
#6526=CARTESIAN_POINT('',(0.0599583693096887,-0.0432223157707543,0.00250000000000001));
#6527=CARTESIAN_POINT('',(0.0599583693096887,-0.0432223157707543,0.));
#6528=CARTESIAN_POINT('',(0.0598770212967636,-0.0432220773738232,0.00250000000000001));
#6529=CARTESIAN_POINT('',(0.0598770212967636,-0.0432220773738232,4.33680868994202E-19));
#6530=CARTESIAN_POINT('',(0.0598121607757148,-0.0432218302944641,0.0025));
#6531=CARTESIAN_POINT('',(0.0598121607757148,-0.0432218302944641,-2.60208521396521E-18));
#6532=CARTESIAN_POINT('',(0.0597711273427206,-0.0432216473378222,0.00250000000000001));
#6533=CARTESIAN_POINT('',(0.0597711273427206,-0.0432216473378222,5.20417042793042E-18));
#6534=CARTESIAN_POINT('',(0.0597394364798621,-0.0432214920802653,0.00250000000000001));
#6535=CARTESIAN_POINT('',(0.0597394364798621,-0.0432214920802653,-8.67361737988404E-19));
#6536=CARTESIAN_POINT('',(0.0597170383707982,-0.0432213718458721,0.00250000000000001));
#6537=CARTESIAN_POINT('',(0.0597170383707982,-0.0432213718458721,2.16840434497101E-18));
#6538=CARTESIAN_POINT('',(0.0597065532030685,-0.0432213167412059,0.0025));
#6539=CARTESIAN_POINT('',(0.0597065532030685,-0.0432213167412059,-2.60208521396521E-18));
#6540=CARTESIAN_POINT('',(0.0596924360094466,-0.0432212329480679,0.00250000000000001));
#6541=CARTESIAN_POINT('',(0.0596924360094466,-0.0432212329480679,-1.30104260698261E-18));
#6542=CARTESIAN_POINT('',(0.0597047413091145,-0.0432213139242354,0.0025));
#6543=CARTESIAN_POINT('',(0.0597047413091145,-0.0432213139242354,-3.03576608295941E-18));
#6544=CARTESIAN_POINT('',(0.0596085392285508,-0.0432207203350622,0.00250000000000001));
#6545=CARTESIAN_POINT('',(0.0596085392285508,-0.0432207203350622,8.67361737988404E-19));
#6546=CARTESIAN_POINT('',(0.0595181308123721,-0.0432200251694795,0.00250000000000001));
#6547=CARTESIAN_POINT('',(0.0595181308123721,-0.0432200251694795,0.));
#6548=CARTESIAN_POINT('',(0.05934234521428,-0.0432184000296876,0.00250000000000001));
#6549=CARTESIAN_POINT('',(0.05934234521428,-0.0432184000296876,-4.33680868994202E-19));
#6550=CARTESIAN_POINT('',(0.0591007604322426,-0.0432151302083197,0.00250000000000001));
#6551=CARTESIAN_POINT('',(0.0591007604322426,-0.0432151302083197,4.33680868994202E-19));
#6552=CARTESIAN_POINT('',(0.0587104632303657,-0.0432072567275189,0.00250000000000001));
#6553=CARTESIAN_POINT('',(0.0587104632303657,-0.0432072567275189,-8.67361737988404E-19));
#6554=CARTESIAN_POINT('',(0.0582281239991273,-0.0431915870246859,0.00250000000000001));
#6555=CARTESIAN_POINT('',(0.0582281239991273,-0.0431915870246859,4.33680868994202E-19));
#6556=CARTESIAN_POINT('',(0.0576580135179976,-0.0431602783249408,0.00250000000000001));
#6557=CARTESIAN_POINT('',(0.0576580135179976,-0.0431602783249408,1.73472347597681E-18));
#6558=CARTESIAN_POINT('',(0.0569146646298742,-0.0430974975989339,0.00250000000000001));
#6559=CARTESIAN_POINT('',(0.0569146646298742,-0.0430974975989339,-1.30104260698261E-18));
#6560=CARTESIAN_POINT('',(0.0560230061149565,-0.0429712265466782,0.00250000000000001));
#6561=CARTESIAN_POINT('',(0.0560230061149565,-0.0429712265466782,8.67361737988404E-19));
#6562=CARTESIAN_POINT('',(0.0550291549923934,-0.0427176379553915,0.00250000000000001));
#6563=CARTESIAN_POINT('',(0.0550291549923934,-0.0427176379553915,-4.33680868994202E-19));
#6564=CARTESIAN_POINT('',(0.0541213025391114,-0.0423397554749851,0.00250000000000001));
#6565=CARTESIAN_POINT('',(0.0541213025391114,-0.0423397554749851,0.));
#6566=CARTESIAN_POINT('',(0.0530312647932047,-0.0416503648547167,0.00250000000000001));
#6567=CARTESIAN_POINT('',(0.0530312647932047,-0.0416503648547167,0.));
#6568=CARTESIAN_POINT('',(0.0518958564062153,-0.0404175936754187,0.00250000000000001));
#6569=CARTESIAN_POINT('',(0.0518958564062153,-0.0404175936754187,-4.33680868994202E-19));
#6570=CARTESIAN_POINT('',(0.0511951931032685,-0.0390973201701471,0.00250000000000001));
#6571=CARTESIAN_POINT('',(0.0511951931032685,-0.0390973201701471,0.));
#6572=CARTESIAN_POINT('',(0.050878774792265,-0.0384169133175014,0.00250000000000001));
#6573=CARTESIAN_POINT('',(0.050878774792265,-0.0384169133175014,0.));
#6574=CARTESIAN_POINT('',(0.08806210461104,-0.0385328856981015,0.0025));
#6575=CARTESIAN_POINT('',(0.087539528609604,-0.0400737889395017,0.0025));
#6576=CARTESIAN_POINT('',(0.086878413367053,-0.0415677085153004,0.0025));
#6577=CARTESIAN_POINT('',(0.085867900573584,-0.0424097763771005,0.0025));
#6578=CARTESIAN_POINT('',(0.084273068760104,-0.0428251090884011,0.0025));
#6579=CARTESIAN_POINT('',(0.082651663133707,-0.0430265798422002,0.0025));
#6580=CARTESIAN_POINT('',(0.082199555118932,-0.0430827573594002,0.0025));
#6581=CARTESIAN_POINT('',(0.081745961471208,-0.0431222349549998,0.0025));
#6582=CARTESIAN_POINT('',(0.081291352466057,-0.0431490324740018,0.0025));
#6583=CARTESIAN_POINT('',(0.080245424909245,-0.0431907113026994,0.0025));
#6584=CARTESIAN_POINT('',(0.079199102327057,-0.0432078859374005,0.0025));
#6585=CARTESIAN_POINT('',(0.078608025594752,-0.0432122343138008,0.0025));
#6586=CARTESIAN_POINT('',(0.077248415829669,-0.0432155953510005,0.0025));
#6587=CARTESIAN_POINT('',(0.075888867621212,-0.0432167247814004,0.0025));
#6588=CARTESIAN_POINT('',(0.075120415801019,-0.0432169583424997,0.0025));
#6589=CARTESIAN_POINT('',(0.073114533075364,-0.0432173156243998,0.0025));
#6590=CARTESIAN_POINT('',(0.071108631041879,-0.0432191137117002,0.0025));
#6591=CARTESIAN_POINT('',(0.069871179642625,-0.0432203150159012,0.0025));
#6592=CARTESIAN_POINT('',(0.06731383820065,-0.043222044970701,0.0025));
#6593=CARTESIAN_POINT('',(0.064756509345733,-0.0432202707327995,0.0025));
#6594=CARTESIAN_POINT('',(0.063436625264087,-0.0432194190931998,0.0025));
#6595=CARTESIAN_POINT('',(0.061895459351048,-0.0432196642425016,0.0025));
#6596=CARTESIAN_POINT('',(0.060354280123752,-0.0432227167792014,0.0025));
#6597=CARTESIAN_POINT('',(0.060133004487615,-0.0432228974129991,0.0025));
#6598=CARTESIAN_POINT('',(0.059911734554349,-0.0432225048919008,0.0025));
#6599=CARTESIAN_POINT('',(0.059690473312622,-0.043221223702,0.0025));
#6600=CARTESIAN_POINT('',(0.057282624026958,-0.0432072813042001,0.0025));
#6601=CARTESIAN_POINT('',(0.054875384146343,-0.0430880947772998,0.0025));
#6602=CARTESIAN_POINT('',(0.053088533677138,-0.0424803574782011,0.0025));
#6603=CARTESIAN_POINT('',(0.051852069643301,-0.0405098278653018,0.0025));
#6604=CARTESIAN_POINT('',(0.050878774792265,-0.0384169133175014,0.0025));
#6605=CARTESIAN_POINT('',(0.0756393136142874,-0.0432166450382988,0.002));
#6606=CARTESIAN_POINT('',(0.0756393136142874,-0.0432166450382988,0.002));
#6607=CARTESIAN_POINT('',(0.0695798354992432,-0.0432183334302498,0.002));
#6608=CARTESIAN_POINT('',(0.063520357384199,-0.0432200218222007,0.002));
#6609=CARTESIAN_POINT('',(0.063520357384199,-0.0432200218222007,0.002));
#6610=CARTESIAN_POINT('',(0.096231025010426,-0.0101137161343008,0.0025));
#6611=CARTESIAN_POINT('',(0.096231025010426,-0.0101137161343008,4.33680868994202E-19));
#6612=CARTESIAN_POINT('',(0.0960632479253215,-0.0107026116560488,0.0025));
#6613=CARTESIAN_POINT('',(0.0960632479253215,-0.0107026116560488,4.33680868994202E-19));
#6614=CARTESIAN_POINT('',(0.0957276180351148,-0.011880857820699,0.0025));
#6615=CARTESIAN_POINT('',(0.0957276180351148,-0.011880857820699,4.33680868994202E-19));
#6616=CARTESIAN_POINT('',(0.0952250738711868,-0.0136456234250614,0.0025));
#6617=CARTESIAN_POINT('',(0.0952250738711868,-0.0136456234250614,-1.30104260698261E-18));
#6618=CARTESIAN_POINT('',(0.0948042180489608,-0.0151240142417081,0.0025));
#6619=CARTESIAN_POINT('',(0.0948042180489608,-0.0151240142417081,1.30104260698261E-18));
#6620=CARTESIAN_POINT('',(0.0944724950523715,-0.0162895490494167,0.0025));
#6621=CARTESIAN_POINT('',(0.0944724950523715,-0.0162895490494167,4.33680868994202E-19));
#6622=CARTESIAN_POINT('',(0.0942103939962734,-0.0172106773174516,0.0025));
#6623=CARTESIAN_POINT('',(0.0942103939962734,-0.0172106773174516,0.));
#6624=CARTESIAN_POINT('',(0.093999270519902,-0.0179525494014336,0.0025));
#6625=CARTESIAN_POINT('',(0.093999270519902,-0.0179525494014336,8.67361737988404E-19));
#6626=CARTESIAN_POINT('',(0.0936891433238758,-0.0190416513253534,0.0025));
#6627=CARTESIAN_POINT('',(0.0936891433238758,-0.0190416513253534,-8.67361737988404E-19));
#6628=CARTESIAN_POINT('',(0.0933669782463946,-0.0201722451687663,0.0025));
#6629=CARTESIAN_POINT('',(0.0933669782463946,-0.0201722451687663,4.33680868994202E-19));
#6630=CARTESIAN_POINT('',(0.0930261646370825,-0.0213675208338566,0.0025));
#6631=CARTESIAN_POINT('',(0.0930261646370825,-0.0213675208338566,4.33680868994202E-19));
#6632=CARTESIAN_POINT('',(0.092762303810202,-0.0222925521372639,0.0025));
#6633=CARTESIAN_POINT('',(0.092762303810202,-0.0222925521372639,0.));
#6634=CARTESIAN_POINT('',(0.0925353397996946,-0.0230879411375025,0.0025));
#6635=CARTESIAN_POINT('',(0.0925353397996946,-0.0230879411375025,0.));
#6636=CARTESIAN_POINT('',(0.0923727076686561,-0.0236577325994067,0.0025));
#6637=CARTESIAN_POINT('',(0.0923727076686561,-0.0236577325994067,4.33680868994202E-19));
#6638=CARTESIAN_POINT('',(0.0922788108829891,-0.0239866642756864,0.0025));
#6639=CARTESIAN_POINT('',(0.0922788108829891,-0.0239866642756864,0.));
#6640=CARTESIAN_POINT('',(0.0922194598153451,-0.0241945612151309,0.0025));
#6641=CARTESIAN_POINT('',(0.0922194598153451,-0.0241945612151309,-4.33680868994202E-19));
#6642=CARTESIAN_POINT('',(0.0921722291695639,-0.0243599918197062,0.0025));
#6643=CARTESIAN_POINT('',(0.0921722291695639,-0.0243599918197062,-4.33680868994202E-19));
#6644=CARTESIAN_POINT('',(0.0921452201323327,-0.0244545900907611,0.0025));
#6645=CARTESIAN_POINT('',(0.0921452201323327,-0.0244545900907611,4.33680868994202E-19));
#6646=CARTESIAN_POINT('',(0.0920874694129789,-0.0246568508385786,0.0025));
#6647=CARTESIAN_POINT('',(0.0920874694129789,-0.0246568508385786,4.33680868994202E-19));
#6648=CARTESIAN_POINT('',(0.0919750862126541,-0.0250504076842339,0.0025));
#6649=CARTESIAN_POINT('',(0.0919750862126541,-0.0250504076842339,0.));
#6650=CARTESIAN_POINT('',(0.0918004757154198,-0.0256617668457187,0.0025));
#6651=CARTESIAN_POINT('',(0.0918004757154198,-0.0256617668457187,-4.33680868994202E-19));
#6652=CARTESIAN_POINT('',(0.091575719965816,-0.0264485240320006,0.0025));
#6653=CARTESIAN_POINT('',(0.091575719965816,-0.0264485240320006,4.33680868994202E-19));
#6654=CARTESIAN_POINT('',(0.0912528396994058,-0.0275785503327315,0.0025));
#6655=CARTESIAN_POINT('',(0.0912528396994058,-0.0275785503327315,0.));
#6656=CARTESIAN_POINT('',(0.0908980453984465,-0.0288199908609082,0.0025));
#6657=CARTESIAN_POINT('',(0.0908980453984465,-0.0288199908609082,0.));
#6658=CARTESIAN_POINT('',(0.0905052006948193,-0.0301942513624129,0.0025));
#6659=CARTESIAN_POINT('',(0.0905052006948193,-0.0301942513624129,1.30104260698261E-18));
#6660=CARTESIAN_POINT('',(0.0902054354531324,-0.0312428977860433,0.0025));
#6661=CARTESIAN_POINT('',(0.0902054354531324,-0.0312428977860433,-4.33680868994202E-19));
#6662=CARTESIAN_POINT('',(0.0898444242976327,-0.0325052134962902,0.0025));
#6663=CARTESIAN_POINT('',(0.0898444242976327,-0.0325052134962902,-4.33680868994202E-19));
#6664=CARTESIAN_POINT('',(0.089558411036387,-0.0335031786094517,0.0025));
#6665=CARTESIAN_POINT('',(0.089558411036387,-0.0335031786094517,1.30104260698261E-18));
#6666=CARTESIAN_POINT('',(0.0893623607363511,-0.0341855219656377,0.0025));
#6667=CARTESIAN_POINT('',(0.0893623607363511,-0.0341855219656377,-8.67361737988404E-19));
#6668=CARTESIAN_POINT('',(0.0892496185035252,-0.034576687809419,0.0025));
#6669=CARTESIAN_POINT('',(0.0892496185035252,-0.034576687809419,4.33680868994202E-19));
#6670=CARTESIAN_POINT('',(0.089193141955571,-0.0347722503760343,0.0025));
#6671=CARTESIAN_POINT('',(0.089193141955571,-0.0347722503760343,-8.67361737988404E-19));
#6672=CARTESIAN_POINT('',(0.0891582367271816,-0.0348928884741962,0.0025));
#6673=CARTESIAN_POINT('',(0.0891582367271816,-0.0348928884741962,8.67361737988404E-19));
#6674=CARTESIAN_POINT('',(0.0891378206696183,-0.0349633697179595,0.0025));
#6675=CARTESIAN_POINT('',(0.0891378206696183,-0.0349633697179595,-4.33680868994202E-19));
#6676=CARTESIAN_POINT('',(0.0890974953154136,-0.0351024068632935,0.0025));
#6677=CARTESIAN_POINT('',(0.0890974953154136,-0.0351024068632935,4.33680868994202E-19));
#6678=CARTESIAN_POINT('',(0.0890147405016126,-0.0353872250062512,0.0025));
#6679=CARTESIAN_POINT('',(0.0890147405016126,-0.0353872250062512,0.));
#6680=CARTESIAN_POINT('',(0.0889057946766859,-0.0357607083767521,0.0025));
#6681=CARTESIAN_POINT('',(0.0889057946766859,-0.0357607083767521,0.));
#6682=CARTESIAN_POINT('',(0.0887776587983492,-0.036197762358558,0.0025));
#6683=CARTESIAN_POINT('',(0.0887776587983492,-0.036197762358558,4.33680868994202E-19));
#6684=CARTESIAN_POINT('',(0.0886818974386746,-0.0365224304002337,0.0025));
#6685=CARTESIAN_POINT('',(0.0886818974386746,-0.0365224304002337,-1.73472347597681E-18));
#6686=CARTESIAN_POINT('',(0.0886247051818025,-0.0367156482878951,0.0025));
#6687=CARTESIAN_POINT('',(0.0886247051818025,-0.0367156482878951,8.67361737988404E-19));
#6688=CARTESIAN_POINT('',(0.0885740482256962,-0.0368865156003792,0.0025));
#6689=CARTESIAN_POINT('',(0.0885740482256962,-0.0368865156003792,-8.67361737988404E-19));
#6690=CARTESIAN_POINT('',(0.0885052586394562,-0.0371177819483138,0.0025));
#6691=CARTESIAN_POINT('',(0.0885052586394562,-0.0371177819483138,-8.67361737988404E-19));
#6692=CARTESIAN_POINT('',(0.0884383587460244,-0.0373414176450394,0.0025));
#6693=CARTESIAN_POINT('',(0.0884383587460244,-0.0373414176450394,8.67361737988404E-19));
#6694=CARTESIAN_POINT('',(0.0883883289636374,-0.037507363696163,0.0025));
#6695=CARTESIAN_POINT('',(0.0883883289636374,-0.037507363696163,4.33680868994202E-19));
#6696=CARTESIAN_POINT('',(0.0883571056080751,-0.0376101910747973,0.0025));
#6697=CARTESIAN_POINT('',(0.0883571056080751,-0.0376101910747973,-8.67361737988404E-19));
#6698=CARTESIAN_POINT('',(0.0883164568525893,-0.037743197632658,0.0025));
#6699=CARTESIAN_POINT('',(0.0883164568525893,-0.037743197632658,0.));
#6700=CARTESIAN_POINT('',(0.0882249546250534,-0.0380378792328252,0.0025));
#6701=CARTESIAN_POINT('',(0.0882249546250534,-0.0380378792328252,1.30104260698261E-18));
#6702=CARTESIAN_POINT('',(0.0881580870992254,-0.0382449207120977,0.0025));
#6703=CARTESIAN_POINT('',(0.0881580870992254,-0.0382449207120977,0.));
#6704=CARTESIAN_POINT('',(0.0881134836564199,-0.0383795617577817,0.0025));
#6705=CARTESIAN_POINT('',(0.0881134836564199,-0.0383795617577817,0.));
#6706=CARTESIAN_POINT('',(0.096231025010426,-0.0101137161343008,0.0025));
#6707=CARTESIAN_POINT('',(0.0958954959515784,-0.0112914190372246,0.0025));
#6708=CARTESIAN_POINT('',(0.0953919862289091,-0.0130592990900091,0.0025));
#6709=CARTESIAN_POINT('',(0.0948059969284784,-0.0151177553249114,0.0025));
#6710=CARTESIAN_POINT('',(0.0945115450110539,-0.0161523562845701,0.0025));
#6711=CARTESIAN_POINT('',(0.0943457256090393,-0.0167350497705793,0.0025));
#6712=CARTESIAN_POINT('',(0.0942145340070781,-0.0171961169870265,0.0025));
#6713=CARTESIAN_POINT('',(0.0941094799200154,-0.0175652900019714,0.0025));
#6714=CARTESIAN_POINT('',(0.093956983600739,-0.0181010220089197,0.0025));
#6715=CARTESIAN_POINT('',(0.0936878222756107,-0.0190462576397061,0.0025));
#6716=CARTESIAN_POINT('',(0.0933624627441375,-0.0201880577754086,0.0025));
#6717=CARTESIAN_POINT('',(0.093022222257769,-0.0213813265775794,0.0025));
#6718=CARTESIAN_POINT('',(0.0927586903213932,-0.0223052078114523,0.0025));
#6719=CARTESIAN_POINT('',(0.0925338187749765,-0.0230932683850714,0.0025));
#6720=CARTESIAN_POINT('',(0.0923704790649901,-0.0236655384157239,0.0025));
#6721=CARTESIAN_POINT('',(0.092280043015297,-0.0239823486576531,0.0025));
#6722=CARTESIAN_POINT('',(0.0922007860609384,-0.0242599704979432,0.0025));
#6723=CARTESIAN_POINT('',(0.0921628507685155,-0.0243928390747321,0.0025));
#6724=CARTESIAN_POINT('',(0.0920961153428762,-0.0246265682191354,0.0025));
#6725=CARTESIAN_POINT('',(0.0919825889072652,-0.0250241297338153,0.0025));
#6726=CARTESIAN_POINT('',(0.0918064530912362,-0.025640832596535,0.0025));
#6727=CARTESIAN_POINT('',(0.0915800800518512,-0.0264332544700171,0.0025));
#6728=CARTESIAN_POINT('',(0.0912555544522359,-0.0275690468520776,0.0025));
#6729=CARTESIAN_POINT('',(0.0908984388337504,-0.0288186004786646,0.0025));
#6730=CARTESIAN_POINT('',(0.0905559559868508,-0.0300167122090805,0.0025));
#6731=CARTESIAN_POINT('',(0.0903787582199716,-0.0306365541618119,0.0025));
#6732=CARTESIAN_POINT('',(0.0902733643255167,-0.0310052045388056,0.0025));
#6733=CARTESIAN_POINT('',(0.0901991170146884,-0.0312649149549218,0.0025));
#6734=CARTESIAN_POINT('',(0.0901015344207114,-0.0316061916443836,0.0025));
#6735=CARTESIAN_POINT('',(0.0899855864710483,-0.032011540768423,0.0025));
#6736=CARTESIAN_POINT('',(0.0897907757618858,-0.0326922277318793,0.0025));
#6737=CARTESIAN_POINT('',(0.0895509410436178,-0.0335290964493251,0.0025));
#6738=CARTESIAN_POINT('',(0.089356466157813,-0.034205890389461,0.0025));
#6739=CARTESIAN_POINT('',(0.08924840679509,-0.0345808822472402,0.0025));
#6740=CARTESIAN_POINT('',(0.0891893204448778,-0.0347854382308869,0.0025));
#6741=CARTESIAN_POINT('',(0.0891611967614946,-0.0348827201824129,0.0025));
#6742=CARTESIAN_POINT('',(0.0890884428484625,-0.0351337191329011,0.0025));
#6743=CARTESIAN_POINT('',(0.0890077126588969,-0.0354114226688417,0.0025));
#6744=CARTESIAN_POINT('',(0.0888996033020098,-0.0357819156757112,0.0025));
#6745=CARTESIAN_POINT('',(0.0887839519251256,-0.0361763363825147,0.0025));
#6746=CARTESIAN_POINT('',(0.0886287605578511,-0.0367027679144008,0.0025));
#6747=CARTESIAN_POINT('',(0.0885153455885602,-0.0370841201459794,0.0025));
#6748=CARTESIAN_POINT('',(0.0884412465386245,-0.0373318261458027,0.0025));
#6749=CARTESIAN_POINT('',(0.0883446290045645,-0.0376521657988102,0.0025));
#6750=CARTESIAN_POINT('',(0.0882323620720902,-0.0380143765874531,0.0025));
#6751=CARTESIAN_POINT('',(0.0881516000688847,-0.0382645026208812,0.0025));
#6752=CARTESIAN_POINT('',(0.0881134836564199,-0.0383795617577817,0.0025));
#6753=CARTESIAN_POINT('',(0.096231025010426,-0.0101137161343008,0.0025));
#6754=CARTESIAN_POINT('',(0.096231025010426,-0.0101137161343008,0.0025));
#6755=CARTESIAN_POINT('',(0.0431225857784336,0.0550650620802598,0.0150264306652656));
#6756=CARTESIAN_POINT('',(0.0431225857784336,0.0550650620802598,0.));
#6757=CARTESIAN_POINT('',(0.0435459527549817,0.0563691310104065,0.0150264306652656));
#6758=CARTESIAN_POINT('',(0.0435459527549817,0.0563691310104065,-1.73472347597681E-18));
#6759=CARTESIAN_POINT('',(0.044892068177421,0.0587494776625512,0.0150264306652656));
#6760=CARTESIAN_POINT('',(0.044892068177421,0.0587494776625512,3.46944695195361E-18));
#6761=CARTESIAN_POINT('',(0.0469537717402309,0.0606852651923,0.0150264306652656));
#6762=CARTESIAN_POINT('',(0.0469537717402309,0.0606852651923,-1.73472347597681E-18));
#6763=CARTESIAN_POINT('',(0.048028489814583,0.0615934696703988,0.0150264306652656));
#6764=CARTESIAN_POINT('',(0.048028489814583,0.0615934696703988,0.));
#6765=CARTESIAN_POINT('',(0.042421241168191,0.0502309857763006,0.0025));
#6766=CARTESIAN_POINT('',(0.042554609286497,0.0529813627400984,0.0025));
#6767=CARTESIAN_POINT('',(0.042687977404803,0.0557317397038997,0.0025));
#6768=CARTESIAN_POINT('',(0.044113210484046,0.0579862641519995,0.0025));
#6769=CARTESIAN_POINT('',(0.045996549282908,0.0598763519125996,0.0025));
#6770=CARTESIAN_POINT('',(0.048028489814583,0.0615934696703988,0.0025));
#6771=CARTESIAN_POINT('',(0.0480488092198997,0.0616106408479768,0.0025));
#6772=CARTESIAN_POINT('',(0.0480691286252165,0.0616278120255548,0.0025));
#6773=CARTESIAN_POINT('',(0.0480894480305332,0.0616449832031328,0.0025));
#6774=CARTESIAN_POINT('',(0.04810976743585,0.0616621543807108,0.0025));
#6775=CARTESIAN_POINT('',(0.0481300868411667,0.0616793255582888,0.0025));
#6776=CARTESIAN_POINT('',(0.0438194026738996,0.0567259720281997,0.0025));
#6777=CARTESIAN_POINT('',(0.0438194026738996,0.0567259720281998,0.0025));
#6778=CARTESIAN_POINT('',(0.048028489814583,0.0615934696703997,0.0025));
#6779=CARTESIAN_POINT('',(0.048028489814583,0.0615934696703997,0.0025));
#6780=CARTESIAN_POINT('',(0.048028489814583,0.0615934696703997,0.0575));
#6781=CARTESIAN_POINT('',(0.043608520386037,0.0747155886319995,0.0025));
#6782=CARTESIAN_POINT('',(0.0406995188884813,0.0147248591528572,0.0025));
#6783=CARTESIAN_POINT('',(0.0406995188884813,0.0147248591528571,0.0025));
#6784=CARTESIAN_POINT('',(0.043608520386037,0.0747155886319995,0.0025));
#6785=CARTESIAN_POINT('',(0.0846833179997674,0.0674295142750949,0.0128251001267621));
#6786=CARTESIAN_POINT('',(0.0846833179997674,0.0674295142750949,0.));
#6787=CARTESIAN_POINT('',(0.0851119366128756,0.0671086025594572,0.0128251001267621));
#6788=CARTESIAN_POINT('',(0.0851119366128756,0.0671086025594572,-1.73472347597681E-18));
#6789=CARTESIAN_POINT('',(0.0857782954187779,0.0666117689448732,0.0128251001267621));
#6790=CARTESIAN_POINT('',(0.0857782954187779,0.0666117689448732,-3.46944695195361E-18));
#6791=CARTESIAN_POINT('',(0.0865763754074916,0.0660156401105303,0.0128251001267621));
#6792=CARTESIAN_POINT('',(0.0865763754074916,0.0660156401105303,0.));
#6793=CARTESIAN_POINT('',(0.0872458664374982,0.0655120076748145,0.0128251001267621));
#6794=CARTESIAN_POINT('',(0.0872458664374982,0.0655120076748145,-5.20417042793042E-18));
#6795=CARTESIAN_POINT('',(0.0879714434264576,0.0649623354482738,0.0128251001267621));
#6796=CARTESIAN_POINT('',(0.0879714434264576,0.0649623354482738,5.20417042793042E-18));
#6797=CARTESIAN_POINT('',(0.0886261562163543,0.0644607493897474,0.0128251001267621));
#6798=CARTESIAN_POINT('',(0.0886261562163543,0.0644607493897474,0.));
#6799=CARTESIAN_POINT('',(0.0891339937597408,0.0640674267923627,0.0128251001267621));
#6800=CARTESIAN_POINT('',(0.0891339937597408,0.0640674267923627,0.));
#6801=CARTESIAN_POINT('',(0.0895299720796862,0.0637574796603743,0.0128251001267621));
#6802=CARTESIAN_POINT('',(0.0895299720796862,0.0637574796603743,0.));
#6803=CARTESIAN_POINT('',(0.0897782303653828,0.0635620509377348,0.0128251001267621));
#6804=CARTESIAN_POINT('',(0.0897782303653828,0.0635620509377348,-1.73472347597681E-18));
#6805=CARTESIAN_POINT('',(0.0901583666805302,0.0632601161933563,0.0128251001267621));
#6806=CARTESIAN_POINT('',(0.0901583666805302,0.0632601161933563,-1.73472347597681E-18));
#6807=CARTESIAN_POINT('',(0.0905997504756985,0.0629054925266817,0.0128251001267621));
#6808=CARTESIAN_POINT('',(0.0905997504756985,0.0629054925266817,0.));
#6809=CARTESIAN_POINT('',(0.0911390399935186,0.0624653711085278,0.0128251001267621));
#6810=CARTESIAN_POINT('',(0.0911390399935186,0.0624653711085278,0.));
#6811=CARTESIAN_POINT('',(0.091636191319661,0.0620492351230672,0.0128251001267621));
#6812=CARTESIAN_POINT('',(0.091636191319661,0.0620492351230672,0.));
#6813=CARTESIAN_POINT('',(0.0919597846945147,0.0617729539678065,0.0128251001267621));
#6814=CARTESIAN_POINT('',(0.0919597846945147,0.0617729539678065,-3.46944695195361E-18));
#6815=CARTESIAN_POINT('',(0.0921470677802988,0.0616111139723938,0.0128251001267621));
#6816=CARTESIAN_POINT('',(0.0921470677802988,0.0616111139723938,0.));
#6817=CARTESIAN_POINT('',(0.0922613278706754,0.0615118238629328,0.0128251001267621));
#6818=CARTESIAN_POINT('',(0.0922613278706754,0.0615118238629328,-1.73472347597681E-18));
#6819=CARTESIAN_POINT('',(0.0924618375762114,0.0613358130382598,0.0128251001267621));
#6820=CARTESIAN_POINT('',(0.0924618375762114,0.0613358130382598,0.));
#6821=CARTESIAN_POINT('',(0.0926906623129828,0.0611322575398412,0.0128251001267621));
#6822=CARTESIAN_POINT('',(0.0926906623129828,0.0611322575398412,-3.46944695195361E-18));
#6823=CARTESIAN_POINT('',(0.0930883844626617,0.0607722258642018,0.0128251001267621));
#6824=CARTESIAN_POINT('',(0.0930883844626617,0.0607722258642018,-1.73472347597681E-18));
#6825=CARTESIAN_POINT('',(0.0935986452223048,0.060290584604093,0.0128251001267621));
#6826=CARTESIAN_POINT('',(0.0935986452223048,0.060290584604093,1.73472347597681E-18));
#6827=CARTESIAN_POINT('',(0.0941340541387924,0.0597512238893254,0.0128251001267621));
#6828=CARTESIAN_POINT('',(0.0941340541387924,0.0597512238893254,1.73472347597681E-18));
#6829=CARTESIAN_POINT('',(0.0944368589975305,0.0594198792287736,0.0128251001267621));
#6830=CARTESIAN_POINT('',(0.0944368589975305,0.0594198792287736,0.));
#6831=CARTESIAN_POINT('',(0.0945749665795749,0.0592610566899001,0.0128251001267621));
#6832=CARTESIAN_POINT('',(0.0945749665795749,0.0592610566899001,0.));
#6833=CARTESIAN_POINT('',(0.0848272953234771,0.0673217457898098,0.0125843737290422));
#6834=CARTESIAN_POINT('',(0.0847618585761881,0.0673707126788532,0.0126064025020897));
#6835=CARTESIAN_POINT('',(0.0847205768313849,0.0674016181567095,0.0126800263067427));
#6836=CARTESIAN_POINT('',(0.0846833180990438,0.0674295142007655,0.0127486084759064));
#6837=CARTESIAN_POINT('',(0.0846833179665345,0.0674295142007182,0.0127486084759067));
#6838=CARTESIAN_POINT('',(0.0846833179665345,0.0674295142007183,0.0126329534453505));
#6839=CARTESIAN_POINT('',(0.0846833179665345,0.0674295142007183,0.0126715051222025));
#6840=CARTESIAN_POINT('',(0.0846833179665345,0.0674295142007183,0.0127100567990546));
#6841=CARTESIAN_POINT('',(0.0846833179665345,0.0674295142007183,0.0127486084759067));
#6842=CARTESIAN_POINT('',(0.0846833180190096,0.067429514260688,0.0126329534453505));
#6843=CARTESIAN_POINT('',(0.0846833179665238,0.0674295142306938,0.0575));
#6844=CARTESIAN_POINT('',(0.0846833109749216,0.0674295097784585,0.0025));
#6845=CARTESIAN_POINT('',(0.0842329919745881,0.0677666785813496,0.0025));
#6846=CARTESIAN_POINT('',(0.0844581549967989,0.0675980964210188,0.0025));
#6847=CARTESIAN_POINT('',(0.0846833180190096,0.067429514260688,0.0025));
#6848=CARTESIAN_POINT('',(0.0853262459374697,0.066948146688132,0.0025));
#6849=CARTESIAN_POINT('',(0.085970282231226,0.0664682630558122,0.0025));
#6850=CARTESIAN_POINT('',(0.0865636463536832,0.0660261362174127,0.0025));
#6851=CARTESIAN_POINT('',(0.0872552141128471,0.0655043343646309,0.0025));
#6852=CARTESIAN_POINT('',(0.0887094977982509,0.0644070479289076,0.0025));
#6853=CARTESIAN_POINT('',(0.0898002100451189,0.0635442999276563,0.0025));
#6854=CARTESIAN_POINT('',(0.0912232682964621,0.0624186678780155,0.0025));
#6855=CARTESIAN_POINT('',(0.0922757028104726,0.0614990370736237,0.0025));
#6856=CARTESIAN_POINT('',(0.0937463210888587,0.0602139919213588,0.0025));
#6857=CARTESIAN_POINT('',(0.0945749665795749,0.0592610566899001,0.0025));
#6858=CARTESIAN_POINT('',(0.0937317904275176,0.0601542440221503,0.0025));
#6859=CARTESIAN_POINT('',(0.0937316604048969,0.0601538524878463,0.0025));
#6860=CARTESIAN_POINT('',(0.085548350050263,0.0674298220238985,0.0025));
#6861=CARTESIAN_POINT('',(0.0762252248776866,0.0674265042797326,0.0575));
#6862=CARTESIAN_POINT('',(0.0762252248776532,0.0674265043734964,0.0176812255371909));
#6863=CARTESIAN_POINT('',(0.0762252248777199,0.0674265041859687,0.0025));
#6864=CARTESIAN_POINT('',(0.0762252248776532,0.0674265043734964,0.0025));
#6865=CARTESIAN_POINT('',(0.0846833039833088,0.0674295053561988,0.0025));
#6866=CARTESIAN_POINT('',(0.0845581332821034,0.0674294696535293,0.0146615937807937));
#6867=CARTESIAN_POINT('',(0.0840640409807922,0.0674292938299195,0.0143580488764982));
#6868=CARTESIAN_POINT('',(0.0845309940457924,0.0674294599959846,0.00246007240677862));
#6869=CARTESIAN_POINT('',(0.0839336463261236,0.0674292474287535,0.0176805081327047));
#6870=CARTESIAN_POINT('',(0.085549762849943,0.0674298225266457,0.0176803577245761));
#6871=CARTESIAN_POINT('',(0.101087593311779,0.0147463483547837,0.0025));
#6872=CARTESIAN_POINT('',(0.101087593311779,0.0147463483547837,0.));
#6873=CARTESIAN_POINT('',(0.101102709687023,0.0139699327561968,0.0025));
#6874=CARTESIAN_POINT('',(0.101102709687023,0.0139699327561968,-4.33680868994202E-19));
#6875=CARTESIAN_POINT('',(0.101084882069239,0.0123131298885598,0.0025));
#6876=CARTESIAN_POINT('',(0.101084882069239,0.0123131298885598,-2.16840434497101E-18));
#6877=CARTESIAN_POINT('',(0.100785417118454,0.00926078637780762,0.0025));
#6878=CARTESIAN_POINT('',(0.100785417118454,0.00926078637780762,-8.67361737988404E-19));
#6879=CARTESIAN_POINT('',(0.100203651900245,0.00570128195943784,0.0025));
#6880=CARTESIAN_POINT('',(0.100203651900245,0.00570128195943784,-2.60208521396521E-18));
#6881=CARTESIAN_POINT('',(0.0994099191073237,0.00189181649388883,0.0025));
#6882=CARTESIAN_POINT('',(0.0994099191073237,0.00189181649388883,-8.67361737988404E-19));
#6883=CARTESIAN_POINT('',(0.0985172644494074,-0.00182555140042949,0.0025));
#6884=CARTESIAN_POINT('',(0.0985172644494074,-0.00182555140042949,-1.73472347597681E-18));
#6885=CARTESIAN_POINT('',(0.0976437852789704,-0.00513767168293375,0.0025));
#6886=CARTESIAN_POINT('',(0.0976437852789704,-0.00513767168293375,-1.30104260698261E-18));
#6887=CARTESIAN_POINT('',(0.0968749692169915,-0.00787407022666413,0.0025));
#6888=CARTESIAN_POINT('',(0.0968749692169915,-0.00787407022666413,-1.30104260698261E-18));
#6889=CARTESIAN_POINT('',(0.0964426548949567,-0.00937089782160314,0.0025));
#6890=CARTESIAN_POINT('',(0.0964426548949567,-0.00937089782160314,-1.30104260698261E-18));
#6891=CARTESIAN_POINT('',(0.096231025010426,-0.0101137161343008,0.0025));
#6892=CARTESIAN_POINT('',(0.096231025010426,-0.0101137161343008,-1.30104260698261E-18));
#6893=CARTESIAN_POINT('',(0.094574966579575,0.0592610566899001,0.0025));
#6894=CARTESIAN_POINT('',(0.095989587876014,0.0576342542903987,0.0025));
#6895=CARTESIAN_POINT('',(0.097213865964066,0.0556559244833004,0.0025));
#6896=CARTESIAN_POINT('',(0.098453299177067,0.0523729744749986,0.0025));
#6897=CARTESIAN_POINT('',(0.098640453993881,0.0501687131406996,0.0025));
#6898=CARTESIAN_POINT('',(0.09883025715613,0.047964679871999,0.0025));
#6899=CARTESIAN_POINT('',(0.099337271340279,0.0420771271235996,0.0025));
#6900=CARTESIAN_POINT('',(0.099870205960736,0.0361096518170001,0.0025));
#6901=CARTESIAN_POINT('',(0.100371975129354,0.0298764628038981,0.0025));
#6902=CARTESIAN_POINT('',(0.100785492957986,0.0231917689361989,0.0025));
#6903=CARTESIAN_POINT('',(0.101053673558482,0.0158697790655999,0.0025));
#6904=CARTESIAN_POINT('',(0.101194020223566,0.0120379699853981,0.0025));
#6905=CARTESIAN_POINT('',(0.101288232045591,0.00820447113639844,0.0025));
#6906=CARTESIAN_POINT('',(0.098444641526955,-0.00255989371570209,0.0025));
#6907=CARTESIAN_POINT('',(0.097309381245087,-0.00632869890720045,0.0025));
#6908=CARTESIAN_POINT('',(0.096231025010426,-0.0101137161343008,0.0025));
#6909=CARTESIAN_POINT('',(0.101087593311779,0.0147463483547804,0.0025));
#6910=CARTESIAN_POINT('',(0.101087593311779,0.0147463483547804,0.0025));
#6911=CARTESIAN_POINT('',(0.111300371535498,0.0490882124123023,0.0224773275804414));
#6912=CARTESIAN_POINT('',(0.0398900656413065,0.0526346192245216,0.0215498186829783));
#6913=CARTESIAN_POINT('',(0.0401497636331144,0.0575291026622616,0.0202697407964405));
#6914=CARTESIAN_POINT('',(0.0406491061688702,0.0575043041160537,0.0202762264799702));
#6915=CARTESIAN_POINT('',(0.0574120739335538,0.0688639496143065,0.0173052835426422));
#6916=CARTESIAN_POINT('',(0.0555416942799465,0.0674278650667203,0.0176808696685216));
#6917=CARTESIAN_POINT('',(0.061221199716555,0.0674266997666429,0.0176811744350779));
#6918=CARTESIAN_POINT('',(0.0557779176177835,0.0674278165992842,0.0176808823444446));
#6919=CARTESIAN_POINT('',(0.0866104645253028,0.0864821449821292,0.0126975118384503));
#6920=CARTESIAN_POINT('',(0.0576360254863166,0.0685761160765856,0.0173805620375696));
#6921=CARTESIAN_POINT('',(0.0579051875276903,0.0681684585175139,0.0174871786873726));
#6922=CARTESIAN_POINT('',(0.0583992798290015,0.0682425990138562,0.0174677883653759));
#6923=CARTESIAN_POINT('',(0.062640640224323,0.0417866280287352,0.0243869462000541));
#6924=CARTESIAN_POINT('',(0.0585299943961125,0.0674272519382724,0.0176810300229655));
#6925=CARTESIAN_POINT('',(0.061221199716555,0.0674266997666429,0.0176811744350779));
#6926=CARTESIAN_POINT('',(0.0612219617491251,0.0674266993603041,0.0176811745413497));
#6927=CARTESIAN_POINT('',(0.0762252248777199,0.0674265041859687,0.017681225586236));
#6928=CARTESIAN_POINT('',(0.0737246801277407,0.0674308841753173,0.0176800800664728));
#6929=CARTESIAN_POINT('',(0.0687235941972065,0.0674154383328974,0.0176841196922213));
#6930=CARTESIAN_POINT('',(0.0637225069273883,0.0674380702125209,0.0176782006674651));
#6931=CARTESIAN_POINT('',(0.0612219617491251,0.0674266993603041,0.0176811745413497));
#6932=CARTESIAN_POINT('',(0.081705204089281,0.0535290838810013,0.0213158850224371));
#6933=CARTESIAN_POINT('',(0.0840640409807922,0.0682425990138562,0.0174677883653759));
#6934=CARTESIAN_POINT('',(0.0845581332821034,0.0681684585175139,0.0174871786873726));
#6935=CARTESIAN_POINT('',(0.101814214640923,0.0575043041160537,0.0202762264799702));
#6936=CARTESIAN_POINT('',(0.102313557176679,0.0575291026622616,0.0202697407964405));
#6937=CARTESIAN_POINT('',(0.102783866566931,0.0486652623792696,0.0225879437447992));
#6938=CARTESIAN_POINT('',(0.107168692354663,0.048921025677592,0.0225210527344331));
#6939=CARTESIAN_POINT('',(0.106786701931337,0.0577567708510847,0.0202101976357193));
#6940=CARTESIAN_POINT('',(0.0959108603902392,0.0692044885711876,0.017216220744953));
#6941=CARTESIAN_POINT('',(0.088878774784487,0.0766063370345041,0.0152803795764373));
#6942=CARTESIAN_POINT('',(0.111300371535498,0.0766063370345041,0.0152803795764372));
#6943=CARTESIAN_POINT('',(0.050878774784487,0.0766063370345041,0.0152803795764372));
#6944=CARTESIAN_POINT('',(0.0438356267609991,0.0692103030025802,0.0172147000686359));
#6945=CARTESIAN_POINT('',(0.0329486666473595,0.0577778686371299,0.020204679829864));
#6946=CARTESIAN_POINT('',(0.0321826601286286,0.0350658136664175,0.0261446732317553));
#6947=CARTESIAN_POINT('',(0.111300371535498,0.0490882124123023,0.0224773275804414));
#6948=CARTESIAN_POINT('',(0.101973637053138,0.0484823230214292,0.0226357887583798));
#6949=CARTESIAN_POINT('',(0.101385080146823,0.0569622215684837,0.0204179999460877));
#6950=CARTESIAN_POINT('',(0.100886203550812,0.0569298132226205,0.0204264758572653));
#6951=CARTESIAN_POINT('',(0.0853114142558456,0.0665549392496738,0.0179091701723858));
#6952=CARTESIAN_POINT('',(0.0848173219545344,0.0666290797460161,0.0178897798503893));
#6953=CARTESIAN_POINT('',(0.0826933886919033,0.0533808028883166,0.0213546656664302));
#6954=CARTESIAN_POINT('',(0.0796111052013309,0.0341547067790469,0.0263829594152987));
#6955=CARTESIAN_POINT('',(0.0791170129000197,0.0342288472753892,0.0263635690933021));
#6956=CARTESIAN_POINT('',(0.0793282635095211,0.033790412666023,0.0264782350136759));
#6957=CARTESIAN_POINT('',(0.111648280402197,0.0483661539603705,0.0226661710138421));
#6958=CARTESIAN_POINT('',(0.0714429110143983,0.0302342617405668,0.0274082923361233));
#6959=CARTESIAN_POINT('',(0.0712316604048969,0.0306726963499331,0.0272936264157495));
#6960=CARTESIAN_POINT('',(0.0710204097953954,0.0302342617405668,0.0274082923361233));
#6961=CARTESIAN_POINT('',(0.096647349390018,0.0186769768871133,0.0304309248483208));
#6962=CARTESIAN_POINT('',(0.0631350573002726,0.033790412666023,0.0264782350136759));
#6963=CARTESIAN_POINT('',(0.063346307909774,0.0342288472753892,0.0263635690933021));
#6964=CARTESIAN_POINT('',(0.0628522156084628,0.0341547067790469,0.0263829594152987));
#6965=CARTESIAN_POINT('',(0.0616524556217007,0.0416383470360506,0.0244257268440473));
#6966=CARTESIAN_POINT('',(0.0576459988552593,0.0666290797460161,0.0178897798503893));
#6967=CARTESIAN_POINT('',(0.0571519065539481,0.0665549392496738,0.0179091701723858));
#6968=CARTESIAN_POINT('',(0.0415771172589819,0.0569298132226205,0.0204264758572653));
#6969=CARTESIAN_POINT('',(0.0410782406629703,0.0569622215684836,0.0204179999460877));
#6970=CARTESIAN_POINT('',(0.0408493860103945,0.0536648951501835,0.0212803656454417));
#6971=CARTESIAN_POINT('',(0.111300371535498,0.0486608541084623,0.0208432878379201));
#6972=CARTESIAN_POINT('',(0.0406491061688702,0.0570769458122137,0.018642186737449));
#6973=CARTESIAN_POINT('',(0.0401497636331144,0.0571017443584216,0.0186357010539192));
#6974=CARTESIAN_POINT('',(0.0398900656413065,0.0522072609206816,0.0199157789404571));
#6975=CARTESIAN_POINT('',(0.102783866566931,0.0482379040754296,0.0209539040022779));
#6976=CARTESIAN_POINT('',(0.102313557176679,0.0571017443584216,0.0186357010539192));
#6977=CARTESIAN_POINT('',(0.101814214640923,0.0570769458122137,0.018642186737449));
#6978=CARTESIAN_POINT('',(0.0855489582271446,0.0691188223472587,0.0154928166229088));
#6979=CARTESIAN_POINT('',(0.0762263109931908,0.069115504866932,0.0154936842595571));
#6980=CARTESIAN_POINT('',(0.0762263109931908,0.0691155048669319,0.0154936842595571));
#6981=CARTESIAN_POINT('',(0.0737243051906105,0.0691198670339599,0.0154925434009515));
#6982=CARTESIAN_POINT('',(0.0687202962959603,0.0691044550932786,0.0154965741602146));
#6983=CARTESIAN_POINT('',(0.0637162894364977,0.0691270594022135,0.0154906623461537));
#6984=CARTESIAN_POINT('',(0.0612142813562682,0.0691156818976814,0.0154936379598503));
#6985=CARTESIAN_POINT('',(0.0612142813562681,0.0691156818976814,0.0154936379598504));
#6986=CARTESIAN_POINT('',(0.0612216636444745,0.0691156997070071,0.0154936333020915));
#6987=CARTESIAN_POINT('',(0.0549682267070474,0.0691169827642445,0.0154932977379369));
#6988=CARTESIAN_POINT('',(0.0561252114677173,0.0700053199972739,0.0152609666120368));
#6989=CARTESIAN_POINT('',(0.111300371535498,0.0486608541084623,0.0208432878379201));
#6990=CARTESIAN_POINT('',(0.100886203550812,0.0565024549187805,0.018792436114744));
#6991=CARTESIAN_POINT('',(0.101385080146823,0.0565348632646437,0.0187839602035664));
#6992=CARTESIAN_POINT('',(0.101973637053138,0.0480549647175892,0.0210017490158586));
#6993=CARTESIAN_POINT('',(0.111300371535498,0.0486608541084623,0.0208432878379201));
#6994=CARTESIAN_POINT('',(0.0408493860103945,0.0532375368463435,0.0196463259029204));
#6995=CARTESIAN_POINT('',(0.0410782406629703,0.0565348632646436,0.0187839602035664));
#6996=CARTESIAN_POINT('',(0.0415771172589819,0.0565024549187805,0.018792436114744));
#6997=CARTESIAN_POINT('',(0.0423448495828213,0.0575509069536396,0.0185182293916054));
#6998=CARTESIAN_POINT('',(0.0417641402557894,0.05644842368313,0.0188065671646941));
#6999=CARTESIAN_POINT('',(0.040945681301005,0.0540488405129619,0.0194341417376011));
#7000=CARTESIAN_POINT('',(0.0407947102903952,0.0515601784231352,0.0200850135504852));
#7001=CARTESIAN_POINT('',(0.0407342233988726,0.0503127907028268,0.0204112488840024));
#7002=CARTESIAN_POINT('',(0.108035183690041,0.0288783854255424,0.0025));
#7003=CARTESIAN_POINT('',(0.109283665448745,-2.08166817117217E-17,0.0025));
#7004=CARTESIAN_POINT('',(0.106786701931337,0.0577567708510847,0.0025));
#7005=CARTESIAN_POINT('',(0.0385709163621862,-0.0233008846492312,0.0025));
#7006=CARTESIAN_POINT('',(0.031,-3.46944695195361E-18,0.0025));
#7007=CARTESIAN_POINT('',(0.0461418327243725,-0.0466017692984625,0.0025));
#7008=CARTESIAN_POINT('',(0.0461418327243725,-0.0466017692984625,0.0025));
#7009=CARTESIAN_POINT('',(0.0385709163621862,-0.0233008846492312,0.0025));
#7010=CARTESIAN_POINT('',(0.101712749086559,-0.0233008846492313,0.0025));
#7011=CARTESIAN_POINT('',(0.101712749086559,-0.0233008846492313,0.0025));
#7012=CARTESIAN_POINT('',(0.0941418327243724,-0.0466017692984625,0.0025));
#7013=CARTESIAN_POINT('',(0.0941418327243724,-0.0466017692984625,0.0025));
#7014=CARTESIAN_POINT('',(0.0612219617491251,0.0674266993603041,0.0177729727226883));
#7015=CARTESIAN_POINT('',(0.0612219617491251,0.0674266993603041,0.0025));
#7016=CARTESIAN_POINT('',(0.0613552249849503,0.0674273053547783,0.0177729727226883));
#7017=CARTESIAN_POINT('',(0.0613552249849503,0.0674273053547783,0.0025));
#7018=CARTESIAN_POINT('',(0.0615668591044949,0.0674279937227105,0.0177729727226883));
#7019=CARTESIAN_POINT('',(0.0615668591044949,0.0674279937227105,0.00250000000000001));
#7020=CARTESIAN_POINT('',(0.0618927348946108,0.0674284610724513,0.0177729727226883));
#7021=CARTESIAN_POINT('',(0.0618927348946108,0.0674284610724513,0.00249999999999999));
#7022=CARTESIAN_POINT('',(0.062080916944386,0.0674285808461535,0.0177729727226883));
#7023=CARTESIAN_POINT('',(0.062080916944386,0.0674285808461535,0.00250000000000001));
#7024=CARTESIAN_POINT('',(0.0623030421225475,0.0674285363667409,0.0177729727226883));
#7025=CARTESIAN_POINT('',(0.0623030421225475,0.0674285363667409,0.0025));
#7026=CARTESIAN_POINT('',(0.0622965684162232,0.0674285244520919,0.0177729727226883));
#7027=CARTESIAN_POINT('',(0.0622965684162232,0.0674285244520919,0.00249999999999999));
#7028=CARTESIAN_POINT('',(0.0623885647860892,0.0674284387778047,0.0177729727226883));
#7029=CARTESIAN_POINT('',(0.0623885647860892,0.0674284387778047,0.0025));
#7030=CARTESIAN_POINT('',(0.0625846280189886,0.0674282285542299,0.0177729727226883));
#7031=CARTESIAN_POINT('',(0.0625846280189886,0.0674282285542299,0.0025));
#7032=CARTESIAN_POINT('',(0.0628316446346122,0.067427967333229,0.0177729727226883));
#7033=CARTESIAN_POINT('',(0.0628316446346122,0.067427967333229,0.0025));
#7034=CARTESIAN_POINT('',(0.0630872950541452,0.0674276954724416,0.0177729727226883));
#7035=CARTESIAN_POINT('',(0.0630872950541452,0.0674276954724416,0.0025));
#7036=CARTESIAN_POINT('',(0.0632325223020721,0.0674275410259481,0.0177729727226883));
#7037=CARTESIAN_POINT('',(0.0632325223020721,0.0674275410259481,0.0025));
#7038=CARTESIAN_POINT('',(0.0633650215734304,0.0674273999481927,0.0177729727226883));
#7039=CARTESIAN_POINT('',(0.0633650215734304,0.0674273999481927,0.0025));
#7040=CARTESIAN_POINT('',(0.0633889870008811,0.0674273745562596,0.0177729727226883));
#7041=CARTESIAN_POINT('',(0.0633889870008811,0.0674273745562596,0.0025));
#7042=CARTESIAN_POINT('',(0.0634422690471287,0.0674273196107719,0.0177729727226883));
#7043=CARTESIAN_POINT('',(0.0634422690471287,0.0674273196107719,0.00249999999999999));
#7044=CARTESIAN_POINT('',(0.0635444173715984,0.0674272198942336,0.0177729727226883));
#7045=CARTESIAN_POINT('',(0.0635444173715984,0.0674272198942336,0.00250000000000001));
#7046=CARTESIAN_POINT('',(0.0637030636026114,0.0674270799263504,0.0177729727226883));
#7047=CARTESIAN_POINT('',(0.0637030636026114,0.0674270799263504,0.0025));
#7048=CARTESIAN_POINT('',(0.063973608515407,0.0674268722999512,0.0177729727226883));
#7049=CARTESIAN_POINT('',(0.063973608515407,0.0674268722999512,0.0025));
#7050=CARTESIAN_POINT('',(0.0643472316320554,0.0674266384871738,0.0177729727226883));
#7051=CARTESIAN_POINT('',(0.0643472316320554,0.0674266384871738,0.00250000000000001));
#7052=CARTESIAN_POINT('',(0.064769852429382,0.0674264394648264,0.0177729727226883));
#7053=CARTESIAN_POINT('',(0.064769852429382,0.0674264394648264,0.00249999999999999));
#7054=CARTESIAN_POINT('',(0.0650861404587121,0.067426319736984,0.0177729727226883));
#7055=CARTESIAN_POINT('',(0.0650861404587121,0.067426319736984,0.00250000000000001));
#7056=CARTESIAN_POINT('',(0.0652806103564591,0.0674262547270831,0.0177729727226883));
#7057=CARTESIAN_POINT('',(0.0652806103564591,0.0674262547270831,0.00249999999999999));
#7058=CARTESIAN_POINT('',(0.0653894062487706,0.0674262206763708,0.0177729727226883));
#7059=CARTESIAN_POINT('',(0.0653894062487706,0.0674262206763708,0.00250000000000001));
#7060=CARTESIAN_POINT('',(0.0655141869105592,0.0674261846948612,0.0177729727226883));
#7061=CARTESIAN_POINT('',(0.0655141869105592,0.0674261846948612,0.0025));
#7062=CARTESIAN_POINT('',(0.0655087727287274,0.0674261863164339,0.0177729727226883));
#7063=CARTESIAN_POINT('',(0.0655087727287274,0.0674261863164339,0.00249999999999999));
#7064=CARTESIAN_POINT('',(0.0655298852235442,0.0674261793072619,0.0177729727226883));
#7065=CARTESIAN_POINT('',(0.0655298852235442,0.0674261793072619,0.00250000000000001));
#7066=CARTESIAN_POINT('',(0.0655840401127156,0.0674261592652088,0.0177729727226883));
#7067=CARTESIAN_POINT('',(0.0655840401127156,0.0674261592652088,0.0025));
#7068=CARTESIAN_POINT('',(0.065751716842122,0.0674260964366889,0.0177729727226883));
#7069=CARTESIAN_POINT('',(0.065751716842122,0.0674260964366889,0.0025));
#7070=CARTESIAN_POINT('',(0.0660799257333034,0.0674259716015045,0.0177729727226883));
#7071=CARTESIAN_POINT('',(0.0660799257333034,0.0674259716015045,0.0025));
#7072=CARTESIAN_POINT('',(0.0665393347275251,0.0674257961052365,0.0177729727226883));
#7073=CARTESIAN_POINT('',(0.0665393347275251,0.0674257961052365,0.0025));
#7074=CARTESIAN_POINT('',(0.0671306340235374,0.0674255695541129,0.0177729727226883));
#7075=CARTESIAN_POINT('',(0.0671306340235374,0.0674255695541129,0.0025));
#7076=CARTESIAN_POINT('',(0.0677274886199161,0.0674253405451391,0.0177729727226883));
#7077=CARTESIAN_POINT('',(0.0677274886199161,0.0674253405451391,0.0025));
#7078=CARTESIAN_POINT('',(0.0682118272402815,0.0674251544059197,0.0177729727226883));
#7079=CARTESIAN_POINT('',(0.0682118272402815,0.0674251544059197,0.00249999999999999));
#7080=CARTESIAN_POINT('',(0.0684902327610253,0.0674250475518207,0.0177729727226883));
#7081=CARTESIAN_POINT('',(0.0684902327610253,0.0674250475518207,0.00250000000000001));
#7082=CARTESIAN_POINT('',(0.0687485742793581,0.0674249478391892,0.0177729727226883));
#7083=CARTESIAN_POINT('',(0.0687485742793581,0.0674249478391892,0.0025));
#7084=CARTESIAN_POINT('',(0.068856926459796,0.0674249077129425,0.0177729727226883));
#7085=CARTESIAN_POINT('',(0.068856926459796,0.0674249077129425,0.0025));
#7086=CARTESIAN_POINT('',(0.0690512858790819,0.0674248408745521,0.0177729727226883));
#7087=CARTESIAN_POINT('',(0.0690512858790819,0.0674248408745521,0.0025));
#7088=CARTESIAN_POINT('',(0.0693622219799601,0.0674247483687506,0.0177729727226883));
#7089=CARTESIAN_POINT('',(0.0693622219799601,0.0674247483687506,0.0025));
#7090=CARTESIAN_POINT('',(0.0698045995089844,0.0674246558000998,0.0177729727226883));
#7091=CARTESIAN_POINT('',(0.0698045995089844,0.0674246558000998,0.0025));
#7092=CARTESIAN_POINT('',(0.0703069727514801,0.0674246175920178,0.0177729727226883));
#7093=CARTESIAN_POINT('',(0.0703069727514801,0.0674246175920178,0.0025));
#7094=CARTESIAN_POINT('',(0.0707876021971221,0.0674246495974169,0.0177729727226883));
#7095=CARTESIAN_POINT('',(0.0707876021971221,0.0674246495974169,0.0025));
#7096=CARTESIAN_POINT('',(0.0712451166150421,0.0674247529172599,0.0177729727226883));
#7097=CARTESIAN_POINT('',(0.0712451166150421,0.0674247529172599,0.0025));
#7098=CARTESIAN_POINT('',(0.0716782649332331,0.0674249258085137,0.0177729727226883));
#7099=CARTESIAN_POINT('',(0.0716782649332331,0.0674249258085137,0.0025));
#7100=CARTESIAN_POINT('',(0.0720242297143653,0.0674251327533756,0.0177729727226883));
#7101=CARTESIAN_POINT('',(0.0720242297143653,0.0674251327533756,0.0025));
#7102=CARTESIAN_POINT('',(0.0722479243679775,0.0674253011089376,0.0177729727226883));
#7103=CARTESIAN_POINT('',(0.0722479243679775,0.0674253011089376,0.0025));
#7104=CARTESIAN_POINT('',(0.0723859468414439,0.0674254178712703,0.0177729727226883));
#7105=CARTESIAN_POINT('',(0.0723859468414439,0.0674254178712703,0.0025));
#7106=CARTESIAN_POINT('',(0.0724511620850452,0.0674254769006899,0.0177729727226883));
#7107=CARTESIAN_POINT('',(0.0724511620850452,0.0674254769006899,0.0025));
#7108=CARTESIAN_POINT('',(0.072655824670615,0.0674256663850191,0.0177729727226883));
#7109=CARTESIAN_POINT('',(0.072655824670615,0.0674256663850191,0.0025));
#7110=CARTESIAN_POINT('',(0.0728738433777417,0.0674258595396538,0.0177729727226883));
#7111=CARTESIAN_POINT('',(0.0728738433777417,0.0674258595396538,0.0025));
#7112=CARTESIAN_POINT('',(0.0732656900623003,0.0674261910103782,0.0177729727226883));
#7113=CARTESIAN_POINT('',(0.0732656900623003,0.0674261910103782,0.0025));
#7114=CARTESIAN_POINT('',(0.0737763082788291,0.0674265695993887,0.0177729727226883));
#7115=CARTESIAN_POINT('',(0.0737763082788291,0.0674265695993887,0.0025));
#7116=CARTESIAN_POINT('',(0.0743350562143771,0.0674268959134388,0.0177729727226883));
#7117=CARTESIAN_POINT('',(0.0743350562143771,0.0674268959134388,0.0025));
#7118=CARTESIAN_POINT('',(0.0749993008283309,0.0674271518489919,0.0177729727226883));
#7119=CARTESIAN_POINT('',(0.0749993008283309,0.0674271518489919,0.0025));
#7120=CARTESIAN_POINT('',(0.0756822346810967,0.0674271397782217,0.0177729727226883));
#7121=CARTESIAN_POINT('',(0.0756822346810967,0.0674271397782217,0.0025));
#7122=CARTESIAN_POINT('',(0.0760705233427413,0.0674267751633529,0.0177729727226883));
#7123=CARTESIAN_POINT('',(0.0760705233427413,0.0674267751633529,0.0025));
#7124=CARTESIAN_POINT('',(0.0762252248777199,0.0674265041859687,0.0177729727226883));
#7125=CARTESIAN_POINT('',(0.0762252248777199,0.0674265041859687,0.0025));
#7126=CARTESIAN_POINT('',(0.0612219617491507,0.067426699485298,0.0575));
#7127=CARTESIAN_POINT('',(0.0612219617491764,0.0674266996102918,0.0025));
#7128=CARTESIAN_POINT('',(0.0612219617491251,0.0674266993603041,0.0025));
#7129=CARTESIAN_POINT('',(0.0616788642719542,0.0674287770556442,0.0025));
#7130=CARTESIAN_POINT('',(0.0622936404749515,0.0674285333895082,0.0025));
#7131=CARTESIAN_POINT('',(0.0623042365348821,0.0674285291897669,0.0025));
#7132=CARTESIAN_POINT('',(0.0633652487759698,0.0674273997238988,0.0025));
#7133=CARTESIAN_POINT('',(0.0641420380768999,0.0674265728182627,0.0025));
#7134=CARTESIAN_POINT('',(0.0655085796623372,0.0674261863693939,0.0025));
#7135=CARTESIAN_POINT('',(0.0655806900457821,0.0674261659770572,0.0025));
#7136=CARTESIAN_POINT('',(0.0687235760563756,0.0674249577702533,0.0025));
#7137=CARTESIAN_POINT('',(0.0709685097024624,0.0674240947596011,0.0025));
#7138=CARTESIAN_POINT('',(0.0724744033087066,0.0674254986431748,0.0025));
#7139=CARTESIAN_POINT('',(0.0752970156678481,0.0674281300502739,0.0025));
#7140=CARTESIAN_POINT('',(0.0762252248777199,0.0674265041859687,0.0025));
#7141=CARTESIAN_POINT('',(0.06122201434982,0.0674266995994994,0.0025));
#7142=CARTESIAN_POINT('',(0.0555416942799465,0.0674278650667191,0.0025));
#7143=CARTESIAN_POINT('',(0.0612219617491251,0.0674266993603041,0.0025));
#7144=CARTESIAN_POINT('',(0.0579392628154056,0.0674273731424098,0.00262883336088174));
#7145=CARTESIAN_POINT('',(0.0583992798290015,0.0674272787578075,0.0143503440819837));
#7146=CARTESIAN_POINT('',(0.0579051875276903,0.0674273801338523,0.0146536043298708));
#7147=CARTESIAN_POINT('',(0.0576360254863166,0.067427435359532,0.0129884865209178));
#7148=CARTESIAN_POINT('',(0.0617123928638994,0.0674265989854359,0.00269418144764347));
#7149=CARTESIAN_POINT('',(0.055541694223324,0.067427865066799,0.0025));
#7150=CARTESIAN_POINT('',(0.0517250456866958,0.0644974278665282,0.0575));
#7151=CARTESIAN_POINT('',(0.0517250457626122,0.0644974277672237,0.0025));
#7152=CARTESIAN_POINT('',(0.0517250456103615,0.0644974279655174,0.0025));
#7153=CARTESIAN_POINT('',(0.048028489814583,0.0615934696704006,0.0168083382028976));
#7154=CARTESIAN_POINT('',(0.048028489814583,0.0615934696704006,0.));
#7155=CARTESIAN_POINT('',(0.0481695228517995,0.0617126487146565,0.0168083382028976));
#7156=CARTESIAN_POINT('',(0.0481695228517995,0.0617126487146565,0.));
#7157=CARTESIAN_POINT('',(0.0483904545655792,0.0618966610846859,0.0168083382028976));
#7158=CARTESIAN_POINT('',(0.0483904545655792,0.0618966610846859,0.));
#7159=CARTESIAN_POINT('',(0.0486937550686173,0.0621444889409326,0.0168083382028976));
#7160=CARTESIAN_POINT('',(0.0486937550686173,0.0621444889409326,0.));
#7161=CARTESIAN_POINT('',(0.0489456717507182,0.0623476180033881,0.0168083382028976));
#7162=CARTESIAN_POINT('',(0.0489456717507182,0.0623476180033881,0.));
#7163=CARTESIAN_POINT('',(0.0491417142876822,0.0625039286141138,0.0168083382028976));
#7164=CARTESIAN_POINT('',(0.0491417142876822,0.0625039286141138,0.));
#7165=CARTESIAN_POINT('',(0.0493686886667612,0.0626834468575215,0.0168083382028976));
#7166=CARTESIAN_POINT('',(0.0493686886667612,0.0626834468575215,-3.46944695195361E-18));
#7167=CARTESIAN_POINT('',(0.0495691619804241,0.0628405667130378,0.0168083382028976));
#7168=CARTESIAN_POINT('',(0.0495691619804241,0.0628405667130378,6.93889390390723E-18));
#7169=CARTESIAN_POINT('',(0.0497276109259838,0.0629641264457913,0.0168083382028976));
#7170=CARTESIAN_POINT('',(0.0497276109259838,0.0629641264457913,-3.46944695195361E-18));
#7171=CARTESIAN_POINT('',(0.0498759825103473,0.0630793310320577,0.0168083382028976));
#7172=CARTESIAN_POINT('',(0.0498759825103473,0.0630793310320577,3.46944695195361E-18));
#7173=CARTESIAN_POINT('',(0.0499275411517811,0.0631192239629012,0.0168083382028976));
#7174=CARTESIAN_POINT('',(0.0499275411517811,0.0631192239629012,0.));
#7175=CARTESIAN_POINT('',(0.0500500632587117,0.0632139718074381,0.0168083382028976));
#7176=CARTESIAN_POINT('',(0.0500500632587117,0.0632139718074381,0.));
#7177=CARTESIAN_POINT('',(0.0502216902793886,0.0633463755226406,0.0168083382028976));
#7178=CARTESIAN_POINT('',(0.0502216902793886,0.0633463755226406,0.));
#7179=CARTESIAN_POINT('',(0.0504740254698043,0.063540716465893,0.0168083382028976));
#7180=CARTESIAN_POINT('',(0.0504740254698043,0.063540716465893,6.93889390390723E-18));
#7181=CARTESIAN_POINT('',(0.0509071979718169,0.0638739906291853,0.0168083382028976));
#7182=CARTESIAN_POINT('',(0.0509071979718169,0.0638739906291853,-3.46944695195361E-18));
#7183=CARTESIAN_POINT('',(0.051326350493711,0.0641952725148712,0.0168083382028976));
#7184=CARTESIAN_POINT('',(0.051326350493711,0.0641952725148712,0.));
#7185=CARTESIAN_POINT('',(0.0516056232224364,0.0644073514607871,0.0168083382028976));
#7186=CARTESIAN_POINT('',(0.0516056232224364,0.0644073514607871,0.));
#7187=CARTESIAN_POINT('',(0.0517250457626122,0.0644974277672237,0.0168083382028976));
#7188=CARTESIAN_POINT('',(0.0517250457626122,0.0644974277672237,0.));
#7189=CARTESIAN_POINT('',(0.0487316604048969,0.0621748034852706,0.0025));
#7190=CARTESIAN_POINT('',(0.0487316604048969,0.0621748034852706,0.0025));
#7191=CARTESIAN_POINT('',(0.048028489814583,0.0615934696704006,0.0025));
#7192=CARTESIAN_POINT('',(0.0484515889262324,0.0619510068031684,0.0025));
#7193=CARTESIAN_POINT('',(0.0489363593931954,0.0623398149280998,0.0025));
#7194=CARTESIAN_POINT('',(0.0493438053261007,0.0626666052339868,0.0025));
#7195=CARTESIAN_POINT('',(0.049859847019859,0.0630667790894872,0.0025));
#7196=CARTESIAN_POINT('',(0.0501335426510793,0.0632790213119739,0.0025));
#7197=CARTESIAN_POINT('',(0.0507907506392723,0.0637843180338003,0.0025));
#7198=CARTESIAN_POINT('',(0.0513667781420848,0.064227198847914,0.0025));
#7199=CARTESIAN_POINT('',(0.0517250457626122,0.0644974277672237,0.0025));
#7200=CARTESIAN_POINT('',(0.0319743333236798,0.028888934318565,0.0025));
#7201=CARTESIAN_POINT('',(0.0329486666473596,0.0577778686371299,0.0025));
#7202=CARTESIAN_POINT('',(0.0419137207159233,0.067192102835817,0.0025));
#7203=CARTESIAN_POINT('',(0.0484472185275658,0.0740529514224521,0.000273955977526453));
#7204=CARTESIAN_POINT('',(0.0978327383579121,0.0671815539427944,0.0025));
#7205=CARTESIAN_POINT('',(0.0913043649782543,0.0740532038596624,0.000275439568446916));
#7206=CARTESIAN_POINT('',(0.106086194271442,0.0753063370345041,0.00764018978821862));
#7207=CARTESIAN_POINT('',(0.0896616244073865,-0.0390753406926364,0.0232292911607989));
#7208=CARTESIAN_POINT('',(0.0896616244073865,-0.0390753406926364,0.0133653444351923));
#7209=CARTESIAN_POINT('',(0.0893588543754993,-0.0399681090598245,0.0232292911607989));
#7210=CARTESIAN_POINT('',(0.0893588543754993,-0.0399681090598245,0.0133653444351923));
#7211=CARTESIAN_POINT('',(0.0887921588150211,-0.0413960078341892,0.0232292911607989));
#7212=CARTESIAN_POINT('',(0.0887921588150211,-0.0413960078341892,0.0133653444351923));
#7213=CARTESIAN_POINT('',(0.0874068206657522,-0.0429981991409967,0.0232292911607989));
#7214=CARTESIAN_POINT('',(0.0874068206657522,-0.0429981991409967,0.0133653444351923));
#7215=CARTESIAN_POINT('',(0.0865186780696071,-0.0435877769234892,0.0232292911607989));
#7216=CARTESIAN_POINT('',(0.0865186780696071,-0.0435877769234892,0.0133653444351923));
#7217=CARTESIAN_POINT('',(0.0860523231967452,-0.0438227394603956,0.0232292911607989));
#7218=CARTESIAN_POINT('',(0.0860523231967452,-0.0438227394603956,0.0133653444351923));
#7219=CARTESIAN_POINT('',(0.0896616244073865,-0.0390753406926364,0.0133653444351923));
#7220=CARTESIAN_POINT('',(0.0893341947950773,-0.0400408219806235,0.0133653444351923));
#7221=CARTESIAN_POINT('',(0.0885535093173997,-0.0419541193023053,0.0133653444351923));
#7222=CARTESIAN_POINT('',(0.0869871040452787,-0.0433453070685375,0.0133653444351923));
#7223=CARTESIAN_POINT('',(0.0860856612218677,-0.0438058257534826,0.0133653444351923));
#7224=CARTESIAN_POINT('',(0.0896616244073925,-0.0390753406926176,0.0133653444351923));
#7225=CARTESIAN_POINT('',(0.0896616244073865,-0.0390753406926364,0.0231704604646223));
#7226=CARTESIAN_POINT('',(0.0896616244073865,-0.0390753406926364,0.0199020884548123));
#7227=CARTESIAN_POINT('',(0.0896616244073865,-0.0390753406926364,0.0166337164450023));
#7228=CARTESIAN_POINT('',(0.0896616244073865,-0.0390753406926364,0.0133653444351923));
#7229=CARTESIAN_POINT('',(0.0897167962210538,-0.0389107018712047,0.0233922979119002));
#7230=CARTESIAN_POINT('',(0.0897167962210538,-0.0389107018712047,0.0133653444351923));
#7231=CARTESIAN_POINT('',(0.0896982236865388,-0.0389667653791049,0.0233922979119002));
#7232=CARTESIAN_POINT('',(0.0896982236865388,-0.0389667653791049,0.0133653444351923));
#7233=CARTESIAN_POINT('',(0.0896798377259387,-0.0390216356592639,0.0233922979119002));
#7234=CARTESIAN_POINT('',(0.0896798377259387,-0.0390216356592639,0.0133653444351923));
#7235=CARTESIAN_POINT('',(0.0896616244073985,-0.039075340692599,0.0233922979119002));
#7236=CARTESIAN_POINT('',(0.0896616244073985,-0.039075340692599,0.0133653444351923));
#7237=CARTESIAN_POINT('',(0.0897167962210538,-0.0389107018712046,0.0133653444351923));
#7238=CARTESIAN_POINT('',(0.0896985949342212,-0.0389656447217513,0.0133653444351923));
#7239=CARTESIAN_POINT('',(0.0896802134380986,-0.0390205278087627,0.0133653444351923));
#7240=CARTESIAN_POINT('',(0.0896616244073986,-0.0390753406925987,0.0133653444351923));
#7241=CARTESIAN_POINT('',(0.0855477490166964,0.0691188219169591,0.0025));
#7242=CARTESIAN_POINT('',(0.0762246238440866,0.0691155042665571,0.0154936842595571));
#7243=CARTESIAN_POINT('',(0.0762246238440866,0.0691155042665571,0.011162456173038));
#7244=CARTESIAN_POINT('',(0.0762246238440866,0.0691155042665571,0.00683122808651901));
#7245=CARTESIAN_POINT('',(0.0762246238440866,0.0691155042665571,0.00249999999999997));
#7246=CARTESIAN_POINT('',(0.0612142813556668,0.0691156818976787,0.0155723061095484));
#7247=CARTESIAN_POINT('',(0.0612142813556668,0.0691156818976787,0.00249999999999998));
#7248=CARTESIAN_POINT('',(0.0613491829858987,0.0691162953425044,0.0155723061095484));
#7249=CARTESIAN_POINT('',(0.0613491829858987,0.0691162953425044,0.00249999999999998));
#7250=CARTESIAN_POINT('',(0.0615629311735893,0.0691169898258584,0.0155723061095484));
#7251=CARTESIAN_POINT('',(0.0615629311735893,0.0691169898258584,0.00249999999999998));
#7252=CARTESIAN_POINT('',(0.0618910636358595,0.069117460574055,0.0155723061095484));
#7253=CARTESIAN_POINT('',(0.0618910636358595,0.069117460574055,0.00249999999999997));
#7254=CARTESIAN_POINT('',(0.0620806608963533,0.0691175808342517,0.0155723061095484));
#7255=CARTESIAN_POINT('',(0.0620806608963533,0.0691175808342517,0.00249999999999998));
#7256=CARTESIAN_POINT('',(0.0623034412617919,0.0691175364723691,0.0155723061095484));
#7257=CARTESIAN_POINT('',(0.0623034412617919,0.0691175364723691,0.00249999999999997));
#7258=CARTESIAN_POINT('',(0.06229900626783,0.0691175230551488,0.0155723061095484));
#7259=CARTESIAN_POINT('',(0.06229900626783,0.0691175230551488,0.00249999999999998));
#7260=CARTESIAN_POINT('',(0.0623901076246058,0.0691174380100382,0.0155723061095484));
#7261=CARTESIAN_POINT('',(0.0623901076246058,0.0691174380100382,0.00249999999999997));
#7262=CARTESIAN_POINT('',(0.062586482052021,0.069117227560087,0.0155723061095484));
#7263=CARTESIAN_POINT('',(0.062586482052021,0.069117227560087,0.00249999999999998));
#7264=CARTESIAN_POINT('',(0.0628334283866592,0.0691169663885575,0.0155723061095484));
#7265=CARTESIAN_POINT('',(0.0628334283866592,0.0691169663885575,0.00249999999999997));
#7266=CARTESIAN_POINT('',(0.0630890961668843,0.0691166945126719,0.0155723061095484));
#7267=CARTESIAN_POINT('',(0.0630890961668843,0.0691166945126719,0.00249999999999998));
#7268=CARTESIAN_POINT('',(0.0632343107463417,0.0691165400790365,0.0155723061095484));
#7269=CARTESIAN_POINT('',(0.0632343107463417,0.0691165400790365,0.00249999999999997));
#7270=CARTESIAN_POINT('',(0.0633668266666454,0.0691163989836563,0.0155723061095484));
#7271=CARTESIAN_POINT('',(0.0633668266666454,0.0691163989836563,0.00249999999999998));
#7272=CARTESIAN_POINT('',(0.0633907458434841,0.0691163736407683,0.0155723061095484));
#7273=CARTESIAN_POINT('',(0.0633907458434841,0.0691163736407683,0.00249999999999997));
#7274=CARTESIAN_POINT('',(0.0634439592101736,0.0691163187658487,0.0155723061095484));
#7275=CARTESIAN_POINT('',(0.0634439592101736,0.0691163187658487,0.00249999999999997));
#7276=CARTESIAN_POINT('',(0.0635459715178011,0.0691162191821921,0.0155723061095484));
#7277=CARTESIAN_POINT('',(0.0635459715178011,0.0691162191821921,0.00249999999999998));
#7278=CARTESIAN_POINT('',(0.063704448523626,0.0691160793620426,0.0155723061095484));
#7279=CARTESIAN_POINT('',(0.063704448523626,0.0691160793620426,0.00249999999999998));
#7280=CARTESIAN_POINT('',(0.0639747569024946,0.0691158719160237,0.0155723061095484));
#7281=CARTESIAN_POINT('',(0.0639747569024946,0.0691158719160237,0.00249999999999998));
#7282=CARTESIAN_POINT('',(0.0643481410460479,0.069115638248748,0.0155723061095484));
#7283=CARTESIAN_POINT('',(0.0643481410460479,0.069115638248748,0.00249999999999997));
#7284=CARTESIAN_POINT('',(0.0647705691141423,0.0691154393148581,0.0155723061095484));
#7285=CARTESIAN_POINT('',(0.0647705691141423,0.0691154393148581,0.00249999999999998));
#7286=CARTESIAN_POINT('',(0.0650867480144077,0.0691153196283754,0.0155723061095484));
#7287=CARTESIAN_POINT('',(0.0650867480144077,0.0691153196283754,0.00249999999999998));
#7288=CARTESIAN_POINT('',(0.0652811496527054,0.0691152546410623,0.0155723061095484));
#7289=CARTESIAN_POINT('',(0.0652811496527054,0.0691152546410623,0.00249999999999997));
#7290=CARTESIAN_POINT('',(0.0653899295023043,0.0691152205955379,0.0155723061095484));
#7291=CARTESIAN_POINT('',(0.0653899295023043,0.0691152205955379,0.00249999999999998));
#7292=CARTESIAN_POINT('',(0.0655146414321091,0.0691151846342836,0.0155723061095484));
#7293=CARTESIAN_POINT('',(0.0655146414321091,0.0691151846342836,0.00249999999999997));
#7294=CARTESIAN_POINT('',(0.0655093669428623,0.0691151862137768,0.0155723061095484));
#7295=CARTESIAN_POINT('',(0.0655093669428623,0.0691151862137768,0.00249999999999998));
#7296=CARTESIAN_POINT('',(0.0655304832588928,0.0691151792000942,0.0155723061095484));
#7297=CARTESIAN_POINT('',(0.0655304832588928,0.0691151792000942,0.00249999999999998));
#7298=CARTESIAN_POINT('',(0.0655846832993589,0.0691151591439336,0.0155723061095484));
#7299=CARTESIAN_POINT('',(0.0655846832993589,0.0691151591439336,0.00249999999999998));
#7300=CARTESIAN_POINT('',(0.065752353350134,0.0691150963163543,0.0155723061095484));
#7301=CARTESIAN_POINT('',(0.065752353350134,0.0691150963163543,0.00249999999999997));
#7302=CARTESIAN_POINT('',(0.0660805710301369,0.0691149714783463,0.0155723061095484));
#7303=CARTESIAN_POINT('',(0.0660805710301369,0.0691149714783463,0.00249999999999998));
#7304=CARTESIAN_POINT('',(0.0665399807501925,0.0691147959816577,0.0155723061095484));
#7305=CARTESIAN_POINT('',(0.0665399807501925,0.0691147959816577,0.00249999999999998));
#7306=CARTESIAN_POINT('',(0.0671312823504269,0.069114569429694,0.0155723061095484));
#7307=CARTESIAN_POINT('',(0.0671312823504269,0.069114569429694,0.00249999999999998));
#7308=CARTESIAN_POINT('',(0.0677281356762842,0.0691143404211842,0.0155723061095484));
#7309=CARTESIAN_POINT('',(0.0677281356762842,0.0691143404211842,0.00249999999999997));
#7310=CARTESIAN_POINT('',(0.0682124781932903,0.0691141542804956,0.0155723061095484));
#7311=CARTESIAN_POINT('',(0.0682124781932903,0.0691141542804956,0.00249999999999999));
#7312=CARTESIAN_POINT('',(0.0684908783699587,0.0691140474284068,0.0155723061095484));
#7313=CARTESIAN_POINT('',(0.0684908783699587,0.0691140474284068,0.00249999999999997));
#7314=CARTESIAN_POINT('',(0.0687492371051118,0.069113947709292,0.0155723061095484));
#7315=CARTESIAN_POINT('',(0.0687492371051118,0.069113947709292,0.00249999999999998));
#7316=CARTESIAN_POINT('',(0.0688575253196975,0.0691139076071274,0.0155723061095484));
#7317=CARTESIAN_POINT('',(0.0688575253196975,0.0691139076071274,0.00249999999999997));
#7318=CARTESIAN_POINT('',(0.0690518261149482,0.0691138407885479,0.0155723061095484));
#7319=CARTESIAN_POINT('',(0.0690518261149482,0.0691138407885479,0.00249999999999998));
#7320=CARTESIAN_POINT('',(0.0693626430139813,0.069113748318811,0.0155723061095484));
#7321=CARTESIAN_POINT('',(0.0693626430139813,0.069113748318811,0.00249999999999997));
#7322=CARTESIAN_POINT('',(0.0698048461964678,0.0691136557867663,0.0155723061095484));
#7323=CARTESIAN_POINT('',(0.0698048461964678,0.0691136557867663,0.00249999999999998));
#7324=CARTESIAN_POINT('',(0.0703069875352726,0.069113617597811,0.0155723061095484));
#7325=CARTESIAN_POINT('',(0.0703069875352726,0.069113617597811,0.00249999999999998));
#7326=CARTESIAN_POINT('',(0.0707873629389528,0.0691136495873592,0.0155723061095484));
#7327=CARTESIAN_POINT('',(0.0707873629389528,0.0691136495873592,0.00249999999999998));
#7328=CARTESIAN_POINT('',(0.0712445975313299,0.0691137528463349,0.0155723061095484));
#7329=CARTESIAN_POINT('',(0.0712445975313299,0.0691137528463349,0.00249999999999998));
#7330=CARTESIAN_POINT('',(0.0716774329742273,0.0691139256134674,0.0155723061095484));
#7331=CARTESIAN_POINT('',(0.0716774329742273,0.0691139256134674,0.00249999999999998));
#7332=CARTESIAN_POINT('',(0.0720231151155047,0.0691141323948,0.0155723061095484));
#7333=CARTESIAN_POINT('',(0.0720231151155047,0.0691141323948,0.00249999999999997));
#7334=CARTESIAN_POINT('',(0.0722465777926378,0.0691143005734051,0.0155723061095484));
#7335=CARTESIAN_POINT('',(0.0722465777926378,0.0691143005734051,0.00249999999999998));
#7336=CARTESIAN_POINT('',(0.0723844862119263,0.0691144172415395,0.0155723061095484));
#7337=CARTESIAN_POINT('',(0.0723844862119263,0.0691144172415395,0.00249999999999998));
#7338=CARTESIAN_POINT('',(0.0724495444044966,0.0691144761271895,0.0155723061095484));
#7339=CARTESIAN_POINT('',(0.0724495444044966,0.0691144761271895,0.00249999999999998));
#7340=CARTESIAN_POINT('',(0.0726543085089737,0.0691146657049852,0.0155723061095484));
#7341=CARTESIAN_POINT('',(0.0726543085089737,0.0691146657049852,0.00249999999999998));
#7342=CARTESIAN_POINT('',(0.0728723758381367,0.0691148589023322,0.0155723061095484));
#7343=CARTESIAN_POINT('',(0.0728723758381367,0.0691148589023322,0.00249999999999997));
#7344=CARTESIAN_POINT('',(0.0732643570992987,0.0691151904876718,0.0155723061095484));
#7345=CARTESIAN_POINT('',(0.0732643570992987,0.0691151904876718,0.00249999999999998));
#7346=CARTESIAN_POINT('',(0.073775170980993,0.0691155692234153,0.0155723061095484));
#7347=CARTESIAN_POINT('',(0.073775170980993,0.0691155692234153,0.00249999999999998));
#7348=CARTESIAN_POINT('',(0.0743342168373577,0.0691158957142741,0.0155723061095484));
#7349=CARTESIAN_POINT('',(0.0743342168373577,0.0691158957142741,0.00249999999999998));
#7350=CARTESIAN_POINT('',(0.0749989531560529,0.0691161518569408,0.0155723061095484));
#7351=CARTESIAN_POINT('',(0.0749989531560529,0.0691161518569408,0.00249999999999998));
#7352=CARTESIAN_POINT('',(0.0756827686578404,0.0691161397920899,0.0155723061095484));
#7353=CARTESIAN_POINT('',(0.0756827686578404,0.0691161397920899,0.00249999999999998));
#7354=CARTESIAN_POINT('',(0.0760723330953196,0.0691157745844171,0.0155723061095484));
#7355=CARTESIAN_POINT('',(0.0760723330953196,0.0691157745844171,0.00249999999999998));
#7356=CARTESIAN_POINT('',(0.0762281833493334,0.0691155015949205,0.0155723061095484));
#7357=CARTESIAN_POINT('',(0.0762281833493334,0.0691155015949205,0.00249999999999998));
#7358=CARTESIAN_POINT('',(0.0612223082919896,0.0691156995747406,0.0025));
#7359=CARTESIAN_POINT('',(0.0612223082919896,0.0691156995747406,0.00683121265328347));
#7360=CARTESIAN_POINT('',(0.0612223082919896,0.0691156995747406,0.0111624253065669));
#7361=CARTESIAN_POINT('',(0.0612223082919896,0.0691156995747406,0.0154936379598504));
#7362=CARTESIAN_POINT('',(0.0612223608926332,0.0691156995639482,0.0025));
#7363=CARTESIAN_POINT('',(0.0549682267070474,0.0691169827642445,0.0025));
#7364=CARTESIAN_POINT('',(0.0545130942147563,0.0687675303318464,0.0025));
#7365=CARTESIAN_POINT('',(0.0407342233988726,0.0503127907028268,0.0204831422375824));
#7366=CARTESIAN_POINT('',(0.0407342233988726,0.0503127907028268,0.00835712993375706));
#7367=CARTESIAN_POINT('',(0.0407910921372791,0.0514855632519197,0.0204831422375824));
#7368=CARTESIAN_POINT('',(0.0407910921372791,0.0514855632519197,0.00835712993375706));
#7369=CARTESIAN_POINT('',(0.0409344347162447,0.0540290774394759,0.0204831422375824));
#7370=CARTESIAN_POINT('',(0.0409344347162447,0.0540290774394759,0.00835712993375705));
#7371=CARTESIAN_POINT('',(0.0417729057171288,0.0564745931191854,0.0204831422375824));
#7372=CARTESIAN_POINT('',(0.0417729057171288,0.0564745931191854,0.00835712993375706));
#7373=CARTESIAN_POINT('',(0.0423660049070324,0.0575908969129482,0.0204831422375824));
#7374=CARTESIAN_POINT('',(0.0423660049070324,0.0575908969129482,0.00835712993375706));
#7375=CARTESIAN_POINT('',(0.10387766202587,0.0128945224379355,-0.0299714738854311));
#7376=CARTESIAN_POINT('',(0.102313557176679,0.0571017443584216,0.0186357010539192));
#7377=CARTESIAN_POINT('',(0.105454966229993,-0.0168326589299882,-0.0221967806042641));
#7378=CARTESIAN_POINT('',(0.103411564604531,0.0126085697581692,-0.0298966873003662));
#7379=CARTESIAN_POINT('',(0.101385080146823,0.041806056737213,-0.0375328470503744));
#7380=CARTESIAN_POINT('',(0.0814226622586857,0.0366105320381113,-0.0361740363891716));
#7381=CARTESIAN_POINT('',(0.0840640409807922,0.0682425990138562,0.0174677883653759));
#7382=CARTESIAN_POINT('',(0.0390517562052623,0.0126085697581692,-0.0298966873003662));
#7383=CARTESIAN_POINT('',(0.0410782406629703,0.041806056737213,-0.0375328470503744));
#7384=CARTESIAN_POINT('',(0.0370083545798005,-0.0168326589299882,-0.0221967806042641));
#7385=CARTESIAN_POINT('',(0.0385856587839234,0.0128945224379355,-0.0299714738854311));
#7386=CARTESIAN_POINT('',(0.0401497636331143,0.0575291026622616,0.0202697407964404));
#7387=CARTESIAN_POINT('',(0.0492223955013039,0.0482203785630113,-0.0392104156090971));
#7388=CARTESIAN_POINT('',(0.0576360254863166,0.0685761160765856,0.0173805620375696));
#7389=CARTESIAN_POINT('',(0.061040658551108,0.0366105320381113,-0.0361740363891716));
#7390=CARTESIAN_POINT('',(0.0583992798290015,0.066694683718562,0.0115492064919457));
#7391=CARTESIAN_POINT('',(0.100886203550812,0.0417736483913499,-0.0375243711391968));
#7392=CARTESIAN_POINT('',(0.0845581332821034,0.0530122936862432,-0.0404636683090895));
#7393=CARTESIAN_POINT('',(0.101814214640923,0.0423481392847831,-0.0376746205164918));
#7394=CARTESIAN_POINT('',(0.0853114142558456,0.0513987744184032,-0.0400416768240762));
#7395=CARTESIAN_POINT('',(0.0848173219545344,0.0652210705954341,0.0125061406670353));
#7396=CARTESIAN_POINT('',(0.0848283209785848,0.0652128706120458,0.0121945169639992));
#7397=CARTESIAN_POINT('',(0.0848767036163385,0.0651767918207403,0.0115740040575962));
#7398=CARTESIAN_POINT('',(0.0849833678965482,0.0650973365038012,0.0108057921803746));
#7399=CARTESIAN_POINT('',(0.0850993854550929,0.065010797516348,0.0101987634326426));
#7400=CARTESIAN_POINT('',(0.0852059464204067,0.0649312185858829,0.00975134555449975));
#7401=CARTESIAN_POINT('',(0.0853174462568856,0.0648478482135368,0.00938318054779556));
#7402=CARTESIAN_POINT('',(0.0854373842873764,0.0647580425889741,0.00911567283470797));
#7403=CARTESIAN_POINT('',(0.0855195843683547,0.0646964388967822,0.00898373285357659));
#7404=CARTESIAN_POINT('',(0.0855805762972152,0.0646506813741582,0.00896275406736291));
#7405=CARTESIAN_POINT('',(0.0848173219545337,0.0652210705954294,0.0125061406670354));
#7406=CARTESIAN_POINT('',(0.0848173219545344,0.0514729149147455,-0.0400610671460728));
#7407=CARTESIAN_POINT('',(0.0579051875276903,0.0530122936862432,-0.0404636683090895));
#7408=CARTESIAN_POINT('',(0.0406491061688702,0.0423481392847831,-0.0376746205164918));
#7409=CARTESIAN_POINT('',(0.0415771172589819,0.0417736483913498,-0.0375243711391968));
#7410=CARTESIAN_POINT('',(0.0912316604048969,-0.0232444005669308,0.0179455499858636));
#7411=CARTESIAN_POINT('',(0.0912316604048969,-0.0391773056943756,0.00786534443519228));
#7412=CARTESIAN_POINT('',(0.0912316604048969,-0.0389180268984403,0.0133653444351923));
#7413=CARTESIAN_POINT('',(0.0912316604048969,-0.0389180268984403,0.0133653444351923));
#7414=CARTESIAN_POINT('',(0.0912316604048969,-0.0391773056943756,0.00786534443519228));
#7415=CARTESIAN_POINT('',(0.0912316604048969,-0.0389180268984403,0.0133653444351923));
#7416=CARTESIAN_POINT('',(0.0512316604048969,-0.0389180268984403,0.0133653444351923));
#7417=CARTESIAN_POINT('',(0.0912316604048969,-0.0391773056943756,0.00786534443519228));
#7418=CARTESIAN_POINT('',(0.0512316604048969,-0.0391773056943756,0.00786534443519228));
#7419=CARTESIAN_POINT('',(0.0512316604048969,-0.0232444005669308,0.0179455499858636));
#7420=CARTESIAN_POINT('',(0.0864625848146935,-0.0379904307035667,0.00250000000000001));
#7421=CARTESIAN_POINT('',(0.0864625848146935,-0.0379904307035667,0.00786534443519228));
#7422=CARTESIAN_POINT('',(0.0863053796263597,-0.0384539766444497,0.00250000000000001));
#7423=CARTESIAN_POINT('',(0.0863053796263597,-0.0384539766444497,0.00786534443519228));
#7424=CARTESIAN_POINT('',(0.085975219151758,-0.0393084186826902,0.00250000000000001));
#7425=CARTESIAN_POINT('',(0.085975219151758,-0.0393084186826902,0.00786534443519228));
#7426=CARTESIAN_POINT('',(0.0854266099829418,-0.0401663491462011,0.00250000000000001));
#7427=CARTESIAN_POINT('',(0.0854266099829418,-0.0401663491462011,0.00786534443519228));
#7428=CARTESIAN_POINT('',(0.0849269265284175,-0.0405996324857909,0.00250000000000001));
#7429=CARTESIAN_POINT('',(0.0849269265284175,-0.0405996324857909,0.00786534443519228));
#7430=CARTESIAN_POINT('',(0.0843888024666012,-0.0408863213764686,0.00250000000000001));
#7431=CARTESIAN_POINT('',(0.0843888024666012,-0.0408863213764686,0.00786534443519228));
#7432=CARTESIAN_POINT('',(0.083891741224766,-0.0410703546602928,0.00250000000000001));
#7433=CARTESIAN_POINT('',(0.083891741224766,-0.0410703546602928,0.00786534443519228));
#7434=CARTESIAN_POINT('',(0.0833958243760277,-0.0411953222472405,0.00250000000000001));
#7435=CARTESIAN_POINT('',(0.0833958243760277,-0.0411953222472405,0.00786534443519228));
#7436=CARTESIAN_POINT('',(0.082966100695053,-0.0412762014307369,0.00250000000000001));
#7437=CARTESIAN_POINT('',(0.082966100695053,-0.0412762014307369,0.00786534443519228));
#7438=CARTESIAN_POINT('',(0.0827009402562636,-0.0413164507408762,0.00250000000000001));
#7439=CARTESIAN_POINT('',(0.0827009402562636,-0.0413164507408762,0.00786534443519228));
#7440=CARTESIAN_POINT('',(0.0825390612501763,-0.0413383863697326,0.00250000000000001));
#7441=CARTESIAN_POINT('',(0.0825390612501763,-0.0413383863697326,0.00786534443519228));
#7442=CARTESIAN_POINT('',(0.0824242677987271,-0.0413528990885099,0.00250000000000001));
#7443=CARTESIAN_POINT('',(0.0824242677987271,-0.0413528990885099,0.00786534443519228));
#7444=CARTESIAN_POINT('',(0.0824379742168325,-0.0413511271204627,0.00250000000000001));
#7445=CARTESIAN_POINT('',(0.0824379742168325,-0.0413511271204627,0.00786534443519228));
#7446=CARTESIAN_POINT('',(0.0824155711876572,-0.0413539151234069,0.00250000000000001));
#7447=CARTESIAN_POINT('',(0.0824155711876572,-0.0413539151234069,0.00786534443519228));
#7448=CARTESIAN_POINT('',(0.0824014543320262,-0.0413556163861509,0.00250000000000001));
#7449=CARTESIAN_POINT('',(0.0824014543320262,-0.0413556163861509,0.00786534443519228));
#7450=CARTESIAN_POINT('',(0.082356086301501,-0.041361088893579,0.00250000000000001));
#7451=CARTESIAN_POINT('',(0.082356086301501,-0.041361088893579,0.00786534443519228));
#7452=CARTESIAN_POINT('',(0.0822926657614904,-0.0413684552852996,0.00250000000000001));
#7453=CARTESIAN_POINT('',(0.0822926657614904,-0.0413684552852996,0.00786534443519228));
#7454=CARTESIAN_POINT('',(0.0822049937910509,-0.0413781419852493,0.00250000000000001));
#7455=CARTESIAN_POINT('',(0.0822049937910509,-0.0413781419852493,0.00786534443519228));
#7456=CARTESIAN_POINT('',(0.082088564080567,-0.0413903096621581,0.00250000000000001));
#7457=CARTESIAN_POINT('',(0.082088564080567,-0.0413903096621581,0.00786534443519228));
#7458=CARTESIAN_POINT('',(0.0819417783147039,-0.0414044201916149,0.00250000000000001));
#7459=CARTESIAN_POINT('',(0.0819417783147039,-0.0414044201916149,0.00786534443519228));
#7460=CARTESIAN_POINT('',(0.0817643110689886,-0.0414196194271251,0.00250000000000001));
#7461=CARTESIAN_POINT('',(0.0817643110689886,-0.0414196194271251,0.00786534443519228));
#7462=CARTESIAN_POINT('',(0.0815257026740825,-0.0414377546126738,0.00250000000000001));
#7463=CARTESIAN_POINT('',(0.0815257026740825,-0.0414377546126738,0.00786534443519228));
#7464=CARTESIAN_POINT('',(0.0812238382953732,-0.0414566998187555,0.00250000000000001));
#7465=CARTESIAN_POINT('',(0.0812238382953732,-0.0414566998187555,0.00786534443519228));
#7466=CARTESIAN_POINT('',(0.0808560235329588,-0.0414744497188433,0.00250000000000001));
#7467=CARTESIAN_POINT('',(0.0808560235329588,-0.0414744497188433,0.00786534443519228));
#7468=CARTESIAN_POINT('',(0.0803578936364391,-0.0414927614591787,0.00250000000000001));
#7469=CARTESIAN_POINT('',(0.0803578936364391,-0.0414927614591787,0.00786534443519228));
#7470=CARTESIAN_POINT('',(0.0797244030392376,-0.0415086202934461,0.00250000000000001));
#7471=CARTESIAN_POINT('',(0.0797244030392376,-0.0415086202934461,0.00786534443519228));
#7472=CARTESIAN_POINT('',(0.0789606547531058,-0.0415193489227716,0.00250000000000001));
#7473=CARTESIAN_POINT('',(0.0789606547531058,-0.0415193489227716,0.00786534443519228));
#7474=CARTESIAN_POINT('',(0.078190522129017,-0.0415242065253829,0.00250000000000001));
#7475=CARTESIAN_POINT('',(0.078190522129017,-0.0415242065253829,0.00786534443519228));
#7476=CARTESIAN_POINT('',(0.0771546645636167,-0.0415263972424038,0.00250000000000001));
#7477=CARTESIAN_POINT('',(0.0771546645636167,-0.0415263972424038,0.00786534443519228));
#7478=CARTESIAN_POINT('',(0.0758545227953025,-0.0415277084183433,0.00250000000000001));
#7479=CARTESIAN_POINT('',(0.0758545227953025,-0.0415277084183433,0.00786534443519228));
#7480=CARTESIAN_POINT('',(0.0742950140620604,-0.0415281282399173,0.00250000000000001));
#7481=CARTESIAN_POINT('',(0.0742950140620604,-0.0415281282399173,0.00786534443519228));
#7482=CARTESIAN_POINT('',(0.0727335359990724,-0.0415288225722729,0.00250000000000001));
#7483=CARTESIAN_POINT('',(0.0727335359990724,-0.0415288225722729,0.00786534443519228));
#7484=CARTESIAN_POINT('',(0.0711728739730977,-0.0415301016933892,0.00250000000000001));
#7485=CARTESIAN_POINT('',(0.0711728739730977,-0.0415301016933892,0.00786534443519228));
#7486=CARTESIAN_POINT('',(0.0696125939181386,-0.0415313596744855,0.00250000000000001));
#7487=CARTESIAN_POINT('',(0.0696125939181386,-0.0415313596744855,0.00786534443519228));
#7488=CARTESIAN_POINT('',(0.068052796615402,-0.0415322323682916,0.00250000000000001));
#7489=CARTESIAN_POINT('',(0.068052796615402,-0.0415322323682916,0.00786534443519228));
#7490=CARTESIAN_POINT('',(0.066753410120668,-0.0415321622646381,0.00250000000000001));
#7491=CARTESIAN_POINT('',(0.066753410120668,-0.0415321622646381,0.00786534443519228));
#7492=CARTESIAN_POINT('',(0.0657133554798954,-0.0415317562289341,0.00250000000000001));
#7493=CARTESIAN_POINT('',(0.0657133554798954,-0.0415317562289341,0.00786534443519228));
#7494=CARTESIAN_POINT('',(0.0649331162438368,-0.041531411743237,0.00250000000000001));
#7495=CARTESIAN_POINT('',(0.0649331162438368,-0.041531411743237,0.00786534443519228));
#7496=CARTESIAN_POINT('',(0.0641526581008746,-0.0415311165065001,0.00250000000000001));
#7497=CARTESIAN_POINT('',(0.0641526581008746,-0.0415311165065001,0.00786534443519228));
#7498=CARTESIAN_POINT('',(0.0633719865892705,-0.041530972131629,0.00250000000000001));
#7499=CARTESIAN_POINT('',(0.0633719865892705,-0.041530972131629,0.00786534443519228));
#7500=CARTESIAN_POINT('',(0.0625910976109094,-0.0415310769095787,0.00250000000000001));
#7501=CARTESIAN_POINT('',(0.0625910976109094,-0.0415310769095787,0.00786534443519228));
#7502=CARTESIAN_POINT('',(0.0619401824588,-0.0415314549037937,0.00250000000000001));
#7503=CARTESIAN_POINT('',(0.0619401824588,-0.0415314549037937,0.00786534443519229));
#7504=CARTESIAN_POINT('',(0.0614193299664827,-0.0415319807004434,0.00250000000000001));
#7505=CARTESIAN_POINT('',(0.0614193299664827,-0.0415319807004434,0.00786534443519228));
#7506=CARTESIAN_POINT('',(0.061093779887504,-0.0415324140258311,0.00250000000000001));
#7507=CARTESIAN_POINT('',(0.061093779887504,-0.0415324140258311,0.00786534443519228));
#7508=CARTESIAN_POINT('',(0.0608332490075653,-0.041532826611434,0.00250000000000001));
#7509=CARTESIAN_POINT('',(0.0608332490075653,-0.041532826611434,0.00786534443519228));
#7510=CARTESIAN_POINT('',(0.060638011790301,-0.0415331785305422,0.00250000000000001));
#7511=CARTESIAN_POINT('',(0.060638011790301,-0.0415331785305422,0.00786534443519228));
#7512=CARTESIAN_POINT('',(0.0604438397859913,-0.041533485298681,0.00250000000000001));
#7513=CARTESIAN_POINT('',(0.0604438397859913,-0.041533485298681,0.00786534443519228));
#7514=CARTESIAN_POINT('',(0.0602505284656483,-0.0415336404252595,0.00250000000000001));
#7515=CARTESIAN_POINT('',(0.0602505284656483,-0.0415336404252595,0.00786534443519228));
#7516=CARTESIAN_POINT('',(0.060090178631024,-0.0415335599888531,0.00250000000000001));
#7517=CARTESIAN_POINT('',(0.060090178631024,-0.0415335599888531,0.00786534443519228));
#7518=CARTESIAN_POINT('',(0.0599623882248294,-0.0415333202398239,0.00250000000000001));
#7519=CARTESIAN_POINT('',(0.0599623882248294,-0.0415333202398239,0.00786534443519228));
#7520=CARTESIAN_POINT('',(0.0598826149972102,-0.0415330864073482,0.0025));
#7521=CARTESIAN_POINT('',(0.0598826149972102,-0.0415330864073482,0.00786534443519228));
#7522=CARTESIAN_POINT('',(0.0598191210550836,-0.0415328445205106,0.00250000000000001));
#7523=CARTESIAN_POINT('',(0.0598191210550836,-0.0415328445205106,0.00786534443519228));
#7524=CARTESIAN_POINT('',(0.0597790010897674,-0.0415326656314343,0.00250000000000001));
#7525=CARTESIAN_POINT('',(0.0597790010897674,-0.0415326656314343,0.00786534443519228));
#7526=CARTESIAN_POINT('',(0.0597480403160734,-0.0415325139468073,0.00250000000000001));
#7527=CARTESIAN_POINT('',(0.0597480403160734,-0.0415325139468073,0.00786534443519228));
#7528=CARTESIAN_POINT('',(0.0597261758316982,-0.0415323965784696,0.00250000000000001));
#7529=CARTESIAN_POINT('',(0.0597261758316982,-0.0415323965784696,0.00786534443519228));
#7530=CARTESIAN_POINT('',(0.0597159388304113,-0.0415323427743289,0.00250000000000001));
#7531=CARTESIAN_POINT('',(0.0597159388304113,-0.0415323427743289,0.00786534443519228));
#7532=CARTESIAN_POINT('',(0.0597021709642843,-0.0415322610548238,0.00250000000000001));
#7533=CARTESIAN_POINT('',(0.0597021709642843,-0.0415322610548238,0.00786534443519228));
#7534=CARTESIAN_POINT('',(0.0597141594216357,-0.0415323399564952,0.00250000000000001));
#7535=CARTESIAN_POINT('',(0.0597141594216357,-0.0415323399564952,0.00786534443519228));
#7536=CARTESIAN_POINT('',(0.0596203733451626,-0.0415317612583287,0.00250000000000001));
#7537=CARTESIAN_POINT('',(0.0596203733451626,-0.0415317612583287,0.00786534443519228));
#7538=CARTESIAN_POINT('',(0.0595324400568682,-0.041531085024274,0.00250000000000001));
#7539=CARTESIAN_POINT('',(0.0595324400568682,-0.041531085024274,0.00786534443519228));
#7540=CARTESIAN_POINT('',(0.0593618515709995,-0.0415295076886986,0.00250000000000001));
#7541=CARTESIAN_POINT('',(0.0593618515709995,-0.0415295076886986,0.00786534443519228));
#7542=CARTESIAN_POINT('',(0.0591287802280994,-0.0415263499886221,0.00250000000000001));
#7543=CARTESIAN_POINT('',(0.0591287802280994,-0.0415263499886221,0.00786534443519228));
#7544=CARTESIAN_POINT('',(0.0587552393554142,-0.0415188095100809,0.00250000000000001));
#7545=CARTESIAN_POINT('',(0.0587552393554142,-0.0415188095100809,0.00786534443519228));
#7546=CARTESIAN_POINT('',(0.058299855961777,-0.0415039741905338,0.00250000000000001));
#7547=CARTESIAN_POINT('',(0.058299855961777,-0.0415039741905338,0.00786534443519228));
#7548=CARTESIAN_POINT('',(0.0577731252933055,-0.0414749622764062,0.00250000000000001));
#7549=CARTESIAN_POINT('',(0.0577731252933055,-0.0414749622764062,0.00786534443519228));
#7550=CARTESIAN_POINT('',(0.0571039676356252,-0.0414183170437742,0.00250000000000001));
#7551=CARTESIAN_POINT('',(0.0571039676356252,-0.0414183170437742,0.00786534443519228));
#7552=CARTESIAN_POINT('',(0.0563387344141008,-0.0413086833115381,0.00250000000000001));
#7553=CARTESIAN_POINT('',(0.0563387344141008,-0.0413086833115381,0.00786534443519228));
#7554=CARTESIAN_POINT('',(0.0555541987491454,-0.0411060869192195,0.00250000000000001));
#7555=CARTESIAN_POINT('',(0.0555541987491454,-0.0411060869192195,0.00786534443519228));
#7556=CARTESIAN_POINT('',(0.0548983833502353,-0.0408306648285675,0.00250000000000001));
#7557=CARTESIAN_POINT('',(0.0548983833502353,-0.0408306648285675,0.00786534443519228));
#7558=CARTESIAN_POINT('',(0.0541511338291072,-0.0403571308647549,0.00250000000000001));
#7559=CARTESIAN_POINT('',(0.0541511338291072,-0.0403571308647549,0.00786534443519228));
#7560=CARTESIAN_POINT('',(0.0533216792178648,-0.0394773263161106,0.00250000000000001));
#7561=CARTESIAN_POINT('',(0.0533216792178648,-0.0394773263161106,0.00786534443519228));
#7562=CARTESIAN_POINT('',(0.0527033964933996,-0.0383350246083996,0.00250000000000001));
#7563=CARTESIAN_POINT('',(0.0527033964933996,-0.0383350246083996,0.00786534443519228));
#7564=CARTESIAN_POINT('',(0.052410269776446,-0.0377047025948719,0.00250000000000001));
#7565=CARTESIAN_POINT('',(0.052410269776446,-0.0377047025948719,0.00786534443519228));
#7566=CARTESIAN_POINT('',(0.0864625848146935,-0.0379904307035667,0.00786534443519228));
#7567=CARTESIAN_POINT('',(0.0863367922698596,-0.0383613511812502,0.00786534443519228));
#7568=CARTESIAN_POINT('',(0.0860660775543755,-0.0390908206100509,0.00786534443519228));
#7569=CARTESIAN_POINT('',(0.0854998773115413,-0.0401389291391385,0.00786534443519228));
#7570=CARTESIAN_POINT('',(0.0845558973077374,-0.0408779298716143,0.00786534443519228));
#7571=CARTESIAN_POINT('',(0.0834164776237066,-0.041212682913455,0.00786534443519228));
#7572=CARTESIAN_POINT('',(0.0822716451696961,-0.0413861798674185,0.00786534443519228));
#7573=CARTESIAN_POINT('',(0.0807154030040723,-0.0414973470138276,0.00786534443519228));
#7574=CARTESIAN_POINT('',(0.0787697825533273,-0.0415254556394788,0.00786534443519228));
#7575=CARTESIAN_POINT('',(0.0764341437030564,-0.0415271977196453,0.00786534443519229));
#7576=CARTESIAN_POINT('',(0.0733201278035582,-0.0415283878869045,0.00786534443519228));
#7577=CARTESIAN_POINT('',(0.0694274673184953,-0.0415321284089037,0.00786534443519228));
#7578=CARTESIAN_POINT('',(0.0655351200479134,-0.0415323181019878,0.00786534443519228));
#7579=CARTESIAN_POINT('',(0.0624206020880461,-0.041529448497658,0.00786534443519228));
#7580=CARTESIAN_POINT('',(0.0600864460537005,-0.0415378311454281,0.00786534443519228));
#7581=CARTESIAN_POINT('',(0.058135814566399,-0.0415232627328489,0.00786534443519228));
#7582=CARTESIAN_POINT('',(0.0565922812748323,-0.0413632460098005,0.00786534443519228));
#7583=CARTESIAN_POINT('',(0.0554496166147483,-0.0410993738028084,0.00786534443519228));
#7584=CARTESIAN_POINT('',(0.0543994908521392,-0.0405742644042022,0.00786534443519228));
#7585=CARTESIAN_POINT('',(0.0535608679143582,-0.0397413902527298,0.00786534443519228));
#7586=CARTESIAN_POINT('',(0.0529224893713107,-0.0387558833802625,0.00786534443519228));
#7587=CARTESIAN_POINT('',(0.0525749063005243,-0.0380587270469441,0.00786534443519228));
#7588=CARTESIAN_POINT('',(0.052410269776446,-0.0377047025948719,0.00786534443519228));
#7589=CARTESIAN_POINT('',(0.0864616073738809,-0.0379933301107012,0.00786534443519228));
#7590=CARTESIAN_POINT('',(0.0524102697552718,-0.037704702576306,0.00786534443519228));
#7591=CARTESIAN_POINT('',(0.0864606299330683,-0.0379962295178356,0.00249999999999999));
#7592=CARTESIAN_POINT('',(0.0864606299330683,-0.0379962295178356,0.00428844814506408));
#7593=CARTESIAN_POINT('',(0.0864606299330683,-0.0379962295178356,0.00607689629012818));
#7594=CARTESIAN_POINT('',(0.0864606299330683,-0.0379962295178356,0.00786534443519227));
#7595=CARTESIAN_POINT('',(0.0864625848146935,-0.0379904307035667,0.0025));
#7596=CARTESIAN_POINT('',(0.0864625848146935,-0.0379904307035667,0.0025));
#7597=CARTESIAN_POINT('',(0.0863367993530266,-0.0383613302953408,0.0025));
#7598=CARTESIAN_POINT('',(0.0860661003468254,-0.0390907595126293,0.0025));
#7599=CARTESIAN_POINT('',(0.0854999515017357,-0.040138814597356,0.0025));
#7600=CARTESIAN_POINT('',(0.084556079818303,-0.0408778396492382,0.0025));
#7601=CARTESIAN_POINT('',(0.0834167341718891,-0.0412126279094698,0.0025));
#7602=CARTESIAN_POINT('',(0.0822719710527156,-0.0413861437249237,0.0025));
#7603=CARTESIAN_POINT('',(0.0807158207040693,-0.0414973339442362,0.0025));
#7604=CARTESIAN_POINT('',(0.0787703079561969,-0.0415254528584308,0.0025));
#7605=CARTESIAN_POINT('',(0.0764348018639554,-0.0415271976012038,0.0025));
#7606=CARTESIAN_POINT('',(0.0733209580771296,-0.0415283872043429,0.0025));
#7607=CARTESIAN_POINT('',(0.0694285400160667,-0.0415321310151474,0.0025));
#7608=CARTESIAN_POINT('',(0.0655363321092002,-0.0415323075676029,0.0025));
#7609=CARTESIAN_POINT('',(0.0624221513617762,-0.0415294684872116,0.0025));
#7610=CARTESIAN_POINT('',(0.0600876331319272,-0.0415377501220691,0.0025));
#7611=CARTESIAN_POINT('',(0.0581386574599517,-0.0415235117785701,0.0025));
#7612=CARTESIAN_POINT('',(0.056592614354817,-0.0413632176237167,0.0025));
#7613=CARTESIAN_POINT('',(0.0554533199636535,-0.0411005209208493,0.0025));
#7614=CARTESIAN_POINT('',(0.0544010891980725,-0.040575685076324,0.0025));
#7615=CARTESIAN_POINT('',(0.0535616318164404,-0.0397423720530529,0.0025));
#7616=CARTESIAN_POINT('',(0.0529231028429724,-0.0387570391176583,0.0025));
#7617=CARTESIAN_POINT('',(0.0525750149440506,-0.0380589606674308,0.0025));
#7618=CARTESIAN_POINT('',(0.0524102697764462,-0.0377047025948723,0.0025));
#7619=CARTESIAN_POINT('',(0.0524102697764462,-0.0377047025948722,0.0025));
#7620=CARTESIAN_POINT('',(0.052410269776446,-0.0377047025948719,0.00250000000000001));
#7621=CARTESIAN_POINT('',(0.052410269776446,-0.0377047025948719,0.0042884481450641));
#7622=CARTESIAN_POINT('',(0.052410269776446,-0.0377047025948719,0.00607689629012819));
#7623=CARTESIAN_POINT('',(0.052410269776446,-0.0377047025948719,0.00786534443519228));
#7624=CARTESIAN_POINT('',(0.0865120089784485,-0.0378429055775168,0.0025));
#7625=CARTESIAN_POINT('',(0.0865120089784485,-0.0378429055775168,0.00786534443519228));
#7626=CARTESIAN_POINT('',(0.0865106305744912,-0.0378470425947041,0.00786534443519228));
#7627=CARTESIAN_POINT('',(0.086512009022607,-0.0378429054457403,0.00786534443519228));
#7628=CARTESIAN_POINT('',(0.086512009022607,-0.0378429054457403,0.00607689629012819));
#7629=CARTESIAN_POINT('',(0.086512009022607,-0.0378429054457403,0.00428844814506409));
#7630=CARTESIAN_POINT('',(0.086512009022607,-0.0378429054457403,0.0025));
#7631=CARTESIAN_POINT('',(0.0865110671527723,-0.0378457161479099,0.0025));
#7632=CARTESIAN_POINT('',(0.100780046070571,0.00473538001329434,0.0025));
#7633=CARTESIAN_POINT('',(0.0701418327243724,0.0150022838680208,0.0025));
#7634=CARTESIAN_POINT('',(0.0938127204270659,0.0575250489864013,0.0025));
#7635=CARTESIAN_POINT('',(0.0946963171005269,0.0563674799838957,0.0025));
#7636=CARTESIAN_POINT('',(0.0956919262018624,0.0544385742651517,0.0025));
#7637=CARTESIAN_POINT('',(0.0965957689429089,0.0516552005115708,0.0025));
#7638=CARTESIAN_POINT('',(0.0970063401331546,0.0495547836986362,0.0025));
#7639=CARTESIAN_POINT('',(0.0971793603479501,0.0474223620816717,0.00249999999999999));
#7640=CARTESIAN_POINT('',(0.0974287715222684,0.0445829445949241,0.0025));
#7641=CARTESIAN_POINT('',(0.0977348826458655,0.0410324321581896,0.0025));
#7642=CARTESIAN_POINT('',(0.0980922365213017,0.0367710184224913,0.0025));
#7643=CARTESIAN_POINT('',(0.0984257702978747,0.0325064361902828,0.0025));
#7644=CARTESIAN_POINT('',(0.0987277097807687,0.0282396796534827,0.0025));
#7645=CARTESIAN_POINT('',(0.098990640839788,0.0239714308952941,0.0025));
#7646=CARTESIAN_POINT('',(0.0991759299496049,0.020412959470926,0.0025));
#7647=CARTESIAN_POINT('',(0.0992976820781227,0.0175651571935119,0.0025));
#7648=CARTESIAN_POINT('',(0.0993882166431541,0.0154289086920814,0.0025));
#7649=CARTESIAN_POINT('',(0.099425076605028,0.0132916727398223,0.0025));
#7650=CARTESIAN_POINT('',(0.0992348082185593,0.010424601223426,0.0025));
#7651=CARTESIAN_POINT('',(0.0987148816142262,0.00690214986681303,0.0025));
#7652=CARTESIAN_POINT('',(0.0978696361666461,0.00272401314258403,0.0025));
#7653=CARTESIAN_POINT('',(0.0968817800880032,-0.00142288331729324,0.0025));
#7654=CARTESIAN_POINT('',(0.0957879771355095,-0.00554650983457758,0.0025));
#7655=CARTESIAN_POINT('',(0.094996682362693,-0.00828196889899028,0.0025));
#7656=CARTESIAN_POINT('',(0.0946066626778412,-0.00965093323435789,0.0025));
#7657=CARTESIAN_POINT('',(0.0946066626778412,-0.00965093323435789,0.0025));
#7658=CARTESIAN_POINT('',(0.0978020071116409,0.0147451791731835,0.0025));
#7659=CARTESIAN_POINT('',(0.0439639874191857,0.0147260208196945,0.0025));
#7660=CARTESIAN_POINT('',(0.0441082589375048,0.0501491808497737,0.0025));
#7661=CARTESIAN_POINT('',(0.0441892873880774,0.0518201857848194,0.0025));
#7662=CARTESIAN_POINT('',(0.044297441386739,0.0534861084436487,0.0025));
#7663=CARTESIAN_POINT('',(0.044912670950679,0.0550570247978348,0.0025));
#7664=CARTESIAN_POINT('',(0.0441082589375048,0.0501491808497737,0.0025));
#7665=CARTESIAN_POINT('',(0.0424690248138676,0.0163441618607066,0.0025));
#7666=CARTESIAN_POINT('',(0.0418091301151144,0.00273551834817405,0.0025));
#7667=CARTESIAN_POINT('',(0.0446223556300326,-0.0172427579170627,0.0025));
#7668=CARTESIAN_POINT('',(0.044100522747321,-0.0156314481729344,0.0025));
#7669=CARTESIAN_POINT('',(0.0432138679417356,-0.0123731423064646,0.0025));
#7670=CARTESIAN_POINT('',(0.0422846514690761,-0.00738778558782386,0.0025));
#7671=CARTESIAN_POINT('',(0.0417979841758941,-0.00318051566243105,0.0025));
#7672=CARTESIAN_POINT('',(0.0416962692683516,0.000201438282562829,0.0025));
#7673=CARTESIAN_POINT('',(0.041768164067027,0.00189069818883412,0.0025));
#7674=CARTESIAN_POINT('',(0.0418091301151144,0.00273551834817405,0.0025));
#7675=CARTESIAN_POINT('',(0.0446223556305329,-0.0172427579169007,0.0025));
#7676=CARTESIAN_POINT('',(0.0511513200247045,-0.0346298359071489,0.0025));
#7677=CARTESIAN_POINT('',(0.0500417294887788,-0.0317397354446098,0.0025));
#7678=CARTESIAN_POINT('',(0.0478216100746351,-0.0259604545526157,0.0025));
#7679=CARTESIAN_POINT('',(0.0455763854326638,-0.0201886010767115,0.0025));
#7680=CARTESIAN_POINT('',(0.0446223556305329,-0.0172427579169007,0.0025));
#7681=CARTESIAN_POINT('',(0.0511513200247051,-0.0346298359071487,0.0025));
#7682=CARTESIAN_POINT('',(0.0524102697558252,-0.0377047026044619,0.0025));
#7683=CARTESIAN_POINT('',(0.0519430804869583,-0.0367000870572551,0.0025));
#7684=CARTESIAN_POINT('',(0.0515483726790591,-0.0356640210531186,0.0025));
#7685=CARTESIAN_POINT('',(0.0511513200247051,-0.0346298359071487,0.0025));
#7686=CARTESIAN_POINT('',(0.0946066626778397,-0.00965093323436309,0.0025));
#7687=CARTESIAN_POINT('',(0.0939368681927895,-0.0120019037050439,0.0025));
#7688=CARTESIAN_POINT('',(0.0925993913442612,-0.0167044486582513,0.0025));
#7689=CARTESIAN_POINT('',(0.0905876163804741,-0.0237566676068095,0.0025));
#7690=CARTESIAN_POINT('',(0.0889128579882319,-0.0296340490917339,0.0025));
#7691=CARTESIAN_POINT('',(0.0875584623048223,-0.0343316969505047,0.0025));
#7692=CARTESIAN_POINT('',(0.0868955146463515,-0.0366846776971244,0.0025));
#7693=CARTESIAN_POINT('',(0.0865110671527723,-0.0378457161479099,0.0025));
#7694=CARTESIAN_POINT('',(0.0846209726087657,0.0653675063311357,0.00351831750580834));
#7695=CARTESIAN_POINT('',(0.0846209726087657,0.0653675063311357,0.018449346135115));
#7696=CARTESIAN_POINT('',(0.0850116290573669,0.0650760514006497,0.00351831750580834));
#7697=CARTESIAN_POINT('',(0.0850116290573669,0.0650760514006497,0.018449346135115));
#7698=CARTESIAN_POINT('',(0.0857172125110545,0.0645500557035837,0.00351831750580834));
#7699=CARTESIAN_POINT('',(0.0857172125110545,0.0645500557035837,0.018449346135115));
#7700=CARTESIAN_POINT('',(0.0868190138945126,0.0637176533810765,0.00351831750580834));
#7701=CARTESIAN_POINT('',(0.0868190138945126,0.0637176533810765,0.018449346135115));
#7702=CARTESIAN_POINT('',(0.087601793456741,0.0631176888079419,0.00351831750580834));
#7703=CARTESIAN_POINT('',(0.087601793456741,0.0631176888079419,0.018449346135115));
#7704=CARTESIAN_POINT('',(0.0880614583677813,0.0627617143487172,0.00351831750580834));
#7705=CARTESIAN_POINT('',(0.0880614583677813,0.0627617143487172,0.018449346135115));
#7706=CARTESIAN_POINT('',(0.088410251056632,0.0624891947276764,0.00351831750580834));
#7707=CARTESIAN_POINT('',(0.088410251056632,0.0624891947276764,0.018449346135115));
#7708=CARTESIAN_POINT('',(0.0886185266948212,0.0623254155205408,0.00351831750580834));
#7709=CARTESIAN_POINT('',(0.0886185266948212,0.0623254155205408,0.018449346135115));
#7710=CARTESIAN_POINT('',(0.0887843748864568,0.0621943838598651,0.00351831750580834));
#7711=CARTESIAN_POINT('',(0.0887843748864568,0.0621943838598651,0.018449346135115));
#7712=CARTESIAN_POINT('',(0.0890047990465305,0.0620194911553865,0.00351831750580834));
#7713=CARTESIAN_POINT('',(0.0890047990465305,0.0620194911553865,0.018449346135115));
#7714=CARTESIAN_POINT('',(0.0893548411311605,0.0617397342254655,0.00351831750580834));
#7715=CARTESIAN_POINT('',(0.0893548411311605,0.0617397342254655,0.018449346135115));
#7716=CARTESIAN_POINT('',(0.0898457803352101,0.06134169721931,0.00351831750580834));
#7717=CARTESIAN_POINT('',(0.0898457803352101,0.06134169721931,0.018449346135115));
#7718=CARTESIAN_POINT('',(0.0903830658257339,0.0608968945638825,0.00351831750580834));
#7719=CARTESIAN_POINT('',(0.0903830658257339,0.0608968945638825,0.018449346135115));
#7720=CARTESIAN_POINT('',(0.0908179791784946,0.0605275371597539,0.00351831750580834));
#7721=CARTESIAN_POINT('',(0.0908179791784946,0.0605275371597539,0.018449346135115));
#7722=CARTESIAN_POINT('',(0.0911031802190745,0.060281161568694,0.00351831750580834));
#7723=CARTESIAN_POINT('',(0.0911031802190745,0.060281161568694,0.018449346135115));
#7724=CARTESIAN_POINT('',(0.0914228272208092,0.0600004868021408,0.00351831750580834));
#7725=CARTESIAN_POINT('',(0.0914228272208092,0.0600004868021408,0.018449346135115));
#7726=CARTESIAN_POINT('',(0.0917198231487811,0.0597334749287708,0.00351831750580834));
#7727=CARTESIAN_POINT('',(0.0917198231487811,0.0597334749287708,0.018449346135115));
#7728=CARTESIAN_POINT('',(0.0920940632886454,0.059389241687467,0.00351831750580834));
#7729=CARTESIAN_POINT('',(0.0920940632886454,0.059389241687467,0.018449346135115));
#7730=CARTESIAN_POINT('',(0.0926858989755523,0.0588228560574634,0.00351831750580834));
#7731=CARTESIAN_POINT('',(0.0926858989755523,0.0588228560574634,0.018449346135115));
#7732=CARTESIAN_POINT('',(0.0930850133411152,0.0584005071872835,0.00351831750580834));
#7733=CARTESIAN_POINT('',(0.0930850133411152,0.0584005071872835,0.018449346135115));
#7734=CARTESIAN_POINT('',(0.0933004419315028,0.0581527661497183,0.00351831750580834));
#7735=CARTESIAN_POINT('',(0.0933004419315028,0.0581527661497183,0.018449346135115));
#7736=CARTESIAN_POINT('',(0.0846768945308882,0.0653257893121022,0.0164848268673078));
#7737=CARTESIAN_POINT('',(0.0847237024341076,0.0652908748679312,0.0151585983061687));
#7738=CARTESIAN_POINT('',(0.0847705115755809,0.0652559686307509,0.0138323695727087));
#7739=CARTESIAN_POINT('',(0.0848173219545337,0.0652210705954294,0.0125061406670354));
#7740=CARTESIAN_POINT('',(0.0846768945308882,0.0653257893121022,0.0164848268673078));
#7741=CARTESIAN_POINT('',(0.0933004419315027,0.0581527661497183,0.00360684139102715));
#7742=CARTESIAN_POINT('',(0.0933004419315027,0.0581527661497183,0.00852483501067177));
#7743=CARTESIAN_POINT('',(0.0933004419315027,0.0581527661497183,0.0134428286303164));
#7744=CARTESIAN_POINT('',(0.0933004419315027,0.0581527661497183,0.018360822249961));
#7745=CARTESIAN_POINT('',(0.0933004419314684,0.0581527661497579,0.018360822249961));
#7746=CARTESIAN_POINT('',(0.0846768945308898,0.065325789312101,0.0164848268672942));
#7747=CARTESIAN_POINT('',(0.0861804643086591,0.0642042628293394,0.0167781451036335));
#7748=CARTESIAN_POINT('',(0.0884324835007043,0.0625174789029041,0.0172192978485684));
#7749=CARTESIAN_POINT('',(0.0913179937948253,0.0601268783876828,0.0178445231443544));
#7750=CARTESIAN_POINT('',(0.0926871986142454,0.0588579907228397,0.0181763814621786));
#7751=CARTESIAN_POINT('',(0.093300441931435,0.0581527661497962,0.0183608222499511));
#7752=CARTESIAN_POINT('',(0.0612216678070068,0.0657376996350506,0.0025));
#7753=CARTESIAN_POINT('',(0.0571519065539481,0.0657385346537264,0.0147875798259056));
#7754=CARTESIAN_POINT('',(0.0576459988552593,0.0657384332776815,0.0144843195780185));
#7755=CARTESIAN_POINT('',(0.0571818898824917,0.0657385285018571,0.00265854327133046));
#7756=CARTESIAN_POINT('',(0.0577202745909844,0.0657384180380587,0.0163769100842122));
#7757=CARTESIAN_POINT('',(0.0612209231514701,0.0657376997878363,0.016377097931661));
#7758=CARTESIAN_POINT('',(0.0561151617394293,0.065738747369222,0.0163768239526429));
#7759=CARTESIAN_POINT('',(0.0561151617394293,0.065738747369222,0.0025));
#7760=CARTESIAN_POINT('',(0.0933004419314684,0.0581527661497579,0.00249999999999992));
#7761=CARTESIAN_POINT('',(0.0933004419314684,0.0581527661497579,0.031896017445476));
#7762=CARTESIAN_POINT('',(0.0937021770795323,0.0576907741632951,0.00249999999999992));
#7763=CARTESIAN_POINT('',(0.0937021770795323,0.0576907741632951,0.031896017445476));
#7764=CARTESIAN_POINT('',(0.0944499141251561,0.0567044543654413,0.00249999999999992));
#7765=CARTESIAN_POINT('',(0.0944499141251561,0.0567044543654413,0.031896017445476));
#7766=CARTESIAN_POINT('',(0.0953283600795318,0.0550785413407276,0.00249999999999992));
#7767=CARTESIAN_POINT('',(0.0953283600795318,0.0550785413407276,0.031896017445476));
#7768=CARTESIAN_POINT('',(0.0959305882607866,0.0536339985675769,0.00249999999999992));
#7769=CARTESIAN_POINT('',(0.0959305882607866,0.0536339985675769,0.031896017445476));
#7770=CARTESIAN_POINT('',(0.0963160743219948,0.0525196737487054,0.00249999999999992));
#7771=CARTESIAN_POINT('',(0.0963160743219948,0.0525196737487054,0.031896017445476));
#7772=CARTESIAN_POINT('',(0.0966241457733404,0.0514116423048427,0.00249999999999992));
#7773=CARTESIAN_POINT('',(0.0966241457733404,0.0514116423048427,0.031896017445476));
#7774=CARTESIAN_POINT('',(0.0968137447717797,0.0505180232046819,0.00249999999999992));
#7775=CARTESIAN_POINT('',(0.0968137447717797,0.0505180232046819,0.031896017445476));
#7776=CARTESIAN_POINT('',(0.0969291804202726,0.0498249292686136,0.00249999999999992));
#7777=CARTESIAN_POINT('',(0.0969291804202726,0.0498249292686136,0.031896017445476));
#7778=CARTESIAN_POINT('',(0.0969999060362541,0.0493139115913026,0.00249999999999992));
#7779=CARTESIAN_POINT('',(0.0969999060362541,0.0493139115913026,0.031896017445476));
#7780=CARTESIAN_POINT('',(0.0970480387951374,0.0488919676857667,0.00249999999999992));
#7781=CARTESIAN_POINT('',(0.0970480387951374,0.0488919676857667,0.031896017445476));
#7782=CARTESIAN_POINT('',(0.0970819704574207,0.0485537868794906,0.00249999999999992));
#7783=CARTESIAN_POINT('',(0.0970819704574207,0.0485537868794906,0.031896017445476));
#7784=CARTESIAN_POINT('',(0.0971057955200473,0.0482979723336106,0.00249999999999992));
#7785=CARTESIAN_POINT('',(0.0971057955200473,0.0482979723336106,0.031896017445476));
#7786=CARTESIAN_POINT('',(0.0971246073749383,0.0480847840026281,0.00249999999999993));
#7787=CARTESIAN_POINT('',(0.0971246073749383,0.0480847840026281,0.031896017445476));
#7788=CARTESIAN_POINT('',(0.0971380283280563,0.0479295648516489,0.00249999999999992));
#7789=CARTESIAN_POINT('',(0.0971380283280563,0.0479295648516489,0.031896017445476));
#7790=CARTESIAN_POINT('',(0.0971442520782689,0.0478573156719943,0.00249999999999992));
#7791=CARTESIAN_POINT('',(0.0971442520782689,0.0478573156719943,0.031896017445476));
#7792=CARTESIAN_POINT('',(0.0971486317133702,0.0478064496254064,0.00249999999999992));
#7793=CARTESIAN_POINT('',(0.0971486317133702,0.0478064496254064,0.031896017445476));
#7794=CARTESIAN_POINT('',(0.097159955115107,0.0476749982987546,0.00249999999999992));
#7795=CARTESIAN_POINT('',(0.097159955115107,0.0476749982987546,0.031896017445476));
#7796=CARTESIAN_POINT('',(0.0971717445701853,0.0475382374415485,0.00249999999999992));
#7797=CARTESIAN_POINT('',(0.0971717445701853,0.0475382374415485,0.031896017445476));
#7798=CARTESIAN_POINT('',(0.0971919547548175,0.0473039587079079,0.00249999999999993));
#7799=CARTESIAN_POINT('',(0.0971919547548175,0.0473039587079079,0.031896017445476));
#7800=CARTESIAN_POINT('',(0.0972267587224121,0.0469009591352568,0.00249999999999992));
#7801=CARTESIAN_POINT('',(0.0972267587224121,0.0469009591352568,0.031896017445476));
#7802=CARTESIAN_POINT('',(0.0972769412694812,0.0463209237438083,0.00249999999999992));
#7803=CARTESIAN_POINT('',(0.0972769412694812,0.0463209237438083,0.031896017445476));
#7804=CARTESIAN_POINT('',(0.0973372009456184,0.0456254252399249,0.00249999999999992));
#7805=CARTESIAN_POINT('',(0.0973372009456184,0.0456254252399249,0.031896017445476));
#7806=CARTESIAN_POINT('',(0.0974177743029527,0.0446959248697019,0.00249999999999992));
#7807=CARTESIAN_POINT('',(0.0974177743029527,0.0446959248697019,0.031896017445476));
#7808=CARTESIAN_POINT('',(0.0975590688522373,0.0430648240967902,0.00249999999999992));
#7809=CARTESIAN_POINT('',(0.0975590688522373,0.0430648240967902,0.031896017445476));
#7810=CARTESIAN_POINT('',(0.0977609352350956,0.0407180866227952,0.00249999999999992));
#7811=CARTESIAN_POINT('',(0.0977609352350956,0.0407180866227952,0.031896017445476));
#7812=CARTESIAN_POINT('',(0.0980801389205672,0.0369157426164609,0.00249999999999992));
#7813=CARTESIAN_POINT('',(0.0980801389205672,0.0369157426164609,0.031896017445476));
#7814=CARTESIAN_POINT('',(0.0983880164111872,0.0330230663013001,0.00249999999999992));
#7815=CARTESIAN_POINT('',(0.0983880164111872,0.0330230663013001,0.031896017445476));
#7816=CARTESIAN_POINT('',(0.0986732776543965,0.0290022146042199,0.00249999999999992));
#7817=CARTESIAN_POINT('',(0.0986732776543965,0.0290022146042199,0.031896017445476));
#7818=CARTESIAN_POINT('',(0.0988730985614991,0.02591299222215,0.00249999999999992));
#7819=CARTESIAN_POINT('',(0.0988730985614991,0.02591299222215,0.031896017445476));
#7820=CARTESIAN_POINT('',(0.0990254962909676,0.0232693890960857,0.00249999999999992));
#7821=CARTESIAN_POINT('',(0.0990254962909676,0.0232693890960857,0.031896017445476));
#7822=CARTESIAN_POINT('',(0.0991375301686396,0.0211082461432508,0.00249999999999992));
#7823=CARTESIAN_POINT('',(0.0991375301686396,0.0211082461432508,0.031896017445476));
#7824=CARTESIAN_POINT('',(0.0992031417037977,0.0197371812192308,0.00249999999999992));
#7825=CARTESIAN_POINT('',(0.0992031417037977,0.0197371812192308,0.031896017445476));
#7826=CARTESIAN_POINT('',(0.0992528006713932,0.0186277360434038,0.00249999999999992));
#7827=CARTESIAN_POINT('',(0.0992528006713932,0.0186277360434038,0.031896017445476));
#7828=CARTESIAN_POINT('',(0.0992886054212464,0.0177886671390188,0.00249999999999992));
#7829=CARTESIAN_POINT('',(0.0992886054212464,0.0177886671390188,0.031896017445476));
#7830=CARTESIAN_POINT('',(0.0993171388144174,0.0170853321123399,0.00249999999999992));
#7831=CARTESIAN_POINT('',(0.0993171388144174,0.0170853321123399,0.031896017445476));
#7832=CARTESIAN_POINT('',(0.0993393130531953,0.0165159931548438,0.00249999999999992));
#7833=CARTESIAN_POINT('',(0.0993393130531953,0.0165159931548438,0.031896017445476));
#7834=CARTESIAN_POINT('',(0.0993525724572547,0.016166138947963,0.00249999999999992));
#7835=CARTESIAN_POINT('',(0.0993525724572547,0.016166138947963,0.031896017445476));
#7836=CARTESIAN_POINT('',(0.0993622274169686,0.0159056093287412,0.00249999999999992));
#7837=CARTESIAN_POINT('',(0.0993622274169686,0.0159056093287412,0.031896017445476));
#7838=CARTESIAN_POINT('',(0.0993668384241323,0.0157797799486748,0.00249999999999992));
#7839=CARTESIAN_POINT('',(0.0993668384241323,0.0157797799486748,0.031896017445476));
#7840=CARTESIAN_POINT('',(0.0993690130551977,0.015720128829492,0.00249999999999992));
#7841=CARTESIAN_POINT('',(0.0993690130551977,0.015720128829492,0.031896017445476));
#7842=CARTESIAN_POINT('',(0.0993725131183375,0.0156233058988624,0.00249999999999992));
#7843=CARTESIAN_POINT('',(0.0993725131183375,0.0156233058988624,0.031896017445476));
#7844=CARTESIAN_POINT('',(0.0993800322095104,0.0154102439011733,0.00249999999999992));
#7845=CARTESIAN_POINT('',(0.0993800322095104,0.0154102439011733,0.031896017445476));
#7846=CARTESIAN_POINT('',(0.0993953157737126,0.014940925359504,0.00249999999999992));
#7847=CARTESIAN_POINT('',(0.0993953157737126,0.014940925359504,0.031896017445476));
#7848=CARTESIAN_POINT('',(0.0994092348896208,0.0142230861573832,0.00249999999999992));
#7849=CARTESIAN_POINT('',(0.0994092348896208,0.0142230861573832,0.031896017445476));
#7850=CARTESIAN_POINT('',(0.0994009348568266,0.0133139306838568,0.00249999999999992));
#7851=CARTESIAN_POINT('',(0.0994009348568266,0.0133139306838568,0.031896017445476));
#7852=CARTESIAN_POINT('',(0.0993462779777104,0.0120082939708068,0.00249999999999992));
#7853=CARTESIAN_POINT('',(0.0993462779777104,0.0120082939708068,0.031896017445476));
#7854=CARTESIAN_POINT('',(0.0991810602819348,0.0101580699228039,0.00249999999999992));
#7855=CARTESIAN_POINT('',(0.0991810602819348,0.0101580699228039,0.031896017445476));
#7856=CARTESIAN_POINT('',(0.0988113492489244,0.00758813617180345,0.00249999999999992));
#7857=CARTESIAN_POINT('',(0.0988113492489244,0.00758813617180345,0.031896017445476));
#7858=CARTESIAN_POINT('',(0.0981169581092693,0.00383065895888241,0.00249999999999992));
#7859=CARTESIAN_POINT('',(0.0981169581092693,0.00383065895888241,0.031896017445476));
#7860=CARTESIAN_POINT('',(0.0969768268373061,-0.00110892919272172,0.00249999999999992));
#7861=CARTESIAN_POINT('',(0.0969768268373061,-0.00110892919272172,0.031896017445476));
#7862=CARTESIAN_POINT('',(0.0956270292570854,-0.0061205870825156,0.00249999999999992));
#7863=CARTESIAN_POINT('',(0.0956270292570854,-0.0061205870825156,0.031896017445476));
#7864=CARTESIAN_POINT('',(0.0949376015905771,-0.00848934168829788,0.00249999999999992));
#7865=CARTESIAN_POINT('',(0.0949376015905771,-0.00848934168829788,0.031896017445476));
#7866=CARTESIAN_POINT('',(0.0946066626778412,-0.00965093323435789,0.00249999999999992));
#7867=CARTESIAN_POINT('',(0.0946066626778412,-0.00965093323435789,0.031896017445476));
#7868=CARTESIAN_POINT('',(0.0946066626778412,-0.00965093323435789,0.00250000000000001));
#7869=CARTESIAN_POINT('',(0.0946066626778412,-0.00965093323435789,0.0122331695318425));
#7870=CARTESIAN_POINT('',(0.0946066626778412,-0.00965093323435789,0.021966339063685));
#7871=CARTESIAN_POINT('',(0.0946066626778412,-0.00965093323435789,0.0316995085955275));
#7872=CARTESIAN_POINT('',(0.0946066626778397,-0.00965093323436309,0.0316995085955276));
#7873=CARTESIAN_POINT('',(0.0946066626778397,-0.00965093323436309,0.0316995085955276));
#7874=CARTESIAN_POINT('',(0.0953346426969617,-0.00709573224901552,0.0317102029818594));
#7875=CARTESIAN_POINT('',(0.0967825362720573,-0.00200823009433184,0.031529193753837));
#7876=CARTESIAN_POINT('',(0.0982534926307279,0.00435354560551523,0.030904917172889));
#7877=CARTESIAN_POINT('',(0.0991206753223016,0.00946426710314764,0.030202523872429));
#7878=CARTESIAN_POINT('',(0.0994876332878958,0.0133272815690037,0.0295779073851422));
#7879=CARTESIAN_POINT('',(0.0993072834980717,0.0172586180299962,0.0288521545249247));
#7880=CARTESIAN_POINT('',(0.0991983118720796,0.0198713304837922,0.0283134839261749));
#7881=CARTESIAN_POINT('',(0.0991329765098508,0.0211777249643789,0.028031083305556));
#7882=CARTESIAN_POINT('',(0.0991329765098508,0.0211777249643789,0.028031083305556));
#7883=CARTESIAN_POINT('',(0.0933004419314684,0.0581527661497579,0.018360822249961));
#7884=CARTESIAN_POINT('',(0.0943790671279642,0.0569123563932817,0.018685232602904));
#7885=CARTESIAN_POINT('',(0.0955484715076848,0.0548162564986319,0.0192334357293926));
#7886=CARTESIAN_POINT('',(0.0965822445880752,0.0517465575660708,0.0200362689132995));
#7887=CARTESIAN_POINT('',(0.0970291561241941,0.0494252035383223,0.0206433838408594));
#7888=CARTESIAN_POINT('',(0.0972065542330085,0.0470699089888831,0.0212593753969392));
#7889=CARTESIAN_POINT('',(0.0974172374556687,0.0447194564766028,0.021874100591661));
#7890=CARTESIAN_POINT('',(0.0976189544252645,0.0423677002272211,0.0224891667590421));
#7891=CARTESIAN_POINT('',(0.0978873893977845,0.0392320897799757,0.0233092380996389));
#7892=CARTESIAN_POINT('',(0.0982103630802353,0.0353111034452975,0.0243347125882718));
#7893=CARTESIAN_POINT('',(0.0986848784000717,0.0290333092391588,0.0259765744193998));
#7894=CARTESIAN_POINT('',(0.098975758519545,0.0243213321592852,0.0272089205369311));
#7895=CARTESIAN_POINT('',(0.0991329765098507,0.0211777249643789,0.028031083305556));
#7896=CARTESIAN_POINT('',(0.0915816604048968,0.0513034041415168,0.0168635295557379));
#7897=CARTESIAN_POINT('',(0.0567316604048969,0.0513034041415168,0.0168635295557379));
#7898=CARTESIAN_POINT('',(0.0567316604048969,0.0513034041415168,0.0201521689681942));
#7899=CARTESIAN_POINT('',(0.0567316604048969,0.0513034041415168,0.0135748901432816));
#7900=CARTESIAN_POINT('',(0.0915816604048968,0.0513034041415168,0.0201521689681942));
#7901=CARTESIAN_POINT('',(0.0508816604048969,0.0513034041415168,0.0201521689681942));
#7902=CARTESIAN_POINT('',(0.0508816604048969,0.0513034041415168,0.0168635295557379));
#7903=CARTESIAN_POINT('',(0.0508816604048969,0.0513034041415168,0.0135748901432816));
#7904=CARTESIAN_POINT('',(0.0915816604048968,0.0513034041415168,0.0135748901432816));
#7905=CARTESIAN_POINT('',(0.0915816604048968,0.0538034041415168,0.0135748901432816));
#7906=CARTESIAN_POINT('',(0.0567316604048969,0.0538034041415168,0.0135748901432816));
#7907=CARTESIAN_POINT('',(0.0567316604048969,0.0563034041415168,0.0135748901432816));
#7908=CARTESIAN_POINT('',(0.0508816604048969,0.0538034041415168,0.0135748901432816));
#7909=CARTESIAN_POINT('',(0.0508816604048969,0.0563034041415168,0.0135748901432816));
#7910=CARTESIAN_POINT('',(0.0915816604048968,0.0563034041415168,0.0135748901432816));
#7911=CARTESIAN_POINT('',(0.0915816604048968,0.0563034041415168,0.0162096924844611));
#7912=CARTESIAN_POINT('',(0.0567316604048969,0.0563034041415168,0.0162096924844611));
#7913=CARTESIAN_POINT('',(0.0567316604048969,0.0563034041415168,0.0188444948256406));
#7914=CARTESIAN_POINT('',(0.0508816604048969,0.0563034041415168,0.0162096924844611));
#7915=CARTESIAN_POINT('',(0.0508816604048969,0.0563034041415168,0.0188444948256406));
#7916=CARTESIAN_POINT('',(0.0915816604048968,0.0563034041415168,0.0188444948256406));
#7917=CARTESIAN_POINT('',(0.111300371535498,0.0486608541084623,0.0208432878379201));
#7918=CARTESIAN_POINT('',(0.0616524556217007,0.0412109887322105,0.022791687101526));
#7919=CARTESIAN_POINT('',(0.0628522156084628,0.0337273484752069,0.0247489196727774));
#7920=CARTESIAN_POINT('',(0.063346307909774,0.0338014889715492,0.0247295293507808));
#7921=CARTESIAN_POINT('',(0.0631350573002726,0.033363054362183,0.0248441952711546));
#7922=CARTESIAN_POINT('',(0.096647349390018,0.0182496185832733,0.0287968851057995));
#7923=CARTESIAN_POINT('',(0.0710204097953954,0.0298069034367269,0.025774252593602));
#7924=CARTESIAN_POINT('',(0.0712316604048969,0.030245338046093,0.0256595866732282));
#7925=CARTESIAN_POINT('',(0.0714429110143983,0.0298069034367269,0.025774252593602));
#7926=CARTESIAN_POINT('',(0.111648280402197,0.0479387956565305,0.0210321312713208));
#7927=CARTESIAN_POINT('',(0.0793282635095211,0.033363054362183,0.0248441952711546));
#7928=CARTESIAN_POINT('',(0.0791170129000197,0.0338014889715492,0.0247295293507808));
#7929=CARTESIAN_POINT('',(0.0796111052013308,0.0337273484752069,0.0247489196727774));
#7930=CARTESIAN_POINT('',(0.0826933886919033,0.0529534445844766,0.0197206259239089));
#7931=CARTESIAN_POINT('',(0.0991329765098508,0.0211777249643789,0.028031083305556));
#7932=CARTESIAN_POINT('',(0.0427034083999515,0.0211777249643789,0.028031083305556));
#7933=CARTESIAN_POINT('',(0.0454323424937566,0.0774550239363546,0.0133126095698737));
#7934=CARTESIAN_POINT('',(0.0441082589375094,0.0501491808497744,0.0204540385588631));
#7935=CARTESIAN_POINT('',(0.0441082589375094,0.0501491808497744,0.0204540385588631));
#7936=CARTESIAN_POINT('',(0.0441554037489154,0.0511214222287535,0.0201997635765408));
#7937=CARTESIAN_POINT('',(0.0442312830170609,0.0525805617218466,0.0198181477794415));
#7938=CARTESIAN_POINT('',(0.0446628967183189,0.0544642037518819,0.0193255097841406));
#7939=CARTESIAN_POINT('',(0.0454110217002995,0.0563167525356396,0.0188410037556728));
#7940=CARTESIAN_POINT('',(0.0468665963493273,0.0582980571565338,0.0183228235914197));
#7941=CARTESIAN_POINT('',(0.0483532933445554,0.0596566278234234,0.0179675100450351));
#7942=CARTESIAN_POINT('',(0.0491186512391336,0.0603034041415168,0.0177983555115977));
#7943=CARTESIAN_POINT('',(0.0491186512390558,0.0603034041416031,0.0177983555115751));
#7944=CARTESIAN_POINT('',(0.0491186512390558,0.0603034041416031,0.0177983555115751));
#7945=CARTESIAN_POINT('',(0.0502923746604181,0.0612952514302925,0.0175389529010189));
#7946=CARTESIAN_POINT('',(0.0515189226382533,0.0622263756514751,0.0172954314875097));
#7947=CARTESIAN_POINT('',(0.0527478799735489,0.0631533358163503,0.0170529991197529));
#7948=CARTESIAN_POINT('',(0.0527478799735489,0.0631533358163503,0.0170529991197529));
#7949=CARTESIAN_POINT('',(0.0582687468948084,0.0673922781183347,0.0159443680717365));
#7950=CARTESIAN_POINT('',(0.0567316604048969,0.0538034041415168,0.0194983318969174));
#7951=CARTESIAN_POINT('',(0.0508816604048969,0.0538034041415168,0.0194983318969174));
#7952=CARTESIAN_POINT('',(0.0915816604048968,0.0513034041415168,0.0201521689681942));
#7953=CARTESIAN_POINT('',(0.0915816604048968,0.0513034041415168,0.0201521689681942));
#7954=CARTESIAN_POINT('',(0.0857316604048969,0.0513034041415168,0.0201521689681942));
#7955=CARTESIAN_POINT('',(0.0915816604048968,0.0538034041415168,0.0194983318969174));
#7956=CARTESIAN_POINT('',(0.0915816604048968,0.0563034041415168,0.0188444948256406));
#7957=CARTESIAN_POINT('',(0.0915816604048968,0.0563034041415168,0.0188444948256406));
#7958=CARTESIAN_POINT('',(0.0857316604048969,0.0563034041415168,0.0188444948256406));
#7959=CARTESIAN_POINT('',(0.0857316604048969,0.0538034041415168,0.0194983318969174));
#7960=CARTESIAN_POINT('',(0.0446544147319572,-0.0173417496537478,0.0025));
#7961=CARTESIAN_POINT('',(0.0446544147319572,-0.0173417496537478,0.0318978817873105));
#7962=CARTESIAN_POINT('',(0.0444305155373897,-0.0166503962226748,0.0025));
#7963=CARTESIAN_POINT('',(0.0444305155373897,-0.0166503962226748,0.0318978817873105));
#7964=CARTESIAN_POINT('',(0.0440192897441624,-0.0153247470530643,0.0025));
#7965=CARTESIAN_POINT('',(0.0440192897441624,-0.0153247470530643,0.0318978817873105));
#7966=CARTESIAN_POINT('',(0.0434090760387224,-0.0129900334430684,0.0025));
#7967=CARTESIAN_POINT('',(0.0434090760387224,-0.0129900334430684,0.0318978817873105));
#7968=CARTESIAN_POINT('',(0.0428293404778995,-0.0103067283231289,0.0025));
#7969=CARTESIAN_POINT('',(0.0428293404778995,-0.0103067283231289,0.0318978817873105));
#7970=CARTESIAN_POINT('',(0.0421521166041438,-0.00641677568313782,0.0025));
#7971=CARTESIAN_POINT('',(0.0421521166041438,-0.00641677568313782,0.0318978817873105));
#7972=CARTESIAN_POINT('',(0.0417486740464524,-0.00254503712006706,0.0025));
#7973=CARTESIAN_POINT('',(0.0417486740464524,-0.00254503712006706,0.0318978817873105));
#7974=CARTESIAN_POINT('',(0.0417096314464535,0.000607717114625814,0.0025));
#7975=CARTESIAN_POINT('',(0.0417096314464535,0.000607717114625814,0.0318978817873105));
#7976=CARTESIAN_POINT('',(0.0417740622857218,0.00201233389181694,0.0025));
#7977=CARTESIAN_POINT('',(0.0417740622857218,0.00201233389181694,0.0318978817873105));
#7978=CARTESIAN_POINT('',(0.0418091301151144,0.00273551834817405,0.0025));
#7979=CARTESIAN_POINT('',(0.0418091301151144,0.00273551834817405,0.0318978817873105));
#7980=CARTESIAN_POINT('',(0.0418091301151138,0.00273551834817263,0.0310432342831364));
#7981=CARTESIAN_POINT('',(0.0417683014908196,0.00189353220373892,0.0311306156516275));
#7982=CARTESIAN_POINT('',(0.0416965722928501,0.000208646725678605,0.0312898548090112));
#7983=CARTESIAN_POINT('',(0.0417965413467038,-0.00315879384620662,0.0315416916463737));
#7984=CARTESIAN_POINT('',(0.0422815488591767,-0.00737041547993243,0.0317234305889987));
#7985=CARTESIAN_POINT('',(0.0432135547835809,-0.0123736017074926,0.0316951158376905));
#7986=CARTESIAN_POINT('',(0.0441019031033217,-0.0156357104207698,0.0314904305401662));
#7987=CARTESIAN_POINT('',(0.0446223655430729,-0.0172427885264376,0.0313356093184465));
#7988=CARTESIAN_POINT('',(0.0418091301151138,0.00273551834817263,0.0310432342831364));
#7989=CARTESIAN_POINT('',(0.0446223655432716,-0.0172427885263738,0.0313356093184527));
#7990=CARTESIAN_POINT('',(0.0446223555991012,-0.0172427578215529,0.0313356093184526));
#7991=CARTESIAN_POINT('',(0.0446223555991012,-0.0172427578215529,0.0217237395456351));
#7992=CARTESIAN_POINT('',(0.0446223555991012,-0.0172427578215529,0.0121118697728176));
#7993=CARTESIAN_POINT('',(0.0446223555991012,-0.0172427578215529,0.00250000000000001));
#7994=CARTESIAN_POINT('',(0.0418091301151138,0.00273551834817263,0.0025));
#7995=CARTESIAN_POINT('',(0.0511513200264079,-0.0346298359115855,0.00249999999999999));
#7996=CARTESIAN_POINT('',(0.0511513200264079,-0.0346298359115855,0.0315086229743729));
#7997=CARTESIAN_POINT('',(0.0509365029007215,-0.0340703114255607,0.00249999999999999));
#7998=CARTESIAN_POINT('',(0.0509365029007215,-0.0340703114255607,0.0315086229743729));
#7999=CARTESIAN_POINT('',(0.0505656249240943,-0.0331053861349847,0.00249999999999999));
#8000=CARTESIAN_POINT('',(0.0505656249240943,-0.0331053861349847,0.0315086229743729));
#8001=CARTESIAN_POINT('',(0.050049330216933,-0.031763763491504,0.00249999999999999));
#8002=CARTESIAN_POINT('',(0.050049330216933,-0.031763763491504,0.0315086229743729));
#8003=CARTESIAN_POINT('',(0.0497686714831622,-0.0310348015421167,0.00249999999999999));
#8004=CARTESIAN_POINT('',(0.0497686714831622,-0.0310348015421167,0.0315086229743729));
#8005=CARTESIAN_POINT('',(0.0496249237783182,-0.0306615198099627,0.00249999999999999));
#8006=CARTESIAN_POINT('',(0.0496249237783182,-0.0306615198099627,0.0315086229743729));
#8007=CARTESIAN_POINT('',(0.0495382466234175,-0.030436460793291,0.00249999999999999));
#8008=CARTESIAN_POINT('',(0.0495382466234175,-0.030436460793291,0.0315086229743729));
#8009=CARTESIAN_POINT('',(0.0494810162256094,-0.0302878711474055,0.00249999999999999));
#8010=CARTESIAN_POINT('',(0.0494810162256094,-0.0302878711474055,0.0315086229743729));
#8011=CARTESIAN_POINT('',(0.0493904063164487,-0.0300526234528088,0.00249999999999999));
#8012=CARTESIAN_POINT('',(0.0493904063164487,-0.0300526234528088,0.0315086229743729));
#8013=CARTESIAN_POINT('',(0.0492845757271357,-0.0297778539131963,0.00249999999999999));
#8014=CARTESIAN_POINT('',(0.0492845757271357,-0.0297778539131963,0.0315086229743729));
#8015=CARTESIAN_POINT('',(0.0491005863813096,-0.0293001534539971,0.00249999999999999));
#8016=CARTESIAN_POINT('',(0.0491005863813096,-0.0293001534539971,0.0315086229743729));
#8017=CARTESIAN_POINT('',(0.0487644896347871,-0.0284274974467247,0.00249999999999999));
#8018=CARTESIAN_POINT('',(0.0487644896347871,-0.0284274974467247,0.0315086229743729));
#8019=CARTESIAN_POINT('',(0.0484421804358879,-0.0275905645271804,0.00249999999999999));
#8020=CARTESIAN_POINT('',(0.0484421804358879,-0.0275905645271804,0.0315086229743729));
#8021=CARTESIAN_POINT('',(0.0481840113832967,-0.0269200913976178,0.00249999999999999));
#8022=CARTESIAN_POINT('',(0.0481840113832967,-0.0269200913976178,0.0315086229743729));
#8023=CARTESIAN_POINT('',(0.0480491383122,-0.0265697747358192,0.00249999999999999));
#8024=CARTESIAN_POINT('',(0.0480491383122,-0.0265697747358192,0.0315086229743729));
#8025=CARTESIAN_POINT('',(0.0479569942627067,-0.0263304073274845,0.00249999999999999));
#8026=CARTESIAN_POINT('',(0.0479569942627067,-0.0263304073274845,0.0315086229743729));
#8027=CARTESIAN_POINT('',(0.0478962579671981,-0.0261726103256484,0.00249999999999999));
#8028=CARTESIAN_POINT('',(0.0478962579671981,-0.0261726103256484,0.0315086229743729));
#8029=CARTESIAN_POINT('',(0.0478509213106917,-0.0260548019932127,0.00249999999999999));
#8030=CARTESIAN_POINT('',(0.0478509213106917,-0.0260548019932127,0.0315086229743729));
#8031=CARTESIAN_POINT('',(0.0478253166652008,-0.0259882589995106,0.00249999999999999));
#8032=CARTESIAN_POINT('',(0.0478253166652008,-0.0259882589995106,0.0315086229743729));
#8033=CARTESIAN_POINT('',(0.0478075431613281,-0.0259420617812625,0.00249999999999999));
#8034=CARTESIAN_POINT('',(0.0478075431613281,-0.0259420617812625,0.0315086229743729));
#8035=CARTESIAN_POINT('',(0.0478063661245265,-0.0259390039355148,0.00249999999999999));
#8036=CARTESIAN_POINT('',(0.0478063661245265,-0.0259390039355148,0.0315086229743729));
#8037=CARTESIAN_POINT('',(0.0477611344563635,-0.0258214231332708,0.00249999999999999));
#8038=CARTESIAN_POINT('',(0.0477611344563635,-0.0258214231332708,0.0315086229743729));
#8039=CARTESIAN_POINT('',(0.047717249617115,-0.0257073285252124,0.00249999999999999));
#8040=CARTESIAN_POINT('',(0.047717249617115,-0.0257073285252124,0.0315086229743729));
#8041=CARTESIAN_POINT('',(0.0476353880748712,-0.0254944701403867,0.00249999999999999));
#8042=CARTESIAN_POINT('',(0.0476353880748712,-0.0254944701403867,0.0315086229743729));
#8043=CARTESIAN_POINT('',(0.047528534985956,-0.0252165280037637,0.00249999999999999));
#8044=CARTESIAN_POINT('',(0.047528534985956,-0.0252165280037637,0.0315086229743729));
#8045=CARTESIAN_POINT('',(0.0474087054043161,-0.0249046695151953,0.00249999999999999));
#8046=CARTESIAN_POINT('',(0.0474087054043161,-0.0249046695151953,0.0315086229743729));
#8047=CARTESIAN_POINT('',(0.0472631263186091,-0.0245255615707346,0.00249999999999999));
#8048=CARTESIAN_POINT('',(0.0472631263186091,-0.0245255615707346,0.0315086229743729));
#8049=CARTESIAN_POINT('',(0.0471363937347162,-0.0241951277134706,0.00249999999999999));
#8050=CARTESIAN_POINT('',(0.0471363937347162,-0.0241951277134706,0.0315086229743729));
#8051=CARTESIAN_POINT('',(0.0470460710227285,-0.0239592638598863,0.00249999999999999));
#8052=CARTESIAN_POINT('',(0.0470460710227285,-0.0239592638598863,0.0315086229743729));
#8053=CARTESIAN_POINT('',(0.0469951986127233,-0.0238262526072228,0.00249999999999999));
#8054=CARTESIAN_POINT('',(0.0469951986127233,-0.0238262526072228,0.0315086229743729));
#8055=CARTESIAN_POINT('',(0.0469717138914555,-0.0237648279239108,0.00249999999999999));
#8056=CARTESIAN_POINT('',(0.0469717138914555,-0.0237648279239108,0.0315086229743729));
#8057=CARTESIAN_POINT('',(0.046904393651623,-0.0235885132148202,0.00249999999999999));
#8058=CARTESIAN_POINT('',(0.046904393651623,-0.0235885132148202,0.0315086229743729));
#8059=CARTESIAN_POINT('',(0.0468314259439439,-0.0233971063816834,0.00249999999999999));
#8060=CARTESIAN_POINT('',(0.0468314259439439,-0.0233971063816834,0.0315086229743729));
#8061=CARTESIAN_POINT('',(0.0466996548221767,-0.0230508019686564,0.00249999999999999));
#8062=CARTESIAN_POINT('',(0.0466996548221767,-0.0230508019686564,0.0315086229743729));
#8063=CARTESIAN_POINT('',(0.0465237372653014,-0.0225863649259473,0.00249999999999999));
#8064=CARTESIAN_POINT('',(0.0465237372653014,-0.0225863649259473,0.0315086229743729));
#8065=CARTESIAN_POINT('',(0.0463601246766544,-0.0221516859438703,0.00249999999999999));
#8066=CARTESIAN_POINT('',(0.0463601246766544,-0.0221516859438703,0.0315086229743729));
#8067=CARTESIAN_POINT('',(0.0462329825341369,-0.0218119170085934,0.00249999999999999));
#8068=CARTESIAN_POINT('',(0.0462329825341369,-0.0218119170085934,0.0315086229743729));
#8069=CARTESIAN_POINT('',(0.0461514134640794,-0.0215932009678697,0.00249999999999999));
#8070=CARTESIAN_POINT('',(0.0461514134640794,-0.0215932009678697,0.0315086229743729));
#8071=CARTESIAN_POINT('',(0.04603446725888,-0.0212780930594604,0.00249999999999999));
#8072=CARTESIAN_POINT('',(0.04603446725888,-0.0212780930594604,0.0315086229743729));
#8073=CARTESIAN_POINT('',(0.045895807031537,-0.0209021856121663,0.00249999999999999));
#8074=CARTESIAN_POINT('',(0.045895807031537,-0.0209021856121663,0.0315086229743729));
#8075=CARTESIAN_POINT('',(0.0457262082987588,-0.020438616261359,0.00249999999999999));
#8076=CARTESIAN_POINT('',(0.0457262082987588,-0.020438616261359,0.0315086229743729));
#8077=CARTESIAN_POINT('',(0.0455327154132151,-0.0199024207574135,0.00249999999999999));
#8078=CARTESIAN_POINT('',(0.0455327154132151,-0.0199024207574135,0.0315086229743729));
#8079=CARTESIAN_POINT('',(0.045365027890234,-0.0194318726121916,0.00249999999999999));
#8080=CARTESIAN_POINT('',(0.045365027890234,-0.0194318726121916,0.0315086229743729));
#8081=CARTESIAN_POINT('',(0.0451561248673747,-0.0188353616628116,0.00249999999999999));
#8082=CARTESIAN_POINT('',(0.0451561248673747,-0.0188353616628116,0.0315086229743729));
#8083=CARTESIAN_POINT('',(0.0449080650576424,-0.0181116666328231,0.00249999999999999));
#8084=CARTESIAN_POINT('',(0.0449080650576424,-0.0181116666328231,0.0315086229743729));
#8085=CARTESIAN_POINT('',(0.0447322928613955,-0.0175822209387285,0.00249999999999999));
#8086=CARTESIAN_POINT('',(0.0447322928613955,-0.0175822209387285,0.0315086229743729));
#8087=CARTESIAN_POINT('',(0.0446223556305329,-0.0172427579169007,0.00249999999999999));
#8088=CARTESIAN_POINT('',(0.0446223556305329,-0.0172427579169007,0.0315086229743729));
#8089=CARTESIAN_POINT('',(0.0446223655435786,-0.0172427885262753,0.0313356093184621));
#8090=CARTESIAN_POINT('',(0.0456114289231013,-0.020296803338772,0.0310413944307464));
#8091=CARTESIAN_POINT('',(0.0479335569105043,-0.0262425281285073,0.0300851972844915));
#8092=CARTESIAN_POINT('',(0.0501303028155949,-0.0319704384433635,0.0280160024321766));
#8093=CARTESIAN_POINT('',(0.0511513156835266,-0.0346298245998785,0.0264981952992618));
#8094=CARTESIAN_POINT('',(0.051151315683492,-0.0346298245998885,0.0264981952992561));
#8095=CARTESIAN_POINT('',(0.0511513200264079,-0.0346298359115855,0.026498195299256));
#8096=CARTESIAN_POINT('',(0.0511513200264079,-0.0346298359115855,0.0184987968661707));
#8097=CARTESIAN_POINT('',(0.0511513200264079,-0.0346298359115855,0.0104993984330853));
#8098=CARTESIAN_POINT('',(0.0511513200264079,-0.0346298359115855,0.0025));
#8099=CARTESIAN_POINT('',(0.0524177253389911,-0.0377207346395729,0.00249999999999999));
#8100=CARTESIAN_POINT('',(0.0524177253389911,-0.0377207346395729,0.0266421844710574));
#8101=CARTESIAN_POINT('',(0.0523653291572888,-0.0376080650594686,0.00249999999999999));
#8102=CARTESIAN_POINT('',(0.0523653291572888,-0.0376080650594686,0.0266421844710574));
#8103=CARTESIAN_POINT('',(0.052271165450149,-0.0374015355153988,0.00249999999999999));
#8104=CARTESIAN_POINT('',(0.052271165450149,-0.0374015355153988,0.0266421844710574));
#8105=CARTESIAN_POINT('',(0.0521111591202613,-0.0370363608841127,0.00249999999999999));
#8106=CARTESIAN_POINT('',(0.0521111591202613,-0.0370363608841127,0.0266421844710574));
#8107=CARTESIAN_POINT('',(0.0519702808967806,-0.0367025457192278,0.00249999999999999));
#8108=CARTESIAN_POINT('',(0.0519702808967806,-0.0367025457192278,0.0266421844710574));
#8109=CARTESIAN_POINT('',(0.0518585191074859,-0.036431813124703,0.00249999999999999));
#8110=CARTESIAN_POINT('',(0.0518585191074859,-0.036431813124703,0.0266421844710574));
#8111=CARTESIAN_POINT('',(0.0517571404870257,-0.0361818617419522,0.00249999999999999));
#8112=CARTESIAN_POINT('',(0.0517571404870257,-0.0361818617419522,0.0266421844710574));
#8113=CARTESIAN_POINT('',(0.0517129560765779,-0.036071372449609,0.00249999999999999));
#8114=CARTESIAN_POINT('',(0.0517129560765779,-0.036071372449609,0.0266421844710574));
#8115=CARTESIAN_POINT('',(0.0516238873194052,-0.0358474680069232,0.00249999999999999));
#8116=CARTESIAN_POINT('',(0.0516238873194052,-0.0358474680069232,0.0266421844710574));
#8117=CARTESIAN_POINT('',(0.051457582635743,-0.0354240941152284,0.00249999999999999));
#8118=CARTESIAN_POINT('',(0.051457582635743,-0.0354240941152284,0.0266421844710574));
#8119=CARTESIAN_POINT('',(0.0512768967761367,-0.0349569200094354,0.00249999999999999));
#8120=CARTESIAN_POINT('',(0.0512768967761367,-0.0349569200094354,0.0266421844710574));
#8121=CARTESIAN_POINT('',(0.0511416967062212,-0.0346047704834024,0.00249999999999999));
#8122=CARTESIAN_POINT('',(0.0511416967062212,-0.0346047704834024,0.0266421844710574));
#8123=CARTESIAN_POINT('',(0.0524102697340975,-0.0377047025577401,0.00786534443519228));
#8124=CARTESIAN_POINT('',(0.0519745591501839,-0.0367677768707577,0.00786534443519228));
#8125=CARTESIAN_POINT('',(0.0516029130225696,-0.0358029569233203,0.00786534443519228));
#8126=CARTESIAN_POINT('',(0.0512316604048966,-0.0348387964056525,0.00786534443519228));
#8127=CARTESIAN_POINT('',(0.0512316604048969,-0.0348387964056531,0.00786534443519134));
#8128=CARTESIAN_POINT('',(0.0511513156835272,-0.0346298245998783,0.0264981952992619));
#8129=CARTESIAN_POINT('',(0.0515659283668859,-0.0357097475616275,0.0258818445032987));
#8130=CARTESIAN_POINT('',(0.0519658626810625,-0.0367490765095392,0.0251842458210449));
#8131=CARTESIAN_POINT('',(0.0524102697340975,-0.0377047025577402,0.0244047198638052));
#8132=CARTESIAN_POINT('',(0.0524102697340976,-0.0377047025577402,0.0244047198638053));
#8133=CARTESIAN_POINT('',(0.0524102697340975,-0.0377047025577401,0.0244047198638053));
#8134=CARTESIAN_POINT('',(0.0524102697340975,-0.0377047025577401,0.0207249280542676));
#8135=CARTESIAN_POINT('',(0.0524102697340975,-0.0377047025577401,0.01704513624473));
#8136=CARTESIAN_POINT('',(0.0524102697340975,-0.0377047025577401,0.0133653444351923));
#8137=CARTESIAN_POINT('',(0.0524102697552718,-0.037704702576306,0.0133653444351923));
#8138=CARTESIAN_POINT('',(0.0512316604048969,-0.0348387964056531,0.0133653444351923));
#8139=CARTESIAN_POINT('',(0.0516029089300646,-0.0358029462948919,0.0133653444351923));
#8140=CARTESIAN_POINT('',(0.0519745800275247,-0.0367678217641286,0.0133653444351923));
#8141=CARTESIAN_POINT('',(0.0524102697340975,-0.0377047025577401,0.0133653444351923));
#8142=CARTESIAN_POINT('',(0.0512316604048969,-0.0348387964056531,0.013365344436974));
#8143=CARTESIAN_POINT('',(0.0512316604048969,-0.0348387964056531,0.0145710922355287));
#8144=CARTESIAN_POINT('',(0.0864625848146935,-0.0379904307035667,0.0133653444351923));
#8145=CARTESIAN_POINT('',(0.0864625848146935,-0.0379904307035667,0.0244709561214636));
#8146=CARTESIAN_POINT('',(0.0861481744379737,-0.0389175225854864,0.0133653444351923));
#8147=CARTESIAN_POINT('',(0.0861481744379737,-0.0389175225854864,0.0244709561214636));
#8148=CARTESIAN_POINT('',(0.0854005454867032,-0.0403399428263078,0.0133653444351923));
#8149=CARTESIAN_POINT('',(0.0854005454867032,-0.0403399428263078,0.0244709561214636));
#8150=CARTESIAN_POINT('',(0.0845538226306778,-0.0409683410145988,0.0133653444351923));
#8151=CARTESIAN_POINT('',(0.0845538226306778,-0.0409683410145988,0.0244709561214636));
#8152=CARTESIAN_POINT('',(0.082349214351242,-0.0413830255002602,0.0133653444351923));
#8153=CARTESIAN_POINT('',(0.082349214351242,-0.0413830255002602,0.0244709561214636));
#8154=CARTESIAN_POINT('',(0.0823234554705835,-0.0413594177468114,0.0133653444351923));
#8155=CARTESIAN_POINT('',(0.0823234554705835,-0.0413594177468114,0.0244709561214636));
#8156=CARTESIAN_POINT('',(0.0821098470839028,-0.0413899000687316,0.0133653444351923));
#8157=CARTESIAN_POINT('',(0.0821098470839028,-0.0413899000687316,0.0244709561214636));
#8158=CARTESIAN_POINT('',(0.0817755244973149,-0.0414183975498687,0.0133653444351923));
#8159=CARTESIAN_POINT('',(0.0817755244973149,-0.0414183975498687,0.0244709561214636));
#8160=CARTESIAN_POINT('',(0.0812232717410664,-0.0414603554779111,0.0133653444351923));
#8161=CARTESIAN_POINT('',(0.0812232717410664,-0.0414603554779111,0.0244709561214636));
#8162=CARTESIAN_POINT('',(0.0802385848175558,-0.0414990562806221,0.0133653444351923));
#8163=CARTESIAN_POINT('',(0.0802385848175558,-0.0414990562806221,0.0244709561214636));
#8164=CARTESIAN_POINT('',(0.0789619413611674,-0.041522438105361,0.0133653444351923));
#8165=CARTESIAN_POINT('',(0.0789619413611674,-0.041522438105361,0.0244709561214636));
#8166=CARTESIAN_POINT('',(0.0774158652225937,-0.0415260901728437,0.0133653444351923));
#8167=CARTESIAN_POINT('',(0.0774158652225937,-0.0415260901728437,0.0244709561214636));
#8168=CARTESIAN_POINT('',(0.0758542435474314,-0.0415277276940318,0.0133653444351923));
#8169=CARTESIAN_POINT('',(0.0758542435474314,-0.0415277276940318,0.0244709561214636));
#8170=CARTESIAN_POINT('',(0.0737751971381533,-0.04152821873071,0.0133653444351923));
#8171=CARTESIAN_POINT('',(0.0737751971381533,-0.04152821873071,0.0244709561214636));
#8172=CARTESIAN_POINT('',(0.0711722956027117,-0.0415300028291726,0.0133653444351923));
#8173=CARTESIAN_POINT('',(0.0711722956027117,-0.0415300028291726,0.0244709561214636));
#8174=CARTESIAN_POINT('',(0.0685726042180279,-0.041532263632043,0.0133653444351923));
#8175=CARTESIAN_POINT('',(0.0685726042180279,-0.041532263632043,0.0244709561214636));
#8176=CARTESIAN_POINT('',(0.0664935098799822,-0.0415321435922697,0.0133653444351923));
#8177=CARTESIAN_POINT('',(0.0664935098799822,-0.0415321435922697,0.0244709561214636));
#8178=CARTESIAN_POINT('',(0.0649332358698379,-0.0415313815666988,0.0133653444351923));
#8179=CARTESIAN_POINT('',(0.0649332358698379,-0.0415313815666988,0.0244709561214636));
#8180=CARTESIAN_POINT('',(0.0636322269600966,-0.0415309384688745,0.0133653444351923));
#8181=CARTESIAN_POINT('',(0.0636322269600966,-0.0415309384688745,0.0244709561214636));
#8182=CARTESIAN_POINT('',(0.0625911953221918,-0.0415310754139831,0.0133653444351923));
#8183=CARTESIAN_POINT('',(0.0625911953221918,-0.0415310754139831,0.0244709561214636));
#8184=CARTESIAN_POINT('',(0.0618096261009164,-0.0415315359115038,0.0133653444351923));
#8185=CARTESIAN_POINT('',(0.0618096261009164,-0.0415315359115038,0.0244709561214636));
#8186=CARTESIAN_POINT('',(0.0611599844179748,-0.0415322649505806,0.0133653444351923));
#8187=CARTESIAN_POINT('',(0.0611599844179748,-0.0415322649505806,0.0244709561214636));
#8188=CARTESIAN_POINT('',(0.0606360216145567,-0.0415331839046896,0.0133653444351923));
#8189=CARTESIAN_POINT('',(0.0606360216145567,-0.0415331839046896,0.0244709561214636));
#8190=CARTESIAN_POINT('',(0.0603193833995573,-0.0415336937544949,0.0133653444351923));
#8191=CARTESIAN_POINT('',(0.0603193833995573,-0.0415336937544949,0.0244709561214636));
#8192=CARTESIAN_POINT('',(0.0600499367027139,-0.0415335099116184,0.0133653444351923));
#8193=CARTESIAN_POINT('',(0.0600499367027139,-0.0415335099116184,0.0244709561214636));
#8194=CARTESIAN_POINT('',(0.0599232080740278,-0.041533272626387,0.0133653444351923));
#8195=CARTESIAN_POINT('',(0.0599232080740278,-0.041533272626387,0.0244709561214636));
#8196=CARTESIAN_POINT('',(0.0597528768426875,-0.0415325715461594,0.0133653444351923));
#8197=CARTESIAN_POINT('',(0.0597528768426875,-0.0415325715461594,0.0244709561214636));
#8198=CARTESIAN_POINT('',(0.0597839797586316,-0.0415326377407986,0.0133653444351923));
#8199=CARTESIAN_POINT('',(0.0597839797586316,-0.0415326377407986,0.0244709561214636));
#8200=CARTESIAN_POINT('',(0.0593331138063247,-0.0415306732585595,0.0133653444351923));
#8201=CARTESIAN_POINT('',(0.0593331138063247,-0.0415306732585595,0.0244709561214636));
#8202=CARTESIAN_POINT('',(0.0582515698245919,-0.0415092229380707,0.0133653444351923));
#8203=CARTESIAN_POINT('',(0.0582515698245919,-0.0415092229380707,0.0244709561214636));
#8204=CARTESIAN_POINT('',(0.0569336940713302,-0.041417966388759,0.0133653444351923));
#8205=CARTESIAN_POINT('',(0.0569336940713302,-0.041417966388759,0.0244709561214636));
#8206=CARTESIAN_POINT('',(0.0554789732345858,-0.0411405358363922,0.0133653444351923));
#8207=CARTESIAN_POINT('',(0.0554789732345858,-0.0411405358363922,0.0244709561214636));
#8208=CARTESIAN_POINT('',(0.0539248507948292,-0.0403239546048222,0.0133653444351923));
#8209=CARTESIAN_POINT('',(0.0539248507948292,-0.0403239546048222,0.0244709561214636));
#8210=CARTESIAN_POINT('',(0.0530431063784075,-0.0390655162570587,0.0133653444351923));
#8211=CARTESIAN_POINT('',(0.0530431063784075,-0.0390655162570587,0.0244709561214636));
#8212=CARTESIAN_POINT('',(0.0524102697562956,-0.0377047025515417,0.0133653444351923));
#8213=CARTESIAN_POINT('',(0.0524102697562956,-0.0377047025515417,0.0244709561214636));
#8214=CARTESIAN_POINT('',(0.052410269776446,-0.0377047025948719,0.0133653444351923));
#8215=CARTESIAN_POINT('',(0.0525743133727015,-0.0380574520507138,0.0133653444351923));
#8216=CARTESIAN_POINT('',(0.0529198873677234,-0.0387509562206972,0.0133653444351923));
#8217=CARTESIAN_POINT('',(0.0535546836278194,-0.0397322220777411,0.0133653444351923));
#8218=CARTESIAN_POINT('',(0.0543844998557018,-0.0405634771563061,0.0133653444351923));
#8219=CARTESIAN_POINT('',(0.0554398035199812,-0.0410967864299941,0.0133653444351923));
#8220=CARTESIAN_POINT('',(0.0565837016227966,-0.0413618441838254,0.0133653444351923));
#8221=CARTESIAN_POINT('',(0.0581291730450534,-0.0415231825366315,0.0133653444351923));
#8222=CARTESIAN_POINT('',(0.0600808226670864,-0.0415378468427485,0.0133653444351923));
#8223=CARTESIAN_POINT('',(0.0624175562794909,-0.0415294465871494,0.0133653444351923));
#8224=CARTESIAN_POINT('',(0.0655350364369558,-0.0415323193895059,0.0133653444351923));
#8225=CARTESIAN_POINT('',(0.0694312730057456,-0.0415321215954302,0.0133653444351923));
#8226=CARTESIAN_POINT('',(0.0733276698935002,-0.0415283948413062,0.0133653444351923));
#8227=CARTESIAN_POINT('',(0.0764448922017147,-0.0415271778244336,0.0133653444351923));
#8228=CARTESIAN_POINT('',(0.0787823997704997,-0.0415254732315912,0.0133653444351923));
#8229=CARTESIAN_POINT('',(0.0807314303746669,-0.041496761672108,0.0133653444351923));
#8230=CARTESIAN_POINT('',(0.0822851473131101,-0.0413849330733081,0.0133653444351923));
#8231=CARTESIAN_POINT('',(0.083440373443798,-0.0412079474271209,0.0133653444351923));
#8232=CARTESIAN_POINT('',(0.0845720250609514,-0.0408696683610746,0.0133653444351923));
#8233=CARTESIAN_POINT('',(0.0855062662988854,-0.0401289967531118,0.0133653444351923));
#8234=CARTESIAN_POINT('',(0.0860679850328969,-0.0390856950499855,0.0133653444351923));
#8235=CARTESIAN_POINT('',(0.0863374150796812,-0.0383595147217298,0.0133653444351923));
#8236=CARTESIAN_POINT('',(0.0864625848146935,-0.0379904307035667,0.0133653444351923));
#8237=CARTESIAN_POINT('',(0.0864616073738809,-0.0379933301107012,0.0133653444351923));
#8238=CARTESIAN_POINT('',(0.0524102697562955,-0.0377047025515416,0.0244047198688615));
#8239=CARTESIAN_POINT('',(0.0526932039254903,-0.0383131071250861,0.0239084303860857));
#8240=CARTESIAN_POINT('',(0.0531375606952073,-0.0391659749711477,0.0231208782819205));
#8241=CARTESIAN_POINT('',(0.0539340835141286,-0.0401439693698122,0.0220179867717806));
#8242=CARTESIAN_POINT('',(0.0547000771746677,-0.0407520643592374,0.0212285930785275));
#8243=CARTESIAN_POINT('',(0.0557097468085075,-0.0411782480659394,0.0205983882489497));
#8244=CARTESIAN_POINT('',(0.0572908761402927,-0.0414833657555011,0.0201030216469296));
#8245=CARTESIAN_POINT('',(0.0593795986869127,-0.0415444513584647,0.0199930879605736));
#8246=CARTESIAN_POINT('',(0.0618816482970507,-0.0415282878576129,0.0200224825106501));
#8247=CARTESIAN_POINT('',(0.0643849000035061,-0.0415316643800887,0.0200162403862791));
#8248=CARTESIAN_POINT('',(0.0668878253409128,-0.0415323339323182,0.020015217941235));
#8249=CARTESIAN_POINT('',(0.0693908196917704,-0.0415317479837159,0.0200161853792739));
#8250=CARTESIAN_POINT('',(0.071893908447253,-0.041529325007616,0.0200203541855398));
#8251=CARTESIAN_POINT('',(0.0743965768690148,-0.0415281017805054,0.0200223982746818));
#8252=CARTESIAN_POINT('',(0.0769008436897929,-0.0415271097081295,0.0200242669463822));
#8253=CARTESIAN_POINT('',(0.0793991327091337,-0.0415226563180889,0.0200312418357401));
#8254=CARTESIAN_POINT('',(0.0814971782436002,-0.0414696985498466,0.0201235237973946));
#8255=CARTESIAN_POINT('',(0.0830994287263461,-0.0412758578493468,0.0204409433097458));
#8256=CARTESIAN_POINT('',(0.0842580588431977,-0.0409861243546006,0.0208901952227443));
#8257=CARTESIAN_POINT('',(0.0851645706422612,-0.0404592401306407,0.0216245575097842));
#8258=CARTESIAN_POINT('',(0.0857314751771521,-0.0397293786108516,0.0225021438830082));
#8259=CARTESIAN_POINT('',(0.0861372664082147,-0.0389024254495911,0.0233594997138698));
#8260=CARTESIAN_POINT('',(0.0863571506126352,-0.0383013211831517,0.0239034495682947));
#8261=CARTESIAN_POINT('',(0.0864625848146935,-0.0379904307035667,0.0241670886148555));
#8262=CARTESIAN_POINT('',(0.0864625848146936,-0.0379904307035667,0.0241670886148555));
#8263=CARTESIAN_POINT('',(0.0864606299330683,-0.0379962295178356,0.0133653444351923));
#8264=CARTESIAN_POINT('',(0.0864606299330683,-0.0379962295178356,0.0169659258284133));
#8265=CARTESIAN_POINT('',(0.0864606299330683,-0.0379962295178356,0.0205665072216344));
#8266=CARTESIAN_POINT('',(0.0864606299330683,-0.0379962295178356,0.0241670886148555));
#8267=CARTESIAN_POINT('',(0.0865120089784485,-0.0378429055775168,0.0025));
#8268=CARTESIAN_POINT('',(0.0865120089784485,-0.0378429055775168,0.0133653444351923));
#8269=CARTESIAN_POINT('',(0.0865106305744912,-0.0378470425947041,0.0133653444351923));
#8270=CARTESIAN_POINT('',(0.0864625738398995,-0.0379904285642998,0.0241670904289805));
#8271=CARTESIAN_POINT('',(0.0864789874804215,-0.0379414474277062,0.024208627038104));
#8272=CARTESIAN_POINT('',(0.0864954661999093,-0.037892272084245,0.0242499063252735));
#8273=CARTESIAN_POINT('',(0.086512009022607,-0.0378429054457404,0.0242909321486233));
#8274=CARTESIAN_POINT('',(0.086512009022607,-0.0378429054457404,0.0242909321486233));
#8275=CARTESIAN_POINT('',(0.086512009022607,-0.0378429054457403,0.0242909321486233));
#8276=CARTESIAN_POINT('',(0.086512009022607,-0.0378429054457403,0.0206490695774797));
#8277=CARTESIAN_POINT('',(0.086512009022607,-0.0378429054457403,0.017007207006336));
#8278=CARTESIAN_POINT('',(0.086512009022607,-0.0378429054457403,0.0133653444351923));
#8279=CARTESIAN_POINT('',(0.0946066626778397,-0.00965093323436308,0.00249999999999999));
#8280=CARTESIAN_POINT('',(0.0946066626778397,-0.00965093323436308,0.0318747056471007));
#8281=CARTESIAN_POINT('',(0.0942711076357275,-0.0108287273382287,0.00249999999999999));
#8282=CARTESIAN_POINT('',(0.0942711076357275,-0.0108287273382287,0.0318747056471007));
#8283=CARTESIAN_POINT('',(0.0937675579880367,-0.0125967475752179,0.00249999999999999));
#8284=CARTESIAN_POINT('',(0.0937675579880367,-0.0125967475752179,0.0318747056471007));
#8285=CARTESIAN_POINT('',(0.0931815255096405,-0.0146553554820681,0.00249999999999999));
#8286=CARTESIAN_POINT('',(0.0931815255096405,-0.0146553554820681,0.0318747056471007));
#8287=CARTESIAN_POINT('',(0.0928870477895832,-0.0156900471048109,0.00249999999999999));
#8288=CARTESIAN_POINT('',(0.0928870477895832,-0.0156900471048109,0.0318747056471007));
#8289=CARTESIAN_POINT('',(0.0927212203969526,-0.0162727686691777,0.00249999999999999));
#8290=CARTESIAN_POINT('',(0.0927212203969526,-0.0162727686691777,0.0318747056471007));
#8291=CARTESIAN_POINT('',(0.0925900037528097,-0.0167339238915177,0.00249999999999999));
#8292=CARTESIAN_POINT('',(0.0925900037528097,-0.0167339238915177,0.0318747056471007));
#8293=CARTESIAN_POINT('',(0.0924849974489756,-0.0171029289858287,0.00249999999999999));
#8294=CARTESIAN_POINT('',(0.0924849974489756,-0.0171029289858287,0.0318747056471007));
#8295=CARTESIAN_POINT('',(0.0923325375836785,-0.0176385329349281,0.00249999999999999));
#8296=CARTESIAN_POINT('',(0.0923325375836785,-0.0176385329349281,0.0318747056471007));
#8297=CARTESIAN_POINT('',(0.0920634484773539,-0.0185835149429706,0.00249999999999999));
#8298=CARTESIAN_POINT('',(0.0920634484773539,-0.0185835149429706,0.0318747056471007));
#8299=CARTESIAN_POINT('',(0.0917381588195477,-0.019725069886775,0.00249999999999999));
#8300=CARTESIAN_POINT('',(0.0917381588195477,-0.019725069886775,0.0318747056471007));
#8301=CARTESIAN_POINT('',(0.0913979838376227,-0.0209181089561004,0.00249999999999999));
#8302=CARTESIAN_POINT('',(0.0913979838376227,-0.0209181089561004,0.0318747056471007));
#8303=CARTESIAN_POINT('',(0.0911344979696315,-0.0218418286867314,0.00249999999999999));
#8304=CARTESIAN_POINT('',(0.0911344979696315,-0.0218418286867314,0.0318747056471007));
#8305=CARTESIAN_POINT('',(0.0909096626698419,-0.0226297622353958,0.00249999999999999));
#8306=CARTESIAN_POINT('',(0.0909096626698419,-0.0226297622353958,0.0318747056471007));
#8307=CARTESIAN_POINT('',(0.0907463473637897,-0.0232019467654352,0.00249999999999999));
#8308=CARTESIAN_POINT('',(0.0907463473637897,-0.0232019467654352,0.0318747056471007));
#8309=CARTESIAN_POINT('',(0.0906559248469086,-0.0235187096002053,0.00249999999999999));
#8310=CARTESIAN_POINT('',(0.0906559248469086,-0.0235187096002053,0.0318747056471007));
#8311=CARTESIAN_POINT('',(0.0905766782632014,-0.0237962951139265,0.00249999999999999));
#8312=CARTESIAN_POINT('',(0.0905766782632014,-0.0237962951139265,0.0318747056471007));
#8313=CARTESIAN_POINT('',(0.0905387518252176,-0.023929132677635,0.00249999999999999));
#8314=CARTESIAN_POINT('',(0.0905387518252176,-0.023929132677635,0.0318747056471007));
#8315=CARTESIAN_POINT('',(0.09047202807455,-0.0241628209327424,0.00249999999999999));
#8316=CARTESIAN_POINT('',(0.09047202807455,-0.0241628209327424,0.0318747056471007));
#8317=CARTESIAN_POINT('',(0.0903585206205165,-0.0245603159753671,0.00249999999999999));
#8318=CARTESIAN_POINT('',(0.0903585206205165,-0.0245603159753671,0.0318747056471007));
#8319=CARTESIAN_POINT('',(0.0901824088368604,-0.0251769346951234,0.00249999999999999));
#8320=CARTESIAN_POINT('',(0.0901824088368604,-0.0251769346951234,0.0318747056471007));
#8321=CARTESIAN_POINT('',(0.0899560605369159,-0.0259692699686433,0.00249999999999999));
#8322=CARTESIAN_POINT('',(0.0899560605369159,-0.0259692699686433,0.0318747056471007));
#8323=CARTESIAN_POINT('',(0.0896315638042804,-0.0271049613218043,0.00249999999999999));
#8324=CARTESIAN_POINT('',(0.0896315638042804,-0.0271049613218043,0.0318747056471007));
#8325=CARTESIAN_POINT('',(0.089274470737641,-0.0283544360399489,0.00249999999999999));
#8326=CARTESIAN_POINT('',(0.089274470737641,-0.0283544360399489,0.0318747056471007));
#8327=CARTESIAN_POINT('',(0.0889320071340145,-0.0295524804532549,0.00249999999999999));
#8328=CARTESIAN_POINT('',(0.0889320071340145,-0.0295524804532549,0.0318747056471007));
#8329=CARTESIAN_POINT('',(0.0887548147689669,-0.0301723035087633,0.00249999999999999));
#8330=CARTESIAN_POINT('',(0.0887548147689669,-0.0301723035087633,0.0318747056471007));
#8331=CARTESIAN_POINT('',(0.0886494294721099,-0.0305409238144735,0.00249999999999999));
#8332=CARTESIAN_POINT('',(0.0886494294721099,-0.0305409238144735,0.0318747056471007));
#8333=CARTESIAN_POINT('',(0.0885751724687224,-0.0308006681281332,0.00249999999999999));
#8334=CARTESIAN_POINT('',(0.0885751724687224,-0.0308006681281332,0.0318747056471007));
#8335=CARTESIAN_POINT('',(0.0884776414753952,-0.0311417643486515,0.00249999999999999));
#8336=CARTESIAN_POINT('',(0.0884776414753952,-0.0311417643486515,0.0318747056471007));
#8337=CARTESIAN_POINT('',(0.0883617463372476,-0.0315469288490547,0.00249999999999999));
#8338=CARTESIAN_POINT('',(0.0883617463372476,-0.0315469288490547,0.0318747056471007));
#8339=CARTESIAN_POINT('',(0.0881670506119286,-0.0322272140241833,0.00249999999999999));
#8340=CARTESIAN_POINT('',(0.0881670506119286,-0.0322272140241833,0.0318747056471007));
#8341=CARTESIAN_POINT('',(0.0879274220814705,-0.0330633631034937,0.00249999999999999));
#8342=CARTESIAN_POINT('',(0.0879274220814705,-0.0330633631034937,0.0318747056471007));
#8343=CARTESIAN_POINT('',(0.0877332679419916,-0.033739040083404,0.00249999999999999));
#8344=CARTESIAN_POINT('',(0.0877332679419916,-0.033739040083404,0.0318747056471007));
#8345=CARTESIAN_POINT('',(0.0876255545719779,-0.0341128309390335,0.00249999999999999));
#8346=CARTESIAN_POINT('',(0.0876255545719779,-0.0341128309390335,0.0318747056471007));
#8347=CARTESIAN_POINT('',(0.0875667319556765,-0.0343164736790686,0.00249999999999999));
#8348=CARTESIAN_POINT('',(0.0875667319556765,-0.0343164736790686,0.0318747056471007));
#8349=CARTESIAN_POINT('',(0.0875388266508206,-0.0344130004988039,0.00249999999999999));
#8350=CARTESIAN_POINT('',(0.0875388266508206,-0.0344130004988039,0.0318747056471007));
#8351=CARTESIAN_POINT('',(0.0874664128923153,-0.034662826028895,0.00249999999999999));
#8352=CARTESIAN_POINT('',(0.0874664128923153,-0.034662826028895,0.0318747056471007));
#8353=CARTESIAN_POINT('',(0.0873861003251003,-0.034939092922382,0.00249999999999999));
#8354=CARTESIAN_POINT('',(0.0873861003251003,-0.034939092922382,0.0318747056471007));
#8355=CARTESIAN_POINT('',(0.0872785442181107,-0.0353076894683619,0.00249999999999999));
#8356=CARTESIAN_POINT('',(0.0872785442181107,-0.0353076894683619,0.0318747056471007));
#8357=CARTESIAN_POINT('',(0.0871635424768702,-0.035699896146197,0.00249999999999999));
#8358=CARTESIAN_POINT('',(0.0871635424768702,-0.035699896146197,0.0318747056471007));
#8359=CARTESIAN_POINT('',(0.0870091206034179,-0.0362237128256935,0.00249999999999999));
#8360=CARTESIAN_POINT('',(0.0870091206034179,-0.0362237128256935,0.0318747056471007));
#8361=CARTESIAN_POINT('',(0.0868968486738755,-0.0366012233125745,0.00249999999999999));
#8362=CARTESIAN_POINT('',(0.0868968486738755,-0.0366012233125745,0.0318747056471007));
#8363=CARTESIAN_POINT('',(0.0868233250003994,-0.0368470011345927,0.00249999999999999));
#8364=CARTESIAN_POINT('',(0.0868233250003994,-0.0368470011345927,0.0318747056471007));
#8365=CARTESIAN_POINT('',(0.0866825839857021,-0.0373135974612488,0.00249999999999999));
#8366=CARTESIAN_POINT('',(0.0866825839857021,-0.0373135974612488,0.0318747056471007));
#8367=CARTESIAN_POINT('',(0.0865806372224854,-0.037635710855103,0.00249999999999999));
#8368=CARTESIAN_POINT('',(0.0865806372224854,-0.037635710855103,0.0318747056471007));
#8369=CARTESIAN_POINT('',(0.0865101710917859,-0.0378484216443588,0.00249999999999999));
#8370=CARTESIAN_POINT('',(0.0865101710917859,-0.0378484216443588,0.0318747056471007));
#8371=CARTESIAN_POINT('',(0.08814098308899,-0.0323180268984403,0.00786534443519228));
#8372=CARTESIAN_POINT('',(0.0878763405817166,-0.0332418705590741,0.00786534443519228));
#8373=CARTESIAN_POINT('',(0.0873406920568892,-0.0350876813978508,0.00786534443519229));
#8374=CARTESIAN_POINT('',(0.0868125341570651,-0.0369357010845817,0.00786534443519228));
#8375=CARTESIAN_POINT('',(0.0865101710917859,-0.0378484216443588,0.00786534443519228));
#8376=CARTESIAN_POINT('',(0.08814098308899,-0.0323180268984403,0.00786534443519228));
#8377=CARTESIAN_POINT('',(0.08814098308899,-0.0323180268984403,0.0171873528235504));
#8378=CARTESIAN_POINT('',(0.08814098308899,-0.0323180268984403,0.0133653444351923));
#8379=CARTESIAN_POINT('',(0.0865101710917859,-0.0378484216443588,0.0133653444351923));
#8380=CARTESIAN_POINT('',(0.0868125341570651,-0.0369357010845817,0.0133653444351923));
#8381=CARTESIAN_POINT('',(0.0873406920568892,-0.0350876813978508,0.0133653444351923));
#8382=CARTESIAN_POINT('',(0.0878763405817166,-0.0332418705590742,0.0133653444351923));
#8383=CARTESIAN_POINT('',(0.08814098308899,-0.0323180268984403,0.0133653444351923));
#8384=CARTESIAN_POINT('',(0.0865119983146888,-0.0378429033495119,0.0242909338906802));
#8385=CARTESIAN_POINT('',(0.0868318887494258,-0.0368763666678547,0.0250941676752505));
#8386=CARTESIAN_POINT('',(0.0874216151797595,-0.0348126954173918,0.0264971459210137));
#8387=CARTESIAN_POINT('',(0.0883916149533526,-0.0314485377551631,0.0281315994966855));
#8388=CARTESIAN_POINT('',(0.0893952848344153,-0.0279304163609049,0.0293736251079505));
#8389=CARTESIAN_POINT('',(0.0907554829380544,-0.0231728147346724,0.0305924009046101));
#8390=CARTESIAN_POINT('',(0.0924963523821459,-0.017065454156601,0.0314782581082144));
#8391=CARTESIAN_POINT('',(0.0939025754232403,-0.0121222709077717,0.0316891652057171));
#8392=CARTESIAN_POINT('',(0.0946066626778397,-0.00965093323436309,0.0316995085955276));
#8393=CARTESIAN_POINT('',(0.0565702942318917,0.0660881998017516,0.0025));
#8394=CARTESIAN_POINT('',(0.0527478799735489,0.0631533358163503,0.0025));
#8395=CARTESIAN_POINT('',(0.0491186512390558,0.0603034041416032,0.0119064990596691));
#8396=CARTESIAN_POINT('',(0.0491186512390558,0.0603034041416032,0.017833495808505));
#8397=CARTESIAN_POINT('',(0.0492537155283481,0.0604175393345243,0.0119064990596691));
#8398=CARTESIAN_POINT('',(0.0492537155283481,0.0604175393345243,0.017833495808505));
#8399=CARTESIAN_POINT('',(0.0494661883825801,0.0605945105209168,0.0119064990596691));
#8400=CARTESIAN_POINT('',(0.0494661883825801,0.0605945105209168,0.017833495808505));
#8401=CARTESIAN_POINT('',(0.0497596015640658,0.0608342461978622,0.0119064990596691));
#8402=CARTESIAN_POINT('',(0.0497596015640658,0.0608342461978622,0.017833495808505));
#8403=CARTESIAN_POINT('',(0.0500036698670694,0.061031034710234,0.0119064990596691));
#8404=CARTESIAN_POINT('',(0.0500036698670694,0.061031034710234,0.017833495808505));
#8405=CARTESIAN_POINT('',(0.0501939519126514,0.0611827430539933,0.0119064990596691));
#8406=CARTESIAN_POINT('',(0.0501939519126514,0.0611827430539933,0.017833495808505));
#8407=CARTESIAN_POINT('',(0.0504159291479049,0.061358291537101,0.0119064990596691));
#8408=CARTESIAN_POINT('',(0.0504159291479049,0.061358291537101,0.017833495808505));
#8409=CARTESIAN_POINT('',(0.0506122028643734,0.0615121094179387,0.0119064990596691));
#8410=CARTESIAN_POINT('',(0.0506122028643734,0.0615121094179387,0.017833495808505));
#8411=CARTESIAN_POINT('',(0.0507692224646428,0.0616345379169702,0.0119064990596691));
#8412=CARTESIAN_POINT('',(0.0507692224646428,0.0616345379169702,0.017833495808505));
#8413=CARTESIAN_POINT('',(0.0509122565776053,0.0617455897949822,0.0119064990596691));
#8414=CARTESIAN_POINT('',(0.0509122565776053,0.0617455897949822,0.017833495808505));
#8415=CARTESIAN_POINT('',(0.0509639088842447,0.0617855551702616,0.0119064990596691));
#8416=CARTESIAN_POINT('',(0.0509639088842447,0.0617855551702616,0.017833495808505));
#8417=CARTESIAN_POINT('',(0.0510854516248718,0.0618795396944427,0.0119064990596691));
#8418=CARTESIAN_POINT('',(0.0510854516248718,0.0618795396944427,0.017833495808505));
#8419=CARTESIAN_POINT('',(0.0512571168998641,0.0620119691211997,0.0119064990596691));
#8420=CARTESIAN_POINT('',(0.0512571168998641,0.0620119691211997,0.017833495808505));
#8421=CARTESIAN_POINT('',(0.0515102963645519,0.0622069525806447,0.0119064990596691));
#8422=CARTESIAN_POINT('',(0.0515102963645519,0.0622069525806447,0.017833495808505));
#8423=CARTESIAN_POINT('',(0.0519439880491484,0.062540624602183,0.0119064990596691));
#8424=CARTESIAN_POINT('',(0.0519439880491484,0.062540624602183,0.017833495808505));
#8425=CARTESIAN_POINT('',(0.0523594609314624,0.0628590269831472,0.0119064990596691));
#8426=CARTESIAN_POINT('',(0.0523594609314624,0.0628590269831472,0.017833495808505));
#8427=CARTESIAN_POINT('',(0.0526282061101935,0.063063069945501,0.0119064990596691));
#8428=CARTESIAN_POINT('',(0.0526282061101935,0.063063069945501,0.017833495808505));
#8429=CARTESIAN_POINT('',(0.0527478799735487,0.0631533358163502,0.0119064990596691));
#8430=CARTESIAN_POINT('',(0.0527478799735487,0.0631533358163502,0.017833495808505));
#8431=CARTESIAN_POINT('',(0.0491186512390558,0.0603034041416032,0.0177983555115751));
#8432=CARTESIAN_POINT('',(0.0491186512390558,0.0603034041416032,0.0158461185257811));
#8433=CARTESIAN_POINT('',(0.0491186512390558,0.0603034041416032,0.0138938815399872));
#8434=CARTESIAN_POINT('',(0.0491186512390558,0.0603034041416032,0.0119416445541932));
#8435=CARTESIAN_POINT('',(0.0441082589375094,0.0501491808497744,0.0025));
#8436=CARTESIAN_POINT('',(0.0441082589375094,0.0501491808497744,0.0205617627902163));
#8437=CARTESIAN_POINT('',(0.0441638289868036,0.0512951712513569,0.0025));
#8438=CARTESIAN_POINT('',(0.0441638289868036,0.0512951712513569,0.0205617627902163));
#8439=CARTESIAN_POINT('',(0.0443004120608617,0.0533827865585784,0.0025));
#8440=CARTESIAN_POINT('',(0.0443004120608617,0.0533827865585784,0.0205617627902163));
#8441=CARTESIAN_POINT('',(0.0451632294861943,0.0559410685187362,0.0025));
#8442=CARTESIAN_POINT('',(0.0451632294861943,0.0559410685187362,0.0205617627902163));
#8443=CARTESIAN_POINT('',(0.0467886749006478,0.0582139304197842,0.0025));
#8444=CARTESIAN_POINT('',(0.0467886749006478,0.0582139304197842,0.0205617627902163));
#8445=CARTESIAN_POINT('',(0.0483088831972667,0.0596190991322415,0.0025));
#8446=CARTESIAN_POINT('',(0.0483088831972667,0.0596190991322415,0.0205617627902163));
#8447=CARTESIAN_POINT('',(0.0491186659516083,0.0603034165744913,0.0025));
#8448=CARTESIAN_POINT('',(0.0491186659516083,0.0603034165744913,0.0205617627902163));
#8449=CARTESIAN_POINT('',(0.0441082589375094,0.0501491808497744,0.0025));
#8450=CARTESIAN_POINT('',(0.0452955381553554,0.0746337837054723,0.0025));
#8451=CARTESIAN_POINT('',(0.0427034083999515,0.0211777249643789,0.028031083305556));
#8452=CARTESIAN_POINT('',(0.0424077948499032,0.0150814501682942,0.0293489025488715));
#8453=CARTESIAN_POINT('',(0.0421100672600476,0.00894157869813231,0.0303991689978546));
#8454=CARTESIAN_POINT('',(0.0418091301151138,0.00273551834817263,0.0310432342831364));
#8455=CARTESIAN_POINT('',(0.0997696793304252,-0.0417159430937369,0.0196916026447325));
#8456=CARTESIAN_POINT('',(0.0413384151872628,-0.0417159430937369,0.0196916026447325));
#8457=CARTESIAN_POINT('',(0.0997696793304252,-0.0410197249542287,0.0209544574600973));
#8458=CARTESIAN_POINT('',(0.0413384151872628,-0.0410197249542287,0.0209544574600973));
#8459=CARTESIAN_POINT('',(0.0997696793304253,-0.0392261994062711,0.0233266070123051));
#8460=CARTESIAN_POINT('',(0.0413384151872628,-0.0392261994062711,0.0233266070123051));
#8461=CARTESIAN_POINT('',(0.0997696793304252,-0.0337467610413175,0.027500673569384));
#8462=CARTESIAN_POINT('',(0.0413384151872627,-0.0337467610413175,0.027500673569384));
#8463=CARTESIAN_POINT('',(0.0997696793304253,-0.0232078384591424,0.0312460619396061));
#8464=CARTESIAN_POINT('',(0.0413384151872628,-0.0232078384591424,0.0312460619396061));
#8465=CARTESIAN_POINT('',(0.0997696793304253,-0.0045283128810498,0.0322739260486176));
#8466=CARTESIAN_POINT('',(0.0413384151872628,-0.0045283128810498,0.0322739260486176));
#8467=CARTESIAN_POINT('',(0.0997696793304252,0.0119365285977372,0.0300287338069801));
#8468=CARTESIAN_POINT('',(0.0413384151872628,0.0119365285977372,0.0300287338069801));
#8469=CARTESIAN_POINT('',(0.0997696793304252,0.0211777249643789,0.0280310833055559));
#8470=CARTESIAN_POINT('',(0.0413384151872628,0.0211777249643789,0.0280310833055559));
#8471=CARTESIAN_POINT('',(0.0915816604048968,0.0513034041415168,0.0168635295557379));
#8472=CARTESIAN_POINT('',(0.0857316604048969,0.0513034041415168,0.0168635295557379));
#8473=CARTESIAN_POINT('',(0.0857316604048969,0.0513034041415168,0.0135748901432816));
#8474=CARTESIAN_POINT('',(0.0915816604048968,0.0513034041415168,0.0135748901432816));
#8475=CARTESIAN_POINT('',(0.0915816604048968,0.0513034041415168,0.0135748901432816));
#8476=CARTESIAN_POINT('',(0.0915816604048968,0.0513034041415168,0.0168635295557379));
#8477=CARTESIAN_POINT('',(0.0915816604048968,0.0538034041415168,0.0135748901432816));
#8478=CARTESIAN_POINT('',(0.0857316604048969,0.0538034041415168,0.0135748901432816));
#8479=CARTESIAN_POINT('',(0.0857316604048969,0.0563034041415168,0.0135748901432816));
#8480=CARTESIAN_POINT('',(0.0915816604048968,0.0563034041415168,0.0135748901432816));
#8481=CARTESIAN_POINT('',(0.0915816604048968,0.0563034041415168,0.0135748901432816));
#8482=CARTESIAN_POINT('',(0.0915816604048968,0.0538034041415168,0.0135748901432816));
#8483=CARTESIAN_POINT('',(0.0915816604048968,0.0563034041415168,0.0162096924844611));
#8484=CARTESIAN_POINT('',(0.0857316604048969,0.0563034041415168,0.0162096924844611));
#8485=CARTESIAN_POINT('',(0.0915816604048968,0.0563034041415168,0.0162096924844611));
#8486=CARTESIAN_POINT('',(0.0915816604048968,0.0552262924956456,0.0170144643510724));
#8487=CARTESIAN_POINT('',(0.0508816604048969,0.0552262924956456,0.0170144643510724));
#8488=CARTESIAN_POINT('',(0.0857316604048969,0.0552262924956456,0.0170144643510724));
#8489=CARTESIAN_POINT('',(0.0567316604048969,0.0552262924956456,0.0170144643510724));
#8490=CARTESIAN_POINT('',(0.0602108368863563,0.0354744440922505,-0.0358769098230778));
#8491=CARTESIAN_POINT('',(0.0576459988552593,0.0514729149147455,-0.0400610671460728));
#8492=CARTESIAN_POINT('',(0.0628522156084628,0.0337273484752069,0.0247489196727774));
#8493=CARTESIAN_POINT('',(0.0822524839234374,0.0354744440922505,-0.0358769098230778));
#8494=CARTESIAN_POINT('',(0.0796111052013309,0.0341547067790469,0.0263829594152987));
#8495=CARTESIAN_POINT('',(0.0754009272413986,0.0168630904244654,-0.0310093926332213));
#8496=CARTESIAN_POINT('',(0.0793282635095211,0.033363054362183,0.0248441952711546));
#8497=CARTESIAN_POINT('',(0.0714429110143983,0.0150780969092962,-0.0305425546603388));
#8498=CARTESIAN_POINT('',(0.0670623935683951,0.0168630904244654,-0.0310093926332213));
#8499=CARTESIAN_POINT('',(0.0631350573002726,0.033790412666023,0.0264782350136758));
#8500=CARTESIAN_POINT('',(0.0710204097953954,0.0150780969092962,-0.0305425546603388));
#8501=CARTESIAN_POINT('',(0.0791170129000197,0.0190726824441185,-0.03158727790316));
#8502=CARTESIAN_POINT('',(0.0571519065539481,0.0513987744184031,-0.0400416768240762));
#8503=CARTESIAN_POINT('',(0.063346307909774,0.0190726824441185,-0.03158727790316));
#8504=CARTESIAN_POINT('',(0.0712316604048969,0.0155165315186624,-0.0306572205807125));
#8505=CARTESIAN_POINT('',(0.0912316604048969,-0.0389180268984403,0.0133653444351923));
#8506=CARTESIAN_POINT('',(0.0512316604048969,-0.0389180268984403,0.0133653444351923));
#8507=CARTESIAN_POINT('',(0.0512316604048969,-0.0323180268984403,0.0133653444351923));
#8508=CARTESIAN_POINT('',(0.0912316604048969,-0.0323180268984403,0.0133653444351923));
#8509=CARTESIAN_POINT('',(0.0912316604048969,-0.0323180268984403,0.0106153444351923));
#8510=CARTESIAN_POINT('',(0.0912316604048969,-0.0323180268984403,0.00786534443519228));
#8511=CARTESIAN_POINT('',(0.0512316604048969,-0.0323180268984403,0.00786534443519228));
#8512=CARTESIAN_POINT('',(0.0512316604048969,-0.0323180268984403,0.0106153444351923));
#8513=CARTESIAN_POINT('',(0.0912316604048969,-0.0391773056943756,0.00786534443519228));
#8514=CARTESIAN_POINT('',(0.08242241296015,-0.0385385874945001,0.00786534443519228));
#8515=CARTESIAN_POINT('',(0.08242241296015,-0.0373385874945011,0.00786534443519228));
#8516=CARTESIAN_POINT('',(0.056737258002998,-0.0385385874945001,0.00786534443519228));
#8517=CARTESIAN_POINT('',(0.056737258002998,-0.0373385874945011,0.00786534443519228));
#8518=CARTESIAN_POINT('',(0.0512316604048969,-0.0391773056943756,0.00786534443519228));
#8519=CARTESIAN_POINT('',(0.0512316604048969,-0.0232444005669308,0.0179455499858636));
#8520=CARTESIAN_POINT('',(0.056737258002998,-0.0385385874945001,0.00986534443519228));
#8521=CARTESIAN_POINT('',(0.056737258002998,-0.0385385874945001,0.00986534443519228));
#8522=CARTESIAN_POINT('',(0.056737258002998,-0.0373385874945011,0.00986534443519228));
#8523=CARTESIAN_POINT('',(0.0696863217469434,-0.0371798149371893,0.00986534443519228));
#8524=CARTESIAN_POINT('',(0.08242241296015,-0.0385385874945001,0.00986534443519228));
#8525=CARTESIAN_POINT('',(0.08242241296015,-0.0385385874945001,0.00986534443519228));
#8526=CARTESIAN_POINT('',(0.08242241296015,-0.0373385874945011,0.00986534443519228));
#8527=CARTESIAN_POINT('',(0.0696863217469434,-0.0371798149371893,0.00986534443519228));
#8528=CARTESIAN_POINT('',(0.0695798354992432,-0.0455166450382994,0.002));
#8529=CARTESIAN_POINT('',(0.063520357384199,-0.0455166450382994,0.002));
#8530=CARTESIAN_POINT('',(0.063520357384199,-0.0455166450382994,0.002));
#8531=CARTESIAN_POINT('',(0.0695798354992432,-0.0455166450382994,0.002));
#8532=CARTESIAN_POINT('',(0.0756393136142874,-0.0455166450382994,0.002));
#8533=CARTESIAN_POINT('',(0.0756393136142874,-0.0455166450382994,0.002));
#8534=CARTESIAN_POINT('',(0.063520357384199,-0.0443683334302501,0.002));
#8535=CARTESIAN_POINT('',(0.063520357384199,-0.0443683334302501,0.002));
#8536=CARTESIAN_POINT('',(0.0756393136142874,-0.0443666450382994,0.002));
#8537=CARTESIAN_POINT('',(0.0756393136142874,-0.0443666450382994,0.002));
#8538=CARTESIAN_POINT('',(0.0706439004483287,0.0118245474156879,0.002));
#8539=CARTESIAN_POINT('',(0.0487316604048885,0.0621748034852638,0.0025));
#8540=CARTESIAN_POINT('',(0.0487316604048885,0.0621748034852638,1.38777878078145E-17));
#8541=CARTESIAN_POINT('',(0.0487948123634815,0.0622259757206994,0.0025));
#8542=CARTESIAN_POINT('',(0.0487948123634815,0.0622259757206994,1.38777878078145E-17));
#8543=CARTESIAN_POINT('',(0.0489312761614475,0.0623359499505135,0.0025));
#8544=CARTESIAN_POINT('',(0.0489312761614475,0.0623359499505135,1.34441069388203E-17));
#8545=CARTESIAN_POINT('',(0.0491428331478714,0.0625049550830037,0.0025));
#8546=CARTESIAN_POINT('',(0.0491428331478714,0.0625049550830037,1.38777878078145E-17));
#8547=CARTESIAN_POINT('',(0.0493928678814744,0.0627025372461507,0.0025));
#8548=CARTESIAN_POINT('',(0.0493928678814744,0.0627025372461507,1.43114686768087E-17));
#8549=CARTESIAN_POINT('',(0.0496401083644212,0.06289605442638,0.0025));
#8550=CARTESIAN_POINT('',(0.0496401083644212,0.06289605442638,1.38777878078145E-17));
#8551=CARTESIAN_POINT('',(0.0498743204903736,0.0630781111735199,0.0025));
#8552=CARTESIAN_POINT('',(0.0498743204903736,0.0630781111735199,1.38777878078145E-17));
#8553=CARTESIAN_POINT('',(0.0499673871926535,0.0631500589268284,0.0025));
#8554=CARTESIAN_POINT('',(0.0499673871926535,0.0631500589268284,1.38777878078145E-17));
#8555=CARTESIAN_POINT('',(0.0501856071655851,0.0633186145924838,0.0025));
#8556=CARTESIAN_POINT('',(0.0501856071655851,0.0633186145924838,1.38777878078145E-17));
#8557=CARTESIAN_POINT('',(0.0504414354427634,0.0635156505504708,0.0025));
#8558=CARTESIAN_POINT('',(0.0504414354427634,0.0635156505504708,1.43114686768087E-17));
#8559=CARTESIAN_POINT('',(0.0507923984725483,0.063785631989393,0.0025));
#8560=CARTESIAN_POINT('',(0.0507923984725483,0.063785631989393,1.30104260698261E-17));
#8561=CARTESIAN_POINT('',(0.0512299337786242,0.0641216813852282,0.0025));
#8562=CARTESIAN_POINT('',(0.0512299337786242,0.0641216813852282,1.51788304147971E-17));
#8563=CARTESIAN_POINT('',(0.0515331311112565,0.0643526731595949,0.0025));
#8564=CARTESIAN_POINT('',(0.0515331311112565,0.0643526731595949,1.38777878078145E-17));
#8565=CARTESIAN_POINT('',(0.0517250457626122,0.0644974277672237,0.0025));
#8566=CARTESIAN_POINT('',(0.0517250457626122,0.0644974277672237,1.38777878078145E-17));
#8567=CARTESIAN_POINT('',(0.0937319204490569,0.0601541154392061,0.0025));
#8568=CARTESIAN_POINT('',(0.0937319204490569,0.0601541154392061,0.));
#8569=CARTESIAN_POINT('',(0.0923547589961406,0.0615160508916115,0.0025));
#8570=CARTESIAN_POINT('',(0.0923547589961406,0.0615160508916115,0.));
#8571=CARTESIAN_POINT('',(0.0893386618397276,0.0639571394367507,0.0025));
#8572=CARTESIAN_POINT('',(0.0893386618397276,0.0639571394367507,-1.30104260698261E-18));
#8573=CARTESIAN_POINT('',(0.0862333667610034,0.0662687852566877,0.0025));
#8574=CARTESIAN_POINT('',(0.0862333667610034,0.0662687852566877,0.));
#8575=CARTESIAN_POINT('',(0.0846832986707206,0.0674294982615307,0.0025));
#8576=CARTESIAN_POINT('',(0.0846832986707206,0.0674294982615307,0.));
#8577=CARTESIAN_POINT('',(0.0612219617491251,0.0674266993603041,0.0025));
#8578=CARTESIAN_POINT('',(0.0612219617491251,0.0674266993603041,1.43114686768087E-17));
#8579=CARTESIAN_POINT('',(0.0613552249849503,0.0674273053547783,0.0025));
#8580=CARTESIAN_POINT('',(0.0613552249849503,0.0674273053547783,1.43114686768087E-17));
#8581=CARTESIAN_POINT('',(0.061566859104495,0.0674279937227105,0.0025));
#8582=CARTESIAN_POINT('',(0.061566859104495,0.0674279937227105,1.60461921527855E-17));
#8583=CARTESIAN_POINT('',(0.0618927348946108,0.0674284610724513,0.0025));
#8584=CARTESIAN_POINT('',(0.0618927348946108,0.0674284610724513,1.38777878078145E-17));
#8585=CARTESIAN_POINT('',(0.0620809169443859,0.0674285808461535,0.0025));
#8586=CARTESIAN_POINT('',(0.0620809169443859,0.0674285808461535,1.34441069388203E-17));
#8587=CARTESIAN_POINT('',(0.0623030421225475,0.0674285363667409,0.0025));
#8588=CARTESIAN_POINT('',(0.0623030421225475,0.0674285363667409,1.43114686768087E-17));
#8589=CARTESIAN_POINT('',(0.0622965684162232,0.0674285244520919,0.0025));
#8590=CARTESIAN_POINT('',(0.0622965684162232,0.0674285244520919,1.43114686768087E-17));
#8591=CARTESIAN_POINT('',(0.0623885647860892,0.0674284387778048,0.0025));
#8592=CARTESIAN_POINT('',(0.0623885647860892,0.0674284387778048,1.47451495458029E-17));
#8593=CARTESIAN_POINT('',(0.0625846280189886,0.0674282285542299,0.0025));
#8594=CARTESIAN_POINT('',(0.0625846280189886,0.0674282285542299,1.43114686768087E-17));
#8595=CARTESIAN_POINT('',(0.0628316446346122,0.067427967333229,0.0025));
#8596=CARTESIAN_POINT('',(0.0628316446346122,0.067427967333229,1.43114686768087E-17));
#8597=CARTESIAN_POINT('',(0.0630872950541452,0.0674276954724416,0.0025));
#8598=CARTESIAN_POINT('',(0.0630872950541452,0.0674276954724416,1.43114686768087E-17));
#8599=CARTESIAN_POINT('',(0.0632325223020721,0.0674275410259481,0.0025));
#8600=CARTESIAN_POINT('',(0.0632325223020721,0.0674275410259481,1.47451495458029E-17));
#8601=CARTESIAN_POINT('',(0.0633650215734304,0.0674273999481927,0.0025));
#8602=CARTESIAN_POINT('',(0.0633650215734304,0.0674273999481927,1.43114686768087E-17));
#8603=CARTESIAN_POINT('',(0.0633889870008812,0.0674273745562596,0.0025));
#8604=CARTESIAN_POINT('',(0.0633889870008812,0.0674273745562596,1.43114686768087E-17));
#8605=CARTESIAN_POINT('',(0.0634422690471287,0.0674273196107719,0.0025));
#8606=CARTESIAN_POINT('',(0.0634422690471287,0.0674273196107719,1.43114686768087E-17));
#8607=CARTESIAN_POINT('',(0.0635444173715984,0.0674272198942336,0.0025));
#8608=CARTESIAN_POINT('',(0.0635444173715984,0.0674272198942336,1.43114686768087E-17));
#8609=CARTESIAN_POINT('',(0.0637030636026114,0.0674270799263503,0.0025));
#8610=CARTESIAN_POINT('',(0.0637030636026114,0.0674270799263503,1.43114686768087E-17));
#8611=CARTESIAN_POINT('',(0.063973608515407,0.0674268722999512,0.0025));
#8612=CARTESIAN_POINT('',(0.063973608515407,0.0674268722999512,1.43114686768087E-17));
#8613=CARTESIAN_POINT('',(0.0643472316320553,0.0674266384871738,0.0025));
#8614=CARTESIAN_POINT('',(0.0643472316320553,0.0674266384871738,1.38777878078145E-17));
#8615=CARTESIAN_POINT('',(0.064769852429382,0.0674264394648264,0.0025));
#8616=CARTESIAN_POINT('',(0.064769852429382,0.0674264394648264,1.38777878078145E-17));
#8617=CARTESIAN_POINT('',(0.065086140458712,0.067426319736984,0.0025));
#8618=CARTESIAN_POINT('',(0.065086140458712,0.067426319736984,1.51788304147971E-17));
#8619=CARTESIAN_POINT('',(0.0652806103564591,0.0674262547270831,0.0025));
#8620=CARTESIAN_POINT('',(0.0652806103564591,0.0674262547270831,1.30104260698261E-17));
#8621=CARTESIAN_POINT('',(0.0653894062487706,0.0674262206763708,0.0025));
#8622=CARTESIAN_POINT('',(0.0653894062487706,0.0674262206763708,1.56125112837913E-17));
#8623=CARTESIAN_POINT('',(0.0655141869105593,0.0674261846948612,0.0025));
#8624=CARTESIAN_POINT('',(0.0655141869105593,0.0674261846948612,1.34441069388203E-17));
#8625=CARTESIAN_POINT('',(0.0655087727287274,0.067426186316434,0.0025));
#8626=CARTESIAN_POINT('',(0.0655087727287274,0.067426186316434,1.47451495458029E-17));
#8627=CARTESIAN_POINT('',(0.0655298852235442,0.0674261793072619,0.0025));
#8628=CARTESIAN_POINT('',(0.0655298852235442,0.0674261793072619,1.38777878078145E-17));
#8629=CARTESIAN_POINT('',(0.0655840401127156,0.0674261592652088,0.0025));
#8630=CARTESIAN_POINT('',(0.0655840401127156,0.0674261592652088,1.47451495458029E-17));
#8631=CARTESIAN_POINT('',(0.065751716842122,0.0674260964366889,0.0025));
#8632=CARTESIAN_POINT('',(0.065751716842122,0.0674260964366889,1.43114686768087E-17));
#8633=CARTESIAN_POINT('',(0.0660799257333034,0.0674259716015045,0.0025));
#8634=CARTESIAN_POINT('',(0.0660799257333034,0.0674259716015045,1.43114686768087E-17));
#8635=CARTESIAN_POINT('',(0.0665393347275251,0.0674257961052365,0.0025));
#8636=CARTESIAN_POINT('',(0.0665393347275251,0.0674257961052365,1.47451495458029E-17));
#8637=CARTESIAN_POINT('',(0.0671306340235375,0.0674255695541129,0.0025));
#8638=CARTESIAN_POINT('',(0.0671306340235375,0.0674255695541129,1.43114686768087E-17));
#8639=CARTESIAN_POINT('',(0.0677274886199161,0.0674253405451391,0.0025));
#8640=CARTESIAN_POINT('',(0.0677274886199161,0.0674253405451391,1.43114686768087E-17));
#8641=CARTESIAN_POINT('',(0.0682118272402815,0.0674251544059197,0.0025));
#8642=CARTESIAN_POINT('',(0.0682118272402815,0.0674251544059197,1.38777878078145E-17));
#8643=CARTESIAN_POINT('',(0.0684902327610253,0.0674250475518207,0.0025));
#8644=CARTESIAN_POINT('',(0.0684902327610253,0.0674250475518207,1.47451495458029E-17));
#8645=CARTESIAN_POINT('',(0.0687485742793581,0.0674249478391892,0.0025));
#8646=CARTESIAN_POINT('',(0.0687485742793581,0.0674249478391892,1.43114686768087E-17));
#8647=CARTESIAN_POINT('',(0.068856926459796,0.0674249077129425,0.0025));
#8648=CARTESIAN_POINT('',(0.068856926459796,0.0674249077129425,1.47451495458029E-17));
#8649=CARTESIAN_POINT('',(0.0690512858790819,0.067424840874552,0.0025));
#8650=CARTESIAN_POINT('',(0.0690512858790819,0.067424840874552,1.38777878078145E-17));
#8651=CARTESIAN_POINT('',(0.06936222197996,0.0674247483687506,0.0025));
#8652=CARTESIAN_POINT('',(0.06936222197996,0.0674247483687506,1.43114686768087E-17));
#8653=CARTESIAN_POINT('',(0.0698045995089844,0.0674246558000998,0.0025));
#8654=CARTESIAN_POINT('',(0.0698045995089844,0.0674246558000998,1.47451495458029E-17));
#8655=CARTESIAN_POINT('',(0.0703069727514801,0.0674246175920178,0.0025));
#8656=CARTESIAN_POINT('',(0.0703069727514801,0.0674246175920178,1.38777878078145E-17));
#8657=CARTESIAN_POINT('',(0.0707876021971221,0.0674246495974169,0.0025));
#8658=CARTESIAN_POINT('',(0.0707876021971221,0.0674246495974169,1.47451495458029E-17));
#8659=CARTESIAN_POINT('',(0.0712451166150421,0.06742475291726,0.0025));
#8660=CARTESIAN_POINT('',(0.0712451166150421,0.06742475291726,1.43114686768087E-17));
#8661=CARTESIAN_POINT('',(0.0716782649332331,0.0674249258085137,0.0025));
#8662=CARTESIAN_POINT('',(0.0716782649332331,0.0674249258085137,1.47451495458029E-17));
#8663=CARTESIAN_POINT('',(0.0720242297143653,0.0674251327533756,0.0025));
#8664=CARTESIAN_POINT('',(0.0720242297143653,0.0674251327533756,1.34441069388203E-17));
#8665=CARTESIAN_POINT('',(0.0722479243679775,0.0674253011089376,0.0025));
#8666=CARTESIAN_POINT('',(0.0722479243679775,0.0674253011089376,1.43114686768087E-17));
#8667=CARTESIAN_POINT('',(0.0723859468414438,0.0674254178712703,0.0025));
#8668=CARTESIAN_POINT('',(0.0723859468414438,0.0674254178712703,1.47451495458029E-17));
#8669=CARTESIAN_POINT('',(0.0724511620850452,0.0674254769006898,0.0025));
#8670=CARTESIAN_POINT('',(0.0724511620850452,0.0674254769006898,1.38777878078145E-17));
#8671=CARTESIAN_POINT('',(0.072655824670615,0.0674256663850191,0.0025));
#8672=CARTESIAN_POINT('',(0.072655824670615,0.0674256663850191,1.51788304147971E-17));
#8673=CARTESIAN_POINT('',(0.0728738433777417,0.0674258595396538,0.0025));
#8674=CARTESIAN_POINT('',(0.0728738433777417,0.0674258595396538,1.38777878078145E-17));
#8675=CARTESIAN_POINT('',(0.0732656900623003,0.0674261910103782,0.0025));
#8676=CARTESIAN_POINT('',(0.0732656900623003,0.0674261910103782,1.38777878078145E-17));
#8677=CARTESIAN_POINT('',(0.0737763082788291,0.0674265695993887,0.0025));
#8678=CARTESIAN_POINT('',(0.0737763082788291,0.0674265695993887,1.51788304147971E-17));
#8679=CARTESIAN_POINT('',(0.0743350562143771,0.0674268959134388,0.0025));
#8680=CARTESIAN_POINT('',(0.0743350562143771,0.0674268959134388,1.43114686768087E-17));
#8681=CARTESIAN_POINT('',(0.0749993008283309,0.0674271518489919,0.0025));
#8682=CARTESIAN_POINT('',(0.0749993008283309,0.0674271518489919,1.43114686768087E-17));
#8683=CARTESIAN_POINT('',(0.0756822346810966,0.0674271397782217,0.0025));
#8684=CARTESIAN_POINT('',(0.0756822346810966,0.0674271397782217,1.38777878078145E-17));
#8685=CARTESIAN_POINT('',(0.0760705233427413,0.0674267751633529,0.0025));
#8686=CARTESIAN_POINT('',(0.0760705233427413,0.0674267751633529,1.43114686768087E-17));
#8687=CARTESIAN_POINT('',(0.0762252248777199,0.0674265041859687,0.0025));
#8688=CARTESIAN_POINT('',(0.0762252248777199,0.0674265041859687,1.43114686768087E-17));
#8689=CARTESIAN_POINT('',(0.0701418327243724,0.0137022838680208,0.0025));
#8690=CARTESIAN_POINT('',(0.0756393140178962,-0.044909207168269,0.0025));
#8691=CARTESIAN_POINT('',(0.0756393140178962,-0.0466017692984625,0.0025));
#8692=CARTESIAN_POINT('',(0.0701418327243724,-0.0466017692984625,0.0025));
#8693=CARTESIAN_POINT('',(0.0756393140178962,-0.044909207168269,0.0025));
#8694=CARTESIAN_POINT('',(0.0756393140178962,-0.0466017692984625,0.0025));
#8695=CARTESIAN_POINT('',(0.0701418327243724,-0.0466017692984625,0.0025));
#8696=CARTESIAN_POINT('',(0.0701418327243724,0.0137022838680208,0.0025));
#8697=CARTESIAN_POINT('',(0.0701418327243724,-0.0466017692984625,0.0025));
#8698=CARTESIAN_POINT('',(0.0635203573826868,-0.0466017692984625,0.0025));
#8699=CARTESIAN_POINT('',(0.0635203573826868,-0.044910895560361,0.0025));
#8700=CARTESIAN_POINT('',(0.0635203573826868,-0.044910895560361,0.0025));
#8701=CARTESIAN_POINT('',(0.0635203573826868,-0.0466017692984625,0.0025));
#8702=CARTESIAN_POINT('',(0.0701418327243724,-0.0466017692984625,0.0025));
#8703=CARTESIAN_POINT('',(0.0439639874191857,0.0147260208196945,0.0025));
#8704=CARTESIAN_POINT('',(0.0439490416466594,0.0567260181604549,0.0025));
#8705=CARTESIAN_POINT('',(0.0698829973287285,0.0147352441447122,0.0101050988178596));
#8706=CARTESIAN_POINT('',(0.0389639877357617,0.0147242415610604,0.00125));
#8707=CARTESIAN_POINT('',(0.0698680515562022,0.0567352414854726,0.0101050988178596));
#8708=CARTESIAN_POINT('',(0.0389490419632355,0.0567242389018209,0.00125));
#8709=CARTESIAN_POINT('',(0.0389639877357617,0.0147242415610604,0.00125));
#8710=CARTESIAN_POINT('',(0.0978020071116409,0.0147451791731835,0.0025));
#8711=CARTESIAN_POINT('',(0.0977870613391146,0.0567451765139439,0.0025));
#8712=CARTESIAN_POINT('',(0.0698829973287285,0.0147352441447122,0.0101050988178596));
#8713=CARTESIAN_POINT('',(0.102802006795065,0.0147469584318175,0.00125));
#8714=CARTESIAN_POINT('',(0.0698680515562022,0.0567352414854726,0.0101050988178596));
#8715=CARTESIAN_POINT('',(0.102787061022538,0.056746955772578,0.00125));
#8716=CARTESIAN_POINT('',(0.102802006795065,0.0147469584318175,0.00125));
#8717=CARTESIAN_POINT('',(0.,0.,0.));
#8718=CARTESIAN_POINT('',(0.071146792401777,0.0286799506967806,0.00197393404777424));
#8719=CARTESIAN_POINT('',(0.111300371535498,0.0345782037582456,0.0245263913822404));
#8720=CARTESIAN_POINT('',(0.075646792401777,0.0345782037582456,0.0245263913822404));
#8721=CARTESIAN_POINT('',(0.066646792401777,0.0345782037582456,0.0245263913822404));
#8722=CARTESIAN_POINT('',(0.066646792401777,0.0286799506967806,0.00197393404777424));
#8723=CARTESIAN_POINT('',(0.066646792401777,0.0350055620620856,0.0261604311247618));
#8724=CARTESIAN_POINT('',(0.071146792401777,0.0350055620620856,0.0261604311247618));
#8725=CARTESIAN_POINT('',(0.075646792401777,0.0350055620620855,0.0261604311247618));
#8726=CARTESIAN_POINT('',(0.075646792401777,0.0286799506967806,0.00197393404777424));
#8727=CARTESIAN_POINT('',(0.066646792401777,0.0407731992352744,-0.00118887163487823));
#8728=CARTESIAN_POINT('',(0.066646792401777,0.0486608541084623,0.0208432878379201));
#8729=CARTESIAN_POINT('',(0.066646792401777,0.0587647008352331,0.0182007800169355));
#8730=CARTESIAN_POINT('',(0.066646792401777,0.0528664477737682,-0.00435167731753071));
#8731=CARTESIAN_POINT('',(0.066646792401777,0.0591920591390731,0.0198348197594568));
#8732=CARTESIAN_POINT('',(0.066646792401777,0.0470988106005794,0.0229976254421092));
#8733=CARTESIAN_POINT('',(0.071146792401777,0.0528664477737682,-0.00435167731753071));
#8734=CARTESIAN_POINT('',(0.075646792401777,0.0528664477737682,-0.00435167731753071));
#8735=CARTESIAN_POINT('',(0.075646792401777,0.0587647008352331,0.0182007800169355));
#8736=CARTESIAN_POINT('',(0.075646792401777,0.0591920591390731,0.0198348197594568));
#8737=CARTESIAN_POINT('',(0.071146792401777,0.0591920591390731,0.0198348197594568));
#8738=CARTESIAN_POINT('',(0.111300371535498,0.0587647008352331,0.0182007800169355));
#8739=CARTESIAN_POINT('',(0.075646792401777,0.0407731992352744,-0.00118887163487823));
#8740=CARTESIAN_POINT('',(0.075646792401777,0.0470988106005794,0.0229976254421092));
#8741=CARTESIAN_POINT('',(0.075646792401777,0.0486608541084623,0.0208432878379201));
#8742=CARTESIAN_POINT('',(0.0612219617491251,0.0674266993603041,0.0025));
#8743=CARTESIAN_POINT('',(0.0612219617491251,0.0674266993603041,0.0177728445582031));
#8744=CARTESIAN_POINT('',(0.0613551666261402,0.0674273050894004,0.0025));
#8745=CARTESIAN_POINT('',(0.0613551666261402,0.0674273050894004,0.0177728445582031));
#8746=CARTESIAN_POINT('',(0.0615667501423326,0.0674279932280865,0.0025));
#8747=CARTESIAN_POINT('',(0.0615667501423326,0.0674279932280865,0.0177728445582031));
#8748=CARTESIAN_POINT('',(0.0618926405096755,0.0674284606418084,0.0025));
#8749=CARTESIAN_POINT('',(0.0618926405096755,0.0674284606418084,0.0177728445582031));
#8750=CARTESIAN_POINT('',(0.0620808522259727,0.0674285805561813,0.0025));
#8751=CARTESIAN_POINT('',(0.0620808522259727,0.0674285805561813,0.0177728445582031));
#8752=CARTESIAN_POINT('',(0.0623030461853559,0.0674285363777192,0.0025));
#8753=CARTESIAN_POINT('',(0.0623030461853559,0.0674285363777192,0.0177728445582031));
#8754=CARTESIAN_POINT('',(0.0622965595175401,0.0674285244522813,0.0025));
#8755=CARTESIAN_POINT('',(0.0622965595175401,0.0674285244522813,0.0177728445582031));
#8756=CARTESIAN_POINT('',(0.0623885523423061,0.0674284387931564,0.0025));
#8757=CARTESIAN_POINT('',(0.0623885523423061,0.0674284387931564,0.0177728445582031));
#8758=CARTESIAN_POINT('',(0.0625846129358047,0.0674282285684416,0.0025));
#8759=CARTESIAN_POINT('',(0.0625846129358047,0.0674282285684416,0.0177728445582031));
#8760=CARTESIAN_POINT('',(0.0628316322101396,0.0674279673457268,0.0025));
#8761=CARTESIAN_POINT('',(0.0628316322101396,0.0674279673457268,0.0177728445582031));
#8762=CARTESIAN_POINT('',(0.0630872885593505,0.0674276954788597,0.0025));
#8763=CARTESIAN_POINT('',(0.0630872885593505,0.0674276954788597,0.0177728445582031));
#8764=CARTESIAN_POINT('',(0.063232517552181,0.0674275410307668,0.0025));
#8765=CARTESIAN_POINT('',(0.063232517552181,0.0674275410307668,0.0177728445582031));
#8766=CARTESIAN_POINT('',(0.0633650225856881,0.0674273999471144,0.0025));
#8767=CARTESIAN_POINT('',(0.0633650225856881,0.0674273999471144,0.0177728445582031));
#8768=CARTESIAN_POINT('',(0.063388981992567,0.0674273745616341,0.0025));
#8769=CARTESIAN_POINT('',(0.063388981992567,0.0674273745616341,0.0177728445582031));
#8770=CARTESIAN_POINT('',(0.0634422555813588,0.0674273196252398,0.0025));
#8771=CARTESIAN_POINT('',(0.0634422555813588,0.0674273196252398,0.0177728445582031));
#8772=CARTESIAN_POINT('',(0.063544387326953,0.0674272199265034,0.0025));
#8773=CARTESIAN_POINT('',(0.063544387326953,0.0674272199265034,0.0177728445582031));
#8774=CARTESIAN_POINT('',(0.0637030148954515,0.0674270799786702,0.0025));
#8775=CARTESIAN_POINT('',(0.0637030148954515,0.0674270799786702,0.0177728445582031));
#8776=CARTESIAN_POINT('',(0.0639735389817616,0.0674268723746392,0.0025));
#8777=CARTESIAN_POINT('',(0.0639735389817616,0.0674268723746392,0.0177728445582031));
#8778=CARTESIAN_POINT('',(0.0643471537170082,0.0674266385708745,0.0025));
#8779=CARTESIAN_POINT('',(0.0643471537170082,0.0674266385708745,0.0177728445582031));
#8780=CARTESIAN_POINT('',(0.0647697897238022,0.067426439532158,0.0025));
#8781=CARTESIAN_POINT('',(0.0647697897238022,0.067426439532158,0.0177728445582031));
#8782=CARTESIAN_POINT('',(0.0650861003454687,0.0674263197801042,0.0025));
#8783=CARTESIAN_POINT('',(0.0650861003454687,0.0674263197801042,0.0177728445582031));
#8784=CARTESIAN_POINT('',(0.0652805872443862,0.0674262547518517,0.0025));
#8785=CARTESIAN_POINT('',(0.0652805872443862,0.0674262547518517,0.0177728445582031));
#8786=CARTESIAN_POINT('',(0.0653893938762546,0.0674262206898336,0.0025));
#8787=CARTESIAN_POINT('',(0.0653893938762546,0.0674262206898336,0.0177728445582031));
#8788=CARTESIAN_POINT('',(0.0655141871081724,0.0674261846943492,0.0025));
#8789=CARTESIAN_POINT('',(0.0655141871081724,0.0674261846943492,0.0177728445582031));
#8790=CARTESIAN_POINT('',(0.0655087747659554,0.0674261863158711,0.0025));
#8791=CARTESIAN_POINT('',(0.0655087747659554,0.0674261863158711,0.0177728445582031));
#8792=CARTESIAN_POINT('',(0.0655298919624671,0.0674261793044085,0.0025));
#8793=CARTESIAN_POINT('',(0.0655298919624671,0.0674261793044085,0.0177728445582031));
#8794=CARTESIAN_POINT('',(0.0655840540293788,0.0674261592598039,0.0025));
#8795=CARTESIAN_POINT('',(0.0655840540293788,0.0674261592598039,0.0177728445582031));
#8796=CARTESIAN_POINT('',(0.0657517388019123,0.0674260964279186,0.0025));
#8797=CARTESIAN_POINT('',(0.0657517388019123,0.0674260964279186,0.0177728445582031));
#8798=CARTESIAN_POINT('',(0.0660799525364607,0.0674259715908638,0.0025));
#8799=CARTESIAN_POINT('',(0.0660799525364607,0.0674259715908638,0.0177728445582031));
#8800=CARTESIAN_POINT('',(0.0665393618016984,0.0674257960944725,0.0025));
#8801=CARTESIAN_POINT('',(0.0665393618016984,0.0674257960944725,0.0177728445582031));
#8802=CARTESIAN_POINT('',(0.0671306571233619,0.0674255695449361,0.0025));
#8803=CARTESIAN_POINT('',(0.0671306571233619,0.0674255695449361,0.0177728445582031));
#8804=CARTESIAN_POINT('',(0.0677275035833307,0.0674253405391836,0.0025));
#8805=CARTESIAN_POINT('',(0.0677275035833307,0.0674253405391836,0.0177728445582031));
#8806=CARTESIAN_POINT('',(0.0682118365342767,0.0674251544022379,0.0025));
#8807=CARTESIAN_POINT('',(0.0682118365342767,0.0674251544022379,0.0177728445582031));
#8808=CARTESIAN_POINT('',(0.0684902350911595,0.0674250475508738,0.0025));
#8809=CARTESIAN_POINT('',(0.0684902350911595,0.0674250475508738,0.0177728445582031));
#8810=CARTESIAN_POINT('',(0.0687485799883065,0.067424947837,0.0025));
#8811=CARTESIAN_POINT('',(0.0687485799883065,0.067424947837,0.0177728445582031));
#8812=CARTESIAN_POINT('',(0.0688569012938681,0.067424907722646,0.0025));
#8813=CARTESIAN_POINT('',(0.0688569012938681,0.067424907722646,0.0177728445582031));
#8814=CARTESIAN_POINT('',(0.0690512340294067,0.0674248408945532,0.0025));
#8815=CARTESIAN_POINT('',(0.0690512340294067,0.0674248408945532,0.0177728445582031));
#8816=CARTESIAN_POINT('',(0.0693621228957706,0.0674247484069673,0.0025));
#8817=CARTESIAN_POINT('',(0.0693621228957706,0.0674247484069673,0.0177728445582031));
#8818=CARTESIAN_POINT('',(0.0698044510541769,0.0674246558573633,0.0025));
#8819=CARTESIAN_POINT('',(0.0698044510541769,0.0674246558573633,0.0177728445582031));
#8820=CARTESIAN_POINT('',(0.0703067878571531,0.0674246176633283,0.0025));
#8821=CARTESIAN_POINT('',(0.0703067878571531,0.0674246176633283,0.0177728445582031));
#8822=CARTESIAN_POINT('',(0.070787405324709,0.0674246496733761,0.0025));
#8823=CARTESIAN_POINT('',(0.070787405324709,0.0674246496733761,0.0177728445582031));
#8824=CARTESIAN_POINT('',(0.0712449317675238,0.0674247529884749,0.0025));
#8825=CARTESIAN_POINT('',(0.0712449317675238,0.0674247529884749,0.0177728445582031));
#8826=CARTESIAN_POINT('',(0.0716781162911902,0.067424925866159,0.0025));
#8827=CARTESIAN_POINT('',(0.0716781162911902,0.067424925866159,0.0177728445582031));
#8828=CARTESIAN_POINT('',(0.0720241311840803,0.0674251327904624,0.0025));
#8829=CARTESIAN_POINT('',(0.0720241311840803,0.0674251327904624,0.0177728445582031));
#8830=CARTESIAN_POINT('',(0.0722478717479069,0.0674253011305102,0.0025));
#8831=CARTESIAN_POINT('',(0.0722478717479069,0.0674253011305102,0.0177728445582031));
#8832=CARTESIAN_POINT('',(0.072385923027121,0.0674254178782168,0.0025));
#8833=CARTESIAN_POINT('',(0.072385923027121,0.0674254178782168,0.0177728445582031));
#8834=CARTESIAN_POINT('',(0.0724511626274685,0.0674254769090397,0.0025));
#8835=CARTESIAN_POINT('',(0.0724511626274685,0.0674254769090397,0.0177728445582031));
#8836=CARTESIAN_POINT('',(0.0726558463152445,0.0674256663446731,0.0025));
#8837=CARTESIAN_POINT('',(0.0726558463152445,0.0674256663446731,0.0177728445582031));
#8838=CARTESIAN_POINT('',(0.0728738919611183,0.0674258594559412,0.0025));
#8839=CARTESIAN_POINT('',(0.0728738919611183,0.0674258594559412,0.0177728445582031));
#8840=CARTESIAN_POINT('',(0.0732657806312429,0.0674261908507391,0.0025));
#8841=CARTESIAN_POINT('',(0.0732657806312429,0.0674261908507391,0.0177728445582031));
#8842=CARTESIAN_POINT('',(0.0737764451181469,0.0674265693600372,0.0025));
#8843=CARTESIAN_POINT('',(0.0737764451181469,0.0674265693600372,0.0177728445582031));
#8844=CARTESIAN_POINT('',(0.0743352263218919,0.0674268956153874,0.0025));
#8845=CARTESIAN_POINT('',(0.0743352263218919,0.0674268956153874,0.0177728445582031));
#8846=CARTESIAN_POINT('',(0.0749994857327463,0.067427151525162,0.0025));
#8847=CARTESIAN_POINT('',(0.0749994857327463,0.067427151525162,0.0177728445582031));
#8848=CARTESIAN_POINT('',(0.0756823826026301,0.0674271395191016,0.0025));
#8849=CARTESIAN_POINT('',(0.0756823826026301,0.0674271395191016,0.0177728445582031));
#8850=CARTESIAN_POINT('',(0.0760705825116045,0.0674267750597119,0.0025));
#8851=CARTESIAN_POINT('',(0.0760705825116045,0.0674267750597119,0.0177728445582031));
#8852=CARTESIAN_POINT('',(0.0762252248777199,0.0674265041859687,0.0025));
#8853=CARTESIAN_POINT('',(0.0762252248777199,0.0674265041859687,0.0177728445582031));
#8854=CARTESIAN_POINT('',(0.0612219617491507,0.067426699485298,0.0025));
#8855=CARTESIAN_POINT('',(0.0612219617491507,0.067426699485298,0.0025));
#8856=CARTESIAN_POINT('',(0.0612219617491251,0.0674266993603041,0.0176811745413497));
#8857=CARTESIAN_POINT('',(0.0612219617491251,0.0674266993603041,0.0176811745413497));
#8858=CARTESIAN_POINT('',(0.0637225066813732,0.067438070211402,0.0176782006677577));
#8859=CARTESIAN_POINT('',(0.0687235933446933,0.0674154383331444,0.0176841196921567));
#8860=CARTESIAN_POINT('',(0.0737246791192034,0.0674308841770799,0.0176800800660119));
#8861=CARTESIAN_POINT('',(0.0762252248777199,0.0674265041859687,0.017681225586236));
#8862=CARTESIAN_POINT('',(0.0762252248776532,0.0674265043734964,0.0176812255371909));
#8863=CARTESIAN_POINT('',(0.0762252248776866,0.0674265042797326,0.0025));
#8864=CARTESIAN_POINT('',(0.0762252248776866,0.0674265042797326,0.0025));
#8865=CARTESIAN_POINT('',(0.0612219617491251,0.0674266993603041,0.0025));
#8866=CARTESIAN_POINT('',(0.0613551666261402,0.0674273050894004,0.0025));
#8867=CARTESIAN_POINT('',(0.0615667501423326,0.0674279932280865,0.0025));
#8868=CARTESIAN_POINT('',(0.0618926405096754,0.0674284606418084,0.0025));
#8869=CARTESIAN_POINT('',(0.0620808522259726,0.0674285805561813,0.0025));
#8870=CARTESIAN_POINT('',(0.0623030461853559,0.0674285363777192,0.0025));
#8871=CARTESIAN_POINT('',(0.0622965595175401,0.0674285244522813,0.0025));
#8872=CARTESIAN_POINT('',(0.0623885523423061,0.0674284387931564,0.0025));
#8873=CARTESIAN_POINT('',(0.0625846129358047,0.0674282285684416,0.0025));
#8874=CARTESIAN_POINT('',(0.0628316322101397,0.0674279673457268,0.0025));
#8875=CARTESIAN_POINT('',(0.0630872885593504,0.0674276954788598,0.0025));
#8876=CARTESIAN_POINT('',(0.0632325175521809,0.0674275410307668,0.0025));
#8877=CARTESIAN_POINT('',(0.0633650225856881,0.0674273999471144,0.0025));
#8878=CARTESIAN_POINT('',(0.063388981992567,0.0674273745616341,0.0025));
#8879=CARTESIAN_POINT('',(0.0634422555813588,0.0674273196252398,0.0025));
#8880=CARTESIAN_POINT('',(0.063544387326953,0.0674272199265034,0.0025));
#8881=CARTESIAN_POINT('',(0.0637030148954514,0.0674270799786702,0.0025));
#8882=CARTESIAN_POINT('',(0.0639735389817616,0.0674268723746391,0.0025));
#8883=CARTESIAN_POINT('',(0.0643471537170081,0.0674266385708745,0.0025));
#8884=CARTESIAN_POINT('',(0.0647697897238021,0.067426439532158,0.0025));
#8885=CARTESIAN_POINT('',(0.0650861003454687,0.0674263197801043,0.0025));
#8886=CARTESIAN_POINT('',(0.0652805872443862,0.0674262547518517,0.0025));
#8887=CARTESIAN_POINT('',(0.0653893938762546,0.0674262206898336,0.0025));
#8888=CARTESIAN_POINT('',(0.0655141871081723,0.0674261846943492,0.0025));
#8889=CARTESIAN_POINT('',(0.0655087747659554,0.0674261863158711,0.0025));
#8890=CARTESIAN_POINT('',(0.065529891962467,0.0674261793044086,0.0025));
#8891=CARTESIAN_POINT('',(0.0655840540293788,0.0674261592598039,0.0025));
#8892=CARTESIAN_POINT('',(0.0657517388019123,0.0674260964279186,0.0025));
#8893=CARTESIAN_POINT('',(0.0660799525364607,0.0674259715908638,0.0025));
#8894=CARTESIAN_POINT('',(0.0665393618016984,0.0674257960944725,0.0025));
#8895=CARTESIAN_POINT('',(0.0671306571233619,0.0674255695449361,0.0025));
#8896=CARTESIAN_POINT('',(0.0677275035833307,0.0674253405391836,0.0025));
#8897=CARTESIAN_POINT('',(0.0682118365342767,0.0674251544022379,0.0025));
#8898=CARTESIAN_POINT('',(0.0684902350911595,0.0674250475508737,0.0025));
#8899=CARTESIAN_POINT('',(0.0687485799883065,0.067424947837,0.0025));
#8900=CARTESIAN_POINT('',(0.0688569012938681,0.067424907722646,0.0025));
#8901=CARTESIAN_POINT('',(0.0690512340294066,0.0674248408945532,0.0025));
#8902=CARTESIAN_POINT('',(0.0693621228957705,0.0674247484069673,0.0025));
#8903=CARTESIAN_POINT('',(0.0698044510541769,0.0674246558573633,0.0025));
#8904=CARTESIAN_POINT('',(0.070306787857153,0.0674246176633283,0.0025));
#8905=CARTESIAN_POINT('',(0.070787405324709,0.0674246496733761,0.0025));
#8906=CARTESIAN_POINT('',(0.0712449317675238,0.0674247529884749,0.0025));
#8907=CARTESIAN_POINT('',(0.0716781162911902,0.067424925866159,0.0025));
#8908=CARTESIAN_POINT('',(0.0720241311840803,0.0674251327904624,0.0025));
#8909=CARTESIAN_POINT('',(0.0722478717479068,0.0674253011305103,0.0025));
#8910=CARTESIAN_POINT('',(0.072385923027121,0.0674254178782168,0.0025));
#8911=CARTESIAN_POINT('',(0.0724511626274685,0.0674254769090397,0.0025));
#8912=CARTESIAN_POINT('',(0.0726558463152445,0.0674256663446731,0.0025));
#8913=CARTESIAN_POINT('',(0.0728738919611183,0.0674258594559412,0.0025));
#8914=CARTESIAN_POINT('',(0.0732657806312429,0.0674261908507392,0.0025));
#8915=CARTESIAN_POINT('',(0.0737764451181469,0.0674265693600372,0.0025));
#8916=CARTESIAN_POINT('',(0.0743352263218919,0.0674268956153875,0.0025));
#8917=CARTESIAN_POINT('',(0.0749994857327463,0.0674271515251621,0.0025));
#8918=CARTESIAN_POINT('',(0.0756823826026301,0.0674271395191017,0.0025));
#8919=CARTESIAN_POINT('',(0.0760705825116045,0.067426775059712,0.0025));
#8920=CARTESIAN_POINT('',(0.0762252248777199,0.0674265041859688,0.0025));
#8921=CARTESIAN_POINT('',(0.0612296421425833,0.0657377168229295,0.0025));
#8922=CARTESIAN_POINT('',(0.0612296421425833,0.0657377168229295,0.0164609438379366));
#8923=CARTESIAN_POINT('',(0.0613620274497597,0.0657383188251555,0.0025));
#8924=CARTESIAN_POINT('',(0.0613620274497597,0.0657383188251555,0.0164609438379366));
#8925=CARTESIAN_POINT('',(0.0615770904962253,0.0657390018117787,0.0025));
#8926=CARTESIAN_POINT('',(0.0615770904962253,0.0657390018117787,0.0164609438379366));
#8927=CARTESIAN_POINT('',(0.0618918851699115,0.0657394692604824,0.0025));
#8928=CARTESIAN_POINT('',(0.0618918851699115,0.0657394692604824,0.0164609438379366));
#8929=CARTESIAN_POINT('',(0.0620864514637125,0.0657395622335294,0.0025));
#8930=CARTESIAN_POINT('',(0.0620864514637125,0.0657395622335294,0.0164609438379366));
#8931=CARTESIAN_POINT('',(0.0622117622913883,0.0657395587021193,0.0025));
#8932=CARTESIAN_POINT('',(0.0622117622913883,0.0657395587021193,0.0164609438379366));
#8933=CARTESIAN_POINT('',(0.0623186539389853,0.0657395273643316,0.0025));
#8934=CARTESIAN_POINT('',(0.0623186539389853,0.0657395273643316,0.0164609438379366));
#8935=CARTESIAN_POINT('',(0.0622839505274479,0.0657395292249962,0.0025));
#8936=CARTESIAN_POINT('',(0.0622839505274479,0.0657395292249962,0.0164609438379366));
#8937=CARTESIAN_POINT('',(0.0623966452725695,0.0657394319504364,0.0025));
#8938=CARTESIAN_POINT('',(0.0623966452725695,0.0657394319504364,0.0164609438379366));
#8939=CARTESIAN_POINT('',(0.0625920076642599,0.0657392190751417,0.0025));
#8940=CARTESIAN_POINT('',(0.0625920076642599,0.0657392190751417,0.0164609438379366));
#8941=CARTESIAN_POINT('',(0.0628472451590064,0.0657389499117729,0.0025));
#8942=CARTESIAN_POINT('',(0.0628472451590064,0.0657389499117729,0.0164609438379366));
#8943=CARTESIAN_POINT('',(0.0630727098805005,0.0657387100133429,0.0025));
#8944=CARTESIAN_POINT('',(0.0630727098805005,0.0657387100133429,0.0164609438379366));
#8945=CARTESIAN_POINT('',(0.0632081072556977,0.0657385660404482,0.0025));
#8946=CARTESIAN_POINT('',(0.0632081072556977,0.0657385660404482,0.0164609438379366));
#8947=CARTESIAN_POINT('',(0.0633757788218937,0.0657383874493622,0.0025));
#8948=CARTESIAN_POINT('',(0.0633757788218937,0.0657383874493622,0.0164609438379366));
#8949=CARTESIAN_POINT('',(0.0634305406773783,0.0657383302280689,0.0025));
#8950=CARTESIAN_POINT('',(0.0634305406773783,0.0657383302280689,0.0164609438379366));
#8951=CARTESIAN_POINT('',(0.0635578762643188,0.0657382064163222,0.0025));
#8952=CARTESIAN_POINT('',(0.0635578762643188,0.0657382064163222,0.0164609438379366));
#8953=CARTESIAN_POINT('',(0.0637139820822476,0.0657380706259854,0.0025));
#8954=CARTESIAN_POINT('',(0.0637139820822476,0.0657380706259854,0.0164609438379366));
#8955=CARTESIAN_POINT('',(0.0639894894825275,0.0657378607625096,0.0025));
#8956=CARTESIAN_POINT('',(0.0639894894825275,0.0657378607625096,0.0164609438379366));
#8957=CARTESIAN_POINT('',(0.0642915665564197,0.0657376742523525,0.0025));
#8958=CARTESIAN_POINT('',(0.0642915665564197,0.0657376742523525,0.0164609438379366));
#8959=CARTESIAN_POINT('',(0.0646230856559383,0.0657375083577691,0.0025));
#8960=CARTESIAN_POINT('',(0.0646230856559383,0.0657375083577691,0.0164609438379366));
#8961=CARTESIAN_POINT('',(0.0648853261570998,0.0657373948780869,0.0025));
#8962=CARTESIAN_POINT('',(0.0648853261570998,0.0657373948780869,0.0164609438379366));
#8963=CARTESIAN_POINT('',(0.0651176596031644,0.0657373086316894,0.0025));
#8964=CARTESIAN_POINT('',(0.0651176596031644,0.0657373086316894,0.0164609438379366));
#8965=CARTESIAN_POINT('',(0.0653064549993792,0.0657372462149141,0.0025));
#8966=CARTESIAN_POINT('',(0.0653064549993792,0.0657372462149141,0.0164609438379366));
#8967=CARTESIAN_POINT('',(0.0654370134961913,0.065737206601644,0.0025));
#8968=CARTESIAN_POINT('',(0.0654370134961913,0.065737206601644,0.0164609438379366));
#8969=CARTESIAN_POINT('',(0.0655212946516498,0.0657371827148786,0.0025));
#8970=CARTESIAN_POINT('',(0.0655212946516498,0.0657371827148786,0.0164609438379366));
#8971=CARTESIAN_POINT('',(0.0655071182539528,0.0657371865210155,0.0025));
#8972=CARTESIAN_POINT('',(0.0655071182539528,0.0657371865210155,0.0164609438379366));
#8973=CARTESIAN_POINT('',(0.0655367307751888,0.0657371769736988,0.0025));
#8974=CARTESIAN_POINT('',(0.0655367307751888,0.0657371769736988,0.0164609438379366));
#8975=CARTESIAN_POINT('',(0.0655914764533474,0.0657371561780768,0.0025));
#8976=CARTESIAN_POINT('',(0.0655914764533474,0.0657371561780768,0.0164609438379366));
#8977=CARTESIAN_POINT('',(0.0657698243526243,0.0657370895313715,0.0025));
#8978=CARTESIAN_POINT('',(0.0657698243526243,0.0657370895313715,0.0164609438379366));
#8979=CARTESIAN_POINT('',(0.0661086976064303,0.0657369604894195,0.0025));
#8980=CARTESIAN_POINT('',(0.0661086976064303,0.0657369604894195,0.0164609438379366));
#8981=CARTESIAN_POINT('',(0.0665814270425735,0.0657367798771011,0.0025));
#8982=CARTESIAN_POINT('',(0.0665814270425735,0.0657367798771011,0.0164609438379366));
#8983=CARTESIAN_POINT('',(0.0671873426269421,0.0657365476897243,0.0025));
#8984=CARTESIAN_POINT('',(0.0671873426269421,0.0657365476897243,0.0164609438379366));
#8985=CARTESIAN_POINT('',(0.0677979874442581,0.0657363133261278,0.0025));
#8986=CARTESIAN_POINT('',(0.0677979874442581,0.0657363133261278,0.0164609438379366));
#8987=CARTESIAN_POINT('',(0.0682923051855677,0.0657361233944782,0.0025));
#8988=CARTESIAN_POINT('',(0.0682923051855677,0.0657361233944782,0.0164609438379366));
#8989=CARTESIAN_POINT('',(0.0685415905366062,0.0657360276200469,0.0025));
#8990=CARTESIAN_POINT('',(0.0685415905366062,0.0657360276200469,0.0164609438379366));
#8991=CARTESIAN_POINT('',(0.0687080347736774,0.0657359635879354,0.0025));
#8992=CARTESIAN_POINT('',(0.0687080347736774,0.0657359635879354,0.0164609438379366));
#8993=CARTESIAN_POINT('',(0.068802482523547,0.0657359274881395,0.0025));
#8994=CARTESIAN_POINT('',(0.068802482523547,0.0657359274881395,0.0164609438379366));
#8995=CARTESIAN_POINT('',(0.0689188430291175,0.065735885770217,0.0025));
#8996=CARTESIAN_POINT('',(0.0689188430291175,0.065735885770217,0.0164609438379366));
#8997=CARTESIAN_POINT('',(0.0691035139876422,0.0657358246617323,0.0025));
#8998=CARTESIAN_POINT('',(0.0691035139876422,0.0657358246617323,0.0164609438379366));
#8999=CARTESIAN_POINT('',(0.0694213773385461,0.0657357335710224,0.0025));
#9000=CARTESIAN_POINT('',(0.0694213773385461,0.0657357335710224,0.0164609438379366));
#9001=CARTESIAN_POINT('',(0.0698609859688752,0.0657356481943668,0.0025));
#9002=CARTESIAN_POINT('',(0.0698609859688752,0.0657356481943668,0.0164609438379366));
#9003=CARTESIAN_POINT('',(0.070365134088322,0.0657356175225395,0.0025));
#9004=CARTESIAN_POINT('',(0.070365134088322,0.0657356175225395,0.0164609438379366));
#9005=CARTESIAN_POINT('',(0.0708459494857944,0.0657356585885817,0.0025));
#9006=CARTESIAN_POINT('',(0.0708459494857944,0.0657356585885817,0.0164609438379366));
#9007=CARTESIAN_POINT('',(0.0713034636688789,0.0657357714405063,0.0025));
#9008=CARTESIAN_POINT('',(0.0713034636688789,0.0657357714405063,0.0164609438379366));
#9009=CARTESIAN_POINT('',(0.0717375232592882,0.0657359560008108,0.0025));
#9010=CARTESIAN_POINT('',(0.0717375232592882,0.0657359560008108,0.0164609438379366));
#9011=CARTESIAN_POINT('',(0.0720802016563437,0.0657361698572653,0.0025));
#9012=CARTESIAN_POINT('',(0.0720802016563437,0.0657361698572653,0.0164609438379366));
#9013=CARTESIAN_POINT('',(0.0723090974567018,0.0657363505495299,0.0025));
#9014=CARTESIAN_POINT('',(0.0723090974567018,0.0657363505495299,0.0164609438379366));
#9015=CARTESIAN_POINT('',(0.0724220594211411,0.0657364493467096,0.0025));
#9016=CARTESIAN_POINT('',(0.0724220594211411,0.0657364493467096,0.0164609438379366));
#9017=CARTESIAN_POINT('',(0.0724841684496555,0.0657365070945167,0.0025));
#9018=CARTESIAN_POINT('',(0.0724841684496555,0.0657365070945167,0.0164609438379366));
#9019=CARTESIAN_POINT('',(0.0726796751026652,0.0657366878163217,0.0025));
#9020=CARTESIAN_POINT('',(0.0726796751026652,0.0657366878163217,0.0164609438379366));
#9021=CARTESIAN_POINT('',(0.0729222470805598,0.0657369019348506,0.0025));
#9022=CARTESIAN_POINT('',(0.0729222470805598,0.0657369019348506,0.0164609438379366));
#9023=CARTESIAN_POINT('',(0.0733660237495201,0.0657372683966441,0.0025));
#9024=CARTESIAN_POINT('',(0.0733660237495201,0.0657372683966441,0.0164609438379366));
#9025=CARTESIAN_POINT('',(0.0738720488541734,0.0657376317246423,0.0025));
#9026=CARTESIAN_POINT('',(0.0738720488541734,0.0657376317246423,0.0164609438379366));
#9027=CARTESIAN_POINT('',(0.0744241775278467,0.0657379378169724,0.0025));
#9028=CARTESIAN_POINT('',(0.0744241775278467,0.0657379378169724,0.0164609438379366));
#9029=CARTESIAN_POINT('',(0.0750779420992181,0.0657381636581652,0.0025));
#9030=CARTESIAN_POINT('',(0.0750779420992181,0.0657381636581652,0.0164609438379366));
#9031=CARTESIAN_POINT('',(0.0757503023157893,0.0657381184448208,0.0025));
#9032=CARTESIAN_POINT('',(0.0757503023157893,0.0657381184448208,0.0164609438379366));
#9033=CARTESIAN_POINT('',(0.0761128986648915,0.0657376983470906,0.0025));
#9034=CARTESIAN_POINT('',(0.0761128986648915,0.0657376983470906,0.0164609438379366));
#9035=CARTESIAN_POINT('',(0.0762685043208846,0.0657374257860352,0.0025));
#9036=CARTESIAN_POINT('',(0.0762685043208846,0.0657374257860352,0.0164609438379366));
#9037=CARTESIAN_POINT('',(0.0612216152063632,0.065737699645843,0.0025));
#9038=CARTESIAN_POINT('',(0.0612216152063632,0.065737699645843,0.00712569782546361));
#9039=CARTESIAN_POINT('',(0.0612216152063632,0.065737699645843,0.0117513956509272));
#9040=CARTESIAN_POINT('',(0.0612216152063632,0.065737699645843,0.0163770934763908));
#9041=CARTESIAN_POINT('',(0.0612296421425833,0.0657377168229295,0.0025));
#9042=CARTESIAN_POINT('',(0.0612296421425833,0.0657377168229295,0.0163770934763908));
#9043=CARTESIAN_POINT('',(0.0612296421425833,0.0657377168229295,0.0025));
#9044=CARTESIAN_POINT('',(0.0637286957207515,0.0657490808923196,0.0025));
#9045=CARTESIAN_POINT('',(0.0687267996589468,0.0657264317723216,0.0025));
#9046=CARTESIAN_POINT('',(0.0737249028885662,0.0657418811940714,0.0025));
#9047=CARTESIAN_POINT('',(0.0762239571748319,0.0657375038154427,0.0025));
#9048=CARTESIAN_POINT('',(0.0762239571748319,0.0657375038154427,0.0025));
#9049=CARTESIAN_POINT('',(0.0762258259112198,0.0657375044804358,0.0163771491852673));
#9050=CARTESIAN_POINT('',(0.0762258259112198,0.0657375044804358,0.0117514327901782));
#9051=CARTESIAN_POINT('',(0.0762258259112198,0.0657375044804358,0.00712571639508911));
#9052=CARTESIAN_POINT('',(0.0762258259112198,0.0657375044804358,0.0025));
#9053=CARTESIAN_POINT('',(0.0762239571748319,0.0657375038154427,0.0163771491852674));
#9054=CARTESIAN_POINT('',(0.0612296421425833,0.0657377168229295,0.0163770934763908));
#9055=CARTESIAN_POINT('',(0.0637286957941312,0.0657490808926533,0.0163741213763644));
#9056=CARTESIAN_POINT('',(0.0687267996589632,0.0657264317720578,0.0163800449102353));
#9057=CARTESIAN_POINT('',(0.0737249027667524,0.0657418811942838,0.0163760043482428));
#9058=CARTESIAN_POINT('',(0.0762239571748319,0.0657375038154427,0.0163771491852674));
#9059=CARTESIAN_POINT('',(0.0855489510838296,0.0657408221308379,0.0025));
#9060=CARTESIAN_POINT('',(0.0842779301076861,0.0657403698358001,0.00245011696172404));
#9061=CARTESIAN_POINT('',(0.0837313712755279,0.0657401753418835,0.0163764504880578));
#9062=CARTESIAN_POINT('',(0.0840640409807922,0.0657402937229801,0.00790001758270367));
#9063=CARTESIAN_POINT('',(0.0855502425162193,0.0657408225903964,0.016376281210029));
#9064=CARTESIAN_POINT('',(0.070123779280069,0.0657353330564675,0.0025));
#9065=CARTESIAN_POINT('',(0.0841217379635725,0.0657403142545523,0.0025));
#9066=CARTESIAN_POINT('',(0.0841217379635725,0.0657403142545524,0.0025));
#9067=CARTESIAN_POINT('',(0.0841217379635725,0.0657403142545524,0.00723844777561372));
#9068=CARTESIAN_POINT('',(0.0845581332821034,0.0657404695465899,0.00820356248699911));
#9069=CARTESIAN_POINT('',(0.0841217379635725,0.0657403142545524,0.00249999999999999));
#9070=CARTESIAN_POINT('',(0.0841217379635725,0.0657403142545524,0.0072668784622674));
#9071=CARTESIAN_POINT('',(0.0843554163450865,0.0655656504311788,0.00249999999999999));
#9072=CARTESIAN_POINT('',(0.0843554163450865,0.0655656504311788,0.0072668784622674));
#9073=CARTESIAN_POINT('',(0.0848353374736198,0.0652076188510828,0.00249999999999999));
#9074=CARTESIAN_POINT('',(0.0848353374736198,0.0652076188510828,0.0072668784622674));
#9075=CARTESIAN_POINT('',(0.0854825799643843,0.064724850666051,0.00249999999999999));
#9076=CARTESIAN_POINT('',(0.0854825799643843,0.064724850666051,0.0072668784622674));
#9077=CARTESIAN_POINT('',(0.0862003273955501,0.0641851220693545,0.00249999999999999));
#9078=CARTESIAN_POINT('',(0.0862003273955501,0.0641851220693545,0.0072668784622674));
#9079=CARTESIAN_POINT('',(0.086982250240339,0.0635927949551753,0.00249999999999999));
#9080=CARTESIAN_POINT('',(0.086982250240339,0.0635927949551753,0.0072668784622674));
#9081=CARTESIAN_POINT('',(0.0876807711402649,0.0630571073681659,0.00249999999999999));
#9082=CARTESIAN_POINT('',(0.0876807711402649,0.0630571073681659,0.0072668784622674));
#9083=CARTESIAN_POINT('',(0.0882213310679249,0.0626374504962163,0.00249999999999999));
#9084=CARTESIAN_POINT('',(0.0882213310679249,0.0626374504962163,0.0072668784622674));
#9085=CARTESIAN_POINT('',(0.088579613688807,0.0623561013367046,0.00249999999999999));
#9086=CARTESIAN_POINT('',(0.088579613688807,0.0623561013367046,0.0072668784622674));
#9087=CARTESIAN_POINT('',(0.0887693754596622,0.0622062877321001,0.00249999999999999));
#9088=CARTESIAN_POINT('',(0.0887693754596622,0.0622062877321001,0.0072668784622674));
#9089=CARTESIAN_POINT('',(0.0891673317142729,0.0618905317957647,0.00249999999999999));
#9090=CARTESIAN_POINT('',(0.0891673317142729,0.0618905317957647,0.0072668784622674));
#9091=CARTESIAN_POINT('',(0.0894529616737053,0.0616604520248118,0.00249999999999999));
#9092=CARTESIAN_POINT('',(0.0894529616737053,0.0616604520248118,0.0072668784622674));
#9093=CARTESIAN_POINT('',(0.0896820569854084,0.0614738485940121,0.00249999999999999));
#9094=CARTESIAN_POINT('',(0.0896820569854084,0.0614738485940121,0.0072668784622674));
#9095=CARTESIAN_POINT('',(0.0841217379635725,0.0657403142545524,0.0025));
#9096=CARTESIAN_POINT('',(0.0859818656843938,0.064349954489234,0.0025));
#9097=CARTESIAN_POINT('',(0.0878479285415214,0.0629660476199354,0.0025));
#9098=CARTESIAN_POINT('',(0.0896491995625161,0.0615005959599309,0.0025));
#9099=CARTESIAN_POINT('',(0.0896491995625162,0.0615005959599309,0.0025));
#9100=CARTESIAN_POINT('',(0.0896491995625162,0.0615005959599309,0.0025));
#9101=CARTESIAN_POINT('',(0.0881350814883985,0.0627324299367709,0.00338750978993266));
#9102=CARTESIAN_POINT('',(0.0864883367479871,0.0639753431428317,0.00398255557206473));
#9103=CARTESIAN_POINT('',(0.084827295323477,0.0652136353956576,0.00452383966496904));
#9104=CARTESIAN_POINT('',(0.0848272953234771,0.0652136353956576,0.00452383966496911));
#9105=CARTESIAN_POINT('',(0.0848272953234771,0.0652136353956576,0.00452383966496914));
#9106=CARTESIAN_POINT('',(0.0847788789319195,0.0652497294037244,0.00453961712975672));
#9107=CARTESIAN_POINT('',(0.0847083341812151,0.0653023363106042,0.00463406794158933));
#9108=CARTESIAN_POINT('',(0.0846054572926431,0.0653790765855722,0.00483795889868805));
#9109=CARTESIAN_POINT('',(0.0845083236250603,0.065451562694728,0.00511949931723641));
#9110=CARTESIAN_POINT('',(0.0844145445734782,0.0655215707791348,0.00546261553509037));
#9111=CARTESIAN_POINT('',(0.0843097109311302,0.0655998564855689,0.00592772750060756));
#9112=CARTESIAN_POINT('',(0.084206190221304,0.0656771948797956,0.00651828949224838));
#9113=CARTESIAN_POINT('',(0.0841459774679362,0.0657221963418836,0.00699786857582466));
#9114=CARTESIAN_POINT('',(0.0841217379635725,0.0657403142545523,0.00723844777561371));
#9115=CARTESIAN_POINT('',(0.085548350050263,0.0674298220238985,0.0025));
#9116=CARTESIAN_POINT('',(0.0845309940457924,0.0674294599959846,0.00246007240677863));
#9117=CARTESIAN_POINT('',(0.0839336463261237,0.0674292474287536,0.0176805081327047));
#9118=CARTESIAN_POINT('',(0.0840640409807922,0.0674292938299195,0.0143580488764982));
#9119=CARTESIAN_POINT('',(0.0845581332821034,0.0674294696535293,0.0146615937807937));
#9120=CARTESIAN_POINT('',(0.0846833180190096,0.067429514260688,0.0127486084759066));
#9121=CARTESIAN_POINT('',(0.0846833180190096,0.067429514260688,0.0127486084759066));
#9122=CARTESIAN_POINT('',(0.0846833180190096,0.067429514260688,0.0127100567990546));
#9123=CARTESIAN_POINT('',(0.0846833180190096,0.067429514260688,0.0126715051222025));
#9124=CARTESIAN_POINT('',(0.0846833180190096,0.067429514260688,0.0126329534453504));
#9125=CARTESIAN_POINT('',(0.0846833180190096,0.067429514260688,0.0126329534453505));
#9126=CARTESIAN_POINT('',(0.0846833179927721,0.0674295142307031,0.0025));
#9127=CARTESIAN_POINT('',(0.0846833179927721,0.0674295142307031,0.0025));
#9128=CARTESIAN_POINT('',(0.085548350050263,0.0674298220238985,0.0025));
#9129=CARTESIAN_POINT('',(0.085549762849943,0.0674298225266457,0.0176803577245761));
#9130=CARTESIAN_POINT('',(0.094574966579575,0.0592610566899001,0.0025));
#9131=CARTESIAN_POINT('',(0.094574966579575,0.0592610566899001,0.00639565401374621));
#9132=CARTESIAN_POINT('',(0.0950813837482203,0.0586786812745329,0.0025));
#9133=CARTESIAN_POINT('',(0.0950813837482203,0.0586786812745329,0.00639565401374621));
#9134=CARTESIAN_POINT('',(0.0955620096414363,0.0580324817922482,0.0025));
#9135=CARTESIAN_POINT('',(0.0955620096414363,0.0580324817922482,0.00639565401374621));
#9136=CARTESIAN_POINT('',(0.0960147706981107,0.057289701880964,0.0025));
#9137=CARTESIAN_POINT('',(0.0960147706981107,0.057289701880964,0.00639565401374621));
#9138=CARTESIAN_POINT('',(0.0960066663222668,0.0573029828028306,0.00249999999896752));
#9139=CARTESIAN_POINT('',(0.0956422331887908,0.0578995281717642,0.00386090060025845));
#9140=CARTESIAN_POINT('',(0.095211460894537,0.0585290936680965,0.00518057797955248));
#9141=CARTESIAN_POINT('',(0.094574966579575,0.0592610566899001,0.00637241949676562));
#9142=CARTESIAN_POINT('',(0.096006666324717,0.0573029828074217,0.0025));
#9143=CARTESIAN_POINT('',(0.094574966579575,0.0592610566899001,0.00637241949676562));
#9144=CARTESIAN_POINT('',(0.094574966579575,0.0592610566899001,0.0025));
#9145=CARTESIAN_POINT('',(0.095989587876014,0.0576342542903987,0.0025));
#9146=CARTESIAN_POINT('',(0.097213865964066,0.0556559244833004,0.0025));
#9147=CARTESIAN_POINT('',(0.098453299177067,0.0523729744749986,0.0025));
#9148=CARTESIAN_POINT('',(0.098640453993881,0.0501687131406996,0.0025));
#9149=CARTESIAN_POINT('',(0.09883025715613,0.047964679871999,0.0025));
#9150=CARTESIAN_POINT('',(0.099337271340279,0.0420771271235996,0.0025));
#9151=CARTESIAN_POINT('',(0.099870205960736,0.0361096518170001,0.0025));
#9152=CARTESIAN_POINT('',(0.100371975129354,0.0298764628038981,0.0025));
#9153=CARTESIAN_POINT('',(0.100785492957986,0.0231917689361989,0.0025));
#9154=CARTESIAN_POINT('',(0.101053673558482,0.0158697790655999,0.0025));
#9155=CARTESIAN_POINT('',(0.101194020223566,0.0120379699853981,0.0025));
#9156=CARTESIAN_POINT('',(0.101288232045591,0.00820447113639844,0.0025));
#9157=CARTESIAN_POINT('',(0.098444641526955,-0.00255989371570209,0.0025));
#9158=CARTESIAN_POINT('',(0.097309381245087,-0.00632869890720045,0.0025));
#9159=CARTESIAN_POINT('',(0.096231025010426,-0.0101137161343008,0.0025));
#9160=CARTESIAN_POINT('',(0.094574966579575,0.0592610566899001,0.0025));
#9161=CARTESIAN_POINT('',(0.094574966579575,0.0592610566899001,0.0025));
#9162=CARTESIAN_POINT('',(0.0846833180190096,0.067429514260688,0.00249999999999999));
#9163=CARTESIAN_POINT('',(0.0846833180190096,0.067429514260688,0.0128101001267621));
#9164=CARTESIAN_POINT('',(0.0851117898236185,0.0671087124622729,0.00249999999999999));
#9165=CARTESIAN_POINT('',(0.0851117898236185,0.0671087124622729,0.0128101001267621));
#9166=CARTESIAN_POINT('',(0.0857783903992599,0.0666116982879263,0.00249999999999999));
#9167=CARTESIAN_POINT('',(0.0857783903992599,0.0666116982879263,0.0128101001267621));
#9168=CARTESIAN_POINT('',(0.0865762660870386,0.0660157212001351,0.00249999999999999));
#9169=CARTESIAN_POINT('',(0.0865762660870386,0.0660157212001351,0.0128101001267621));
#9170=CARTESIAN_POINT('',(0.0872459381834088,0.0655119535037732,0.00249999999999999));
#9171=CARTESIAN_POINT('',(0.0872459381834088,0.0655119535037732,0.0128101001267621));
#9172=CARTESIAN_POINT('',(0.0879712658564089,0.0649624709725576,0.00249999999999999));
#9173=CARTESIAN_POINT('',(0.0879712658564089,0.0649624709725576,0.0128101001267621));
#9174=CARTESIAN_POINT('',(0.0886259583621483,0.0644609007489519,0.00249999999999999));
#9175=CARTESIAN_POINT('',(0.0886259583621483,0.0644609007489519,0.0128101001267621));
#9176=CARTESIAN_POINT('',(0.0891338389185518,0.064067544893719,0.00249999999999999));
#9177=CARTESIAN_POINT('',(0.0891338389185518,0.064067544893719,0.0128101001267621));
#9178=CARTESIAN_POINT('',(0.0895298721581812,0.0637575564575313,0.00249999999999999));
#9179=CARTESIAN_POINT('',(0.0895298721581812,0.0637575564575313,0.0128101001267621));
#9180=CARTESIAN_POINT('',(0.0897782832744853,0.0635620088850736,0.00249999999999999));
#9181=CARTESIAN_POINT('',(0.0897782832744853,0.0635620088850736,0.0128101001267621));
#9182=CARTESIAN_POINT('',(0.0901582550145911,0.0632602075681121,0.00249999999999999));
#9183=CARTESIAN_POINT('',(0.0901582550145911,0.0632602075681121,0.0128101001267621));
#9184=CARTESIAN_POINT('',(0.0905995744990714,0.0629056373336089,0.00249999999999999));
#9185=CARTESIAN_POINT('',(0.0905995744990714,0.0629056373336089,0.0128101001267621));
#9186=CARTESIAN_POINT('',(0.0911388091939998,0.0624655606163676,0.00249999999999999));
#9187=CARTESIAN_POINT('',(0.0911388091939998,0.0624655606163676,0.0128101001267621));
#9188=CARTESIAN_POINT('',(0.0916360050409026,0.0620493883192376,0.00249999999999999));
#9189=CARTESIAN_POINT('',(0.0916360050409026,0.0620493883192376,0.0128101001267621));
#9190=CARTESIAN_POINT('',(0.0919596799190226,0.0617730398637198,0.00249999999999999));
#9191=CARTESIAN_POINT('',(0.0919596799190226,0.0617730398637198,0.0128101001267621));
#9192=CARTESIAN_POINT('',(0.0921470121327039,0.0616111600250771,0.00249999999999999));
#9193=CARTESIAN_POINT('',(0.0921470121327039,0.0616111600250771,0.0128101001267621));
#9194=CARTESIAN_POINT('',(0.0922613463490365,0.061511807413535,0.00249999999999999));
#9195=CARTESIAN_POINT('',(0.0922613463490365,0.061511807413535,0.0128101001267621));
#9196=CARTESIAN_POINT('',(0.0924618193339856,0.0613358327625249,0.00249999999999999));
#9197=CARTESIAN_POINT('',(0.0924618193339856,0.0613358327625249,0.0128101001267621));
#9198=CARTESIAN_POINT('',(0.0926906366979714,0.0611322877136085,0.00249999999999999));
#9199=CARTESIAN_POINT('',(0.0926906366979714,0.0611322877136085,0.0128101001267621));
#9200=CARTESIAN_POINT('',(0.0930883337382299,0.0607722836828652,0.00249999999999999));
#9201=CARTESIAN_POINT('',(0.0930883337382299,0.0607722836828652,0.0128101001267621));
#9202=CARTESIAN_POINT('',(0.0935985855974071,0.06029065334833,0.00249999999999999));
#9203=CARTESIAN_POINT('',(0.0935985855974071,0.06029065334833,0.0128101001267621));
#9204=CARTESIAN_POINT('',(0.0941340075477946,0.0597512774184192,0.00249999999999999));
#9205=CARTESIAN_POINT('',(0.0941340075477946,0.0597512774184192,0.0128101001267621));
#9206=CARTESIAN_POINT('',(0.0944368404395761,0.0594199005702626,0.00249999999999999));
#9207=CARTESIAN_POINT('',(0.0944368404395761,0.0594199005702626,0.0128101001267621));
#9208=CARTESIAN_POINT('',(0.0945749665795749,0.0592610566899001,0.00249999999999999));
#9209=CARTESIAN_POINT('',(0.0945749665795749,0.0592610566899001,0.0128101001267621));
#9210=CARTESIAN_POINT('',(0.0945749665795749,0.0592610566899001,0.00637241949676528));
#9211=CARTESIAN_POINT('',(0.0940732836630703,0.059837987755735,0.00731182541795453));
#9212=CARTESIAN_POINT('',(0.0927775115640389,0.0611054902287445,0.0088869480769813));
#9213=CARTESIAN_POINT('',(0.0894849771203972,0.0638548390127525,0.0110870502431569));
#9214=CARTESIAN_POINT('',(0.0866799211061196,0.0659354101924164,0.011960703333724));
#9215=CARTESIAN_POINT('',(0.0848272953234771,0.067321745807459,0.0125843737965253));
#9216=CARTESIAN_POINT('',(0.0848272953234771,0.067321745807459,0.0125843737965254));
#9217=CARTESIAN_POINT('',(0.0846833180190096,0.067429514260688,0.0025));
#9218=CARTESIAN_POINT('',(0.0851117898236186,0.0671087124622729,0.0025));
#9219=CARTESIAN_POINT('',(0.08577839039926,0.0666116982879263,0.0025));
#9220=CARTESIAN_POINT('',(0.0865762660870386,0.0660157212001351,0.0025));
#9221=CARTESIAN_POINT('',(0.0872459381834088,0.0655119535037732,0.0025));
#9222=CARTESIAN_POINT('',(0.0879712658564089,0.0649624709725576,0.0025));
#9223=CARTESIAN_POINT('',(0.0886259583621483,0.0644609007489519,0.0025));
#9224=CARTESIAN_POINT('',(0.0891338389185517,0.064067544893719,0.0025));
#9225=CARTESIAN_POINT('',(0.0895298721581812,0.0637575564575313,0.0025));
#9226=CARTESIAN_POINT('',(0.0897782832744853,0.0635620088850736,0.0025));
#9227=CARTESIAN_POINT('',(0.0901582550145911,0.0632602075681121,0.0025));
#9228=CARTESIAN_POINT('',(0.0905995744990714,0.0629056373336089,0.0025));
#9229=CARTESIAN_POINT('',(0.0911388091939998,0.0624655606163676,0.0025));
#9230=CARTESIAN_POINT('',(0.0916360050409026,0.0620493883192376,0.0025));
#9231=CARTESIAN_POINT('',(0.0919596799190225,0.0617730398637198,0.0025));
#9232=CARTESIAN_POINT('',(0.0921470121327039,0.0616111600250771,0.0025));
#9233=CARTESIAN_POINT('',(0.0922613463490365,0.061511807413535,0.0025));
#9234=CARTESIAN_POINT('',(0.0924618193339856,0.061335832762525,0.0025));
#9235=CARTESIAN_POINT('',(0.0926906366979714,0.0611322877136085,0.0025));
#9236=CARTESIAN_POINT('',(0.0930883337382299,0.0607722836828653,0.0025));
#9237=CARTESIAN_POINT('',(0.0935985855974071,0.06029065334833,0.0025));
#9238=CARTESIAN_POINT('',(0.0941340075477946,0.0597512774184192,0.0025));
#9239=CARTESIAN_POINT('',(0.0944368404395761,0.0594199005702627,0.0025));
#9240=CARTESIAN_POINT('',(0.0945749665795749,0.0592610566899002,0.0025));
#9241=CARTESIAN_POINT('',(0.0846833180990439,0.0674295142007654,0.0127486084759066));
#9242=CARTESIAN_POINT('',(0.0847205364713268,0.0674016483747437,0.0126801005974924));
#9243=CARTESIAN_POINT('',(0.0847626788511608,0.067370098862744,0.0126061263736361));
#9244=CARTESIAN_POINT('',(0.0848272953234771,0.067321745807459,0.0125843737965254));
#9245=CARTESIAN_POINT('',(0.0431225857734654,0.0550650620649566,0.0025));
#9246=CARTESIAN_POINT('',(0.0431225857734654,0.0550650620649566,0.0150114306652656));
#9247=CARTESIAN_POINT('',(0.0435459527490189,0.0563691309984941,0.0025));
#9248=CARTESIAN_POINT('',(0.0435459527490189,0.0563691309984941,0.0150114306652656));
#9249=CARTESIAN_POINT('',(0.0448920681714223,0.0587494776567403,0.0025));
#9250=CARTESIAN_POINT('',(0.0448920681714223,0.0587494776567403,0.0150114306652656));
#9251=CARTESIAN_POINT('',(0.046953771738129,0.0606852651905237,0.0025));
#9252=CARTESIAN_POINT('',(0.046953771738129,0.0606852651905237,0.0150114306652656));
#9253=CARTESIAN_POINT('',(0.048028489814583,0.0615934696703988,0.0025));
#9254=CARTESIAN_POINT('',(0.048028489814583,0.0615934696703988,0.0150114306652656));
#9255=CARTESIAN_POINT('',(0.042421241168191,0.0502309857763006,0.0025));
#9256=CARTESIAN_POINT('',(0.042554609286497,0.0529813627400984,0.0025));
#9257=CARTESIAN_POINT('',(0.042687977404803,0.0557317397038997,0.0025));
#9258=CARTESIAN_POINT('',(0.044113210484046,0.0579862641519995,0.0025));
#9259=CARTESIAN_POINT('',(0.045996549282908,0.0598763519125996,0.0025));
#9260=CARTESIAN_POINT('',(0.048028489814583,0.0615934696703988,0.0025));
#9261=CARTESIAN_POINT('',(0.0431378355707148,0.0551116826485989,0.0025));
#9262=CARTESIAN_POINT('',(0.048028489814583,0.0615934696703997,0.0025));
#9263=CARTESIAN_POINT('',(0.0431378355733291,0.0551116826441156,0.00249999999896743));
#9264=CARTESIAN_POINT('',(0.0432700264634919,0.0555127902737354,0.00369994191803073));
#9265=CARTESIAN_POINT('',(0.0435952301065508,0.0563483211544079,0.00607366121833379));
#9266=CARTESIAN_POINT('',(0.0443779223685566,0.0577630303066648,0.00950695081146927));
#9267=CARTESIAN_POINT('',(0.0456866627711267,0.0594660153684168,0.0127144375902084));
#9268=CARTESIAN_POINT('',(0.0471633817001396,0.0608623988134666,0.0143255329085559));
#9269=CARTESIAN_POINT('',(0.048028489814583,0.0615934696703988,0.0149368098064271));
#9270=CARTESIAN_POINT('',(0.048028489814583,0.0615934696703988,0.0149368098064271));
#9271=CARTESIAN_POINT('',(0.048028489814583,0.0615934696703997,0.0025));
#9272=CARTESIAN_POINT('',(0.048028489814583,0.0615934696704006,0.00249999999999999));
#9273=CARTESIAN_POINT('',(0.048028489814583,0.0615934696704006,0.0167933382028976));
#9274=CARTESIAN_POINT('',(0.0481694655432048,0.061712600286404,0.00249999999999999));
#9275=CARTESIAN_POINT('',(0.0481694655432048,0.061712600286404,0.0167933382028976));
#9276=CARTESIAN_POINT('',(0.0483903664919398,0.061896586205867,0.00249999999999999));
#9277=CARTESIAN_POINT('',(0.0483903664919398,0.061896586205867,0.0167933382028976));
#9278=CARTESIAN_POINT('',(0.048693663072205,0.0621444119545786,0.00249999999999999));
#9279=CARTESIAN_POINT('',(0.048693663072205,0.0621444119545786,0.0167933382028976));
#9280=CARTESIAN_POINT('',(0.0489457419576857,0.0623476744638022,0.00249999999999999));
#9281=CARTESIAN_POINT('',(0.0489457419576857,0.0623476744638022,0.0167933382028976));
#9282=CARTESIAN_POINT('',(0.0491415254562246,0.0625037797588116,0.00249999999999999));
#9283=CARTESIAN_POINT('',(0.0491415254562246,0.0625037797588116,0.0167933382028976));
#9284=CARTESIAN_POINT('',(0.0493684757996588,0.0626832795536158,0.00249999999999999));
#9285=CARTESIAN_POINT('',(0.0493684757996588,0.0626832795536158,0.0167933382028976));
#9286=CARTESIAN_POINT('',(0.0495689956569462,0.0628404358162681,0.00249999999999999));
#9287=CARTESIAN_POINT('',(0.0495689956569462,0.0628404358162681,0.0167933382028976));
#9288=CARTESIAN_POINT('',(0.049727503888682,0.0629640423884074,0.00249999999999999));
#9289=CARTESIAN_POINT('',(0.049727503888682,0.0629640423884074,0.0167933382028976));
#9290=CARTESIAN_POINT('',(0.0498760383363421,0.0630793744607741,0.00249999999999999));
#9291=CARTESIAN_POINT('',(0.0498760383363421,0.0630793744607741,0.0167933382028976));
#9292=CARTESIAN_POINT('',(0.0499274248851036,0.0631191343054192,0.00249999999999999));
#9293=CARTESIAN_POINT('',(0.0499274248851036,0.0631191343054192,0.0167933382028976));
#9294=CARTESIAN_POINT('',(0.0500498799466651,0.063213830694089,0.00249999999999999));
#9295=CARTESIAN_POINT('',(0.0500498799466651,0.063213830694089,0.0167933382028976));
#9296=CARTESIAN_POINT('',(0.0502214537436836,0.0633461933276476,0.00249999999999999));
#9297=CARTESIAN_POINT('',(0.0502214537436836,0.0633461933276476,0.0167933382028976));
#9298=CARTESIAN_POINT('',(0.050473828185266,0.0635405645415281,0.00249999999999999));
#9299=CARTESIAN_POINT('',(0.050473828185266,0.0635405645415281,0.0167933382028976));
#9300=CARTESIAN_POINT('',(0.0509073152038007,0.0638740808592203,0.00249999999999999));
#9301=CARTESIAN_POINT('',(0.0509073152038007,0.0638740808592203,0.0167933382028976));
#9302=CARTESIAN_POINT('',(0.0513262818285478,0.0641952200663814,0.00249999999999999));
#9303=CARTESIAN_POINT('',(0.0513262818285478,0.0641952200663814,0.0167933382028976));
#9304=CARTESIAN_POINT('',(0.051605611766882,0.0644073428202572,0.00249999999999999));
#9305=CARTESIAN_POINT('',(0.051605611766882,0.0644073428202572,0.0167933382028976));
#9306=CARTESIAN_POINT('',(0.0517250457626122,0.0644974277672237,0.00249999999999999));
#9307=CARTESIAN_POINT('',(0.0517250457626122,0.0644974277672237,0.0167933382028976));
#9308=CARTESIAN_POINT('',(0.048028489814583,0.0615934696704006,0.0149368098064338));
#9309=CARTESIAN_POINT('',(0.048592844197542,0.0620703736448891,0.0153355348878796));
#9310=CARTESIAN_POINT('',(0.049814840161265,0.0630398457775208,0.0159573675486622));
#9311=CARTESIAN_POINT('',(0.0510810562697034,0.0640116886863143,0.0164766278662083));
#9312=CARTESIAN_POINT('',(0.0517250457626122,0.0644974277672237,0.0167080896649082));
#9313=CARTESIAN_POINT('',(0.0517250457626122,0.0644974277672237,0.0167080896649082));
#9314=CARTESIAN_POINT('',(0.0517250456869113,0.0644974278666908,0.0025));
#9315=CARTESIAN_POINT('',(0.0517250456869113,0.0644974278666908,0.0025));
#9316=CARTESIAN_POINT('',(0.048028489814583,0.0615934696704006,0.0025));
#9317=CARTESIAN_POINT('',(0.0481694655432048,0.061712600286404,0.0025));
#9318=CARTESIAN_POINT('',(0.0483903664919399,0.061896586205867,0.0025));
#9319=CARTESIAN_POINT('',(0.0486936630722051,0.0621444119545786,0.0025));
#9320=CARTESIAN_POINT('',(0.0489457419576856,0.0623476744638022,0.0025));
#9321=CARTESIAN_POINT('',(0.0491415254562246,0.0625037797588116,0.0025));
#9322=CARTESIAN_POINT('',(0.0493684757996588,0.0626832795536158,0.0025));
#9323=CARTESIAN_POINT('',(0.0495689956569462,0.0628404358162681,0.0025));
#9324=CARTESIAN_POINT('',(0.049727503888682,0.0629640423884074,0.0025));
#9325=CARTESIAN_POINT('',(0.0498760383363421,0.0630793744607741,0.0025));
#9326=CARTESIAN_POINT('',(0.0499274248851036,0.0631191343054193,0.0025));
#9327=CARTESIAN_POINT('',(0.0500498799466651,0.063213830694089,0.0025));
#9328=CARTESIAN_POINT('',(0.0502214537436836,0.0633461933276477,0.0025));
#9329=CARTESIAN_POINT('',(0.050473828185266,0.0635405645415281,0.0025));
#9330=CARTESIAN_POINT('',(0.0509073152038007,0.0638740808592203,0.0025));
#9331=CARTESIAN_POINT('',(0.0513262818285477,0.0641952200663814,0.0025));
#9332=CARTESIAN_POINT('',(0.051605611766882,0.0644073428202572,0.0025));
#9333=CARTESIAN_POINT('',(0.0517250457626122,0.0644974277672237,0.0025));
#9334=CARTESIAN_POINT('',(0.055541694223324,0.067427865066799,0.0025));
#9335=CARTESIAN_POINT('',(0.051852717512746,0.0645954549303966,0.0167605873299574));
#9336=CARTESIAN_POINT('',(0.0545669039436765,0.0666794174387554,0.017876614790551));
#9337=CARTESIAN_POINT('',(0.0574120739335538,0.0688639496143065,0.0173052835426422));
#9338=CARTESIAN_POINT('',(0.0555416942799465,0.0674278650667203,0.0176808696685216));
#9339=CARTESIAN_POINT('',(0.0555416942799465,0.0674278650667191,0.0025));
#9340=CARTESIAN_POINT('',(0.0555416942799465,0.0674278650667191,0.0025));
#9341=CARTESIAN_POINT('',(0.055541694223324,0.067427865066799,0.0025));
#9342=CARTESIAN_POINT('',(0.06122201434982,0.0674266995994994,0.0025));
#9343=CARTESIAN_POINT('',(0.0617123928638994,0.0674265989854359,0.00269418144764347));
#9344=CARTESIAN_POINT('',(0.0576360254863166,0.067427435359532,0.0129884865209178));
#9345=CARTESIAN_POINT('',(0.0557779176177835,0.0674278165992842,0.0176808823444446));
#9346=CARTESIAN_POINT('',(0.0579051875276903,0.0674273801338523,0.0146536043298708));
#9347=CARTESIAN_POINT('',(0.0583992798290015,0.0674272787578075,0.0143503440819837));
#9348=CARTESIAN_POINT('',(0.0579392628154056,0.0674273731424098,0.00262883336088174));
#9349=CARTESIAN_POINT('',(0.0585299943961125,0.0674272519382724,0.0176810300229655));
#9350=CARTESIAN_POINT('',(0.061221199716555,0.0674266997666429,0.0176811744350779));
#9351=CARTESIAN_POINT('',(0.06122201434982,0.0674266995994994,0.0025));
#9352=CARTESIAN_POINT('',(0.061221199716555,0.0674266997666429,0.0176811744350779));
#9353=CARTESIAN_POINT('',(0.0459080562213427,0.056929016219842,0.0025));
#9354=CARTESIAN_POINT('',(0.0459080562213427,0.056929016219842,0.00728046241821712));
#9355=CARTESIAN_POINT('',(0.0467235186796839,0.0581256321900544,0.0025));
#9356=CARTESIAN_POINT('',(0.0467235186796839,0.0581256321900544,0.00728046241821712));
#9357=CARTESIAN_POINT('',(0.0478553057720723,0.0592357976334047,0.0025));
#9358=CARTESIAN_POINT('',(0.0478553057720723,0.0592357976334047,0.00728046241821712));
#9359=CARTESIAN_POINT('',(0.0491186659516083,0.0603034165744913,0.0025));
#9360=CARTESIAN_POINT('',(0.0491186659516083,0.0603034165744913,0.00728046241821712));
#9361=CARTESIAN_POINT('',(0.0459226788692829,0.0569504173671583,0.0025));
#9362=CARTESIAN_POINT('',(0.0462421112061483,0.0574167038318878,0.00347645294952353));
#9363=CARTESIAN_POINT('',(0.0470267427974228,0.0584139262194863,0.00530855144358965));
#9364=CARTESIAN_POINT('',(0.0483548697058774,0.0596579606290834,0.00671225978756138));
#9365=CARTESIAN_POINT('',(0.0491186659516083,0.0603034165744913,0.00725195071393353));
#9366=CARTESIAN_POINT('',(0.0459226788692829,0.0569504173671583,0.0025));
#9367=CARTESIAN_POINT('',(0.0491186622734702,0.0603034134662693,0.00725194811513641));
#9368=CARTESIAN_POINT('',(0.0459226788692829,0.0569504173671582,0.0025));
#9369=CARTESIAN_POINT('',(0.0467933518860786,0.0582213689775088,0.0025));
#9370=CARTESIAN_POINT('',(0.0479277723442321,0.0592970353924701,0.0025));
#9371=CARTESIAN_POINT('',(0.0491186512391308,0.0603034041415144,0.0025));
#9372=CARTESIAN_POINT('',(0.0491186512390558,0.0603034041416031,0.0025));
#9373=CARTESIAN_POINT('',(0.0491186659516083,0.0603034165744913,0.00250000000000001));
#9374=CARTESIAN_POINT('',(0.0491186659516083,0.0603034165744913,0.00408398183877977));
#9375=CARTESIAN_POINT('',(0.0491186659516083,0.0603034165744913,0.00566796367755953));
#9376=CARTESIAN_POINT('',(0.0491186659516083,0.0603034165744913,0.00725194551633929));
#9377=CARTESIAN_POINT('',(0.0491186512390558,0.0603034041416032,0.00249999999999999));
#9378=CARTESIAN_POINT('',(0.0491186512390558,0.0603034041416032,0.00902553820240247));
#9379=CARTESIAN_POINT('',(0.0492537155283481,0.0604175393345244,0.00249999999999999));
#9380=CARTESIAN_POINT('',(0.0492537155283481,0.0604175393345244,0.00902553820240247));
#9381=CARTESIAN_POINT('',(0.0494661883825801,0.0605945105209168,0.00249999999999999));
#9382=CARTESIAN_POINT('',(0.0494661883825801,0.0605945105209168,0.00902553820240247));
#9383=CARTESIAN_POINT('',(0.049759601564066,0.0608342461978624,0.00249999999999999));
#9384=CARTESIAN_POINT('',(0.049759601564066,0.0608342461978624,0.00902553820240247));
#9385=CARTESIAN_POINT('',(0.0500036698670695,0.0610310347102341,0.00249999999999999));
#9386=CARTESIAN_POINT('',(0.0500036698670695,0.0610310347102341,0.00902553820240247));
#9387=CARTESIAN_POINT('',(0.0501939519126517,0.0611827430539935,0.00249999999999999));
#9388=CARTESIAN_POINT('',(0.0501939519126517,0.0611827430539935,0.00902553820240247));
#9389=CARTESIAN_POINT('',(0.0504159291479051,0.0613582915371012,0.00249999999999999));
#9390=CARTESIAN_POINT('',(0.0504159291479051,0.0613582915371012,0.00902553820240247));
#9391=CARTESIAN_POINT('',(0.0506122028643736,0.0615121094179389,0.00249999999999999));
#9392=CARTESIAN_POINT('',(0.0506122028643736,0.0615121094179389,0.00902553820240247));
#9393=CARTESIAN_POINT('',(0.0507692224646433,0.0616345379169707,0.00249999999999999));
#9394=CARTESIAN_POINT('',(0.0507692224646433,0.0616345379169707,0.00902553820240247));
#9395=CARTESIAN_POINT('',(0.0509122565776054,0.0617455897949823,0.00249999999999999));
#9396=CARTESIAN_POINT('',(0.0509122565776054,0.0617455897949823,0.00902553820240247));
#9397=CARTESIAN_POINT('',(0.050963908884245,0.0617855551702618,0.00249999999999999));
#9398=CARTESIAN_POINT('',(0.050963908884245,0.0617855551702618,0.00902553820240247));
#9399=CARTESIAN_POINT('',(0.0510854516248722,0.061879539694443,0.00249999999999999));
#9400=CARTESIAN_POINT('',(0.0510854516248722,0.061879539694443,0.00902553820240247));
#9401=CARTESIAN_POINT('',(0.0512571168998646,0.0620119691212001,0.00249999999999999));
#9402=CARTESIAN_POINT('',(0.0512571168998646,0.0620119691212001,0.00902553820240247));
#9403=CARTESIAN_POINT('',(0.0515102963645525,0.0622069525806452,0.00249999999999999));
#9404=CARTESIAN_POINT('',(0.0515102963645525,0.0622069525806452,0.00902553820240247));
#9405=CARTESIAN_POINT('',(0.0519439880491491,0.0625406246021836,0.00249999999999999));
#9406=CARTESIAN_POINT('',(0.0519439880491491,0.0625406246021836,0.00902553820240247));
#9407=CARTESIAN_POINT('',(0.0523594609314631,0.0628590269831478,0.00249999999999999));
#9408=CARTESIAN_POINT('',(0.0523594609314631,0.0628590269831478,0.00902553820240247));
#9409=CARTESIAN_POINT('',(0.0526282061101939,0.0630630699455013,0.00249999999999999));
#9410=CARTESIAN_POINT('',(0.0526282061101939,0.0630630699455013,0.00902553820240247));
#9411=CARTESIAN_POINT('',(0.0527478799735491,0.0631533358163505,0.00249999999999999));
#9412=CARTESIAN_POINT('',(0.0527478799735491,0.0631533358163505,0.00902553820240247));
#9413=CARTESIAN_POINT('',(0.0491186512390558,0.0603034041416031,0.00725194031874506));
#9414=CARTESIAN_POINT('',(0.04967254348472,0.0607714671555033,0.00764327373872609));
#9415=CARTESIAN_POINT('',(0.050873292003353,0.0617228401792973,0.008249543794241));
#9416=CARTESIAN_POINT('',(0.0521158873075316,0.0626766455285217,0.00875946857541547));
#9417=CARTESIAN_POINT('',(0.0527478799735485,0.0631533358163501,0.00898661849145375));
#9418=CARTESIAN_POINT('',(0.0527478799735485,0.0631533358163501,0.00898661849145375));
#9419=CARTESIAN_POINT('',(0.0491186512390558,0.0603034041416031,0.0025));
#9420=CARTESIAN_POINT('',(0.0502937494908403,0.0612964132217349,0.0025));
#9421=CARTESIAN_POINT('',(0.0515196956339479,0.062226958695489,0.0025));
#9422=CARTESIAN_POINT('',(0.0527478799735489,0.0631533358163503,0.0025));
#9423=CARTESIAN_POINT('',(0.0527478799735489,0.0631533358163503,0.0025));
#9424=CARTESIAN_POINT('',(0.0527478799735489,0.0631533358163503,0.0025));
#9425=CARTESIAN_POINT('',(0.0565702942318917,0.0660881998017516,0.0025));
#9426=CARTESIAN_POINT('',(0.0561151617394293,0.065738747369222,0.0025));
#9427=CARTESIAN_POINT('',(0.0561151617394293,0.065738747369222,0.0025));
#9428=CARTESIAN_POINT('',(0.0561151617394293,0.065738747369222,0.0103711876851738));
#9429=CARTESIAN_POINT('',(0.0546861477305113,0.0646415450604315,0.00978360134351679));
#9430=CARTESIAN_POINT('',(0.0404318516290181,0.0536970431205358,0.0025));
#9431=CARTESIAN_POINT('',(0.0612216678070068,0.0657376996350506,0.0025));
#9432=CARTESIAN_POINT('',(0.0581923214300253,0.065738321185221,0.00261888833831315));
#9433=CARTESIAN_POINT('',(0.0587322645489591,0.0657382104016737,0.0163769643883586));
#9434=CARTESIAN_POINT('',(0.0583992798290015,0.0657382787222563,0.00789231306114796));
#9435=CARTESIAN_POINT('',(0.0579051875276903,0.0657383800983011,0.00819557330903503));
#9436=CARTESIAN_POINT('',(0.0576360254863166,0.0657384353239808,0.00653045550008198));
#9437=CARTESIAN_POINT('',(0.0595017098551061,0.06573805252971,0.00181892626736929));
#9438=CARTESIAN_POINT('',(0.0701522420548004,0.0657358672926064,0.0025));
#9439=CARTESIAN_POINT('',(0.0612209231514701,0.0657376997878363,0.016377097931661));
#9440=CARTESIAN_POINT('',(0.0701418327243724,0.0150022838680208,0.0025));
#9441=CARTESIAN_POINT('',(0.0974446271619029,0.0563535475136578,0.0025));
#9442=CARTESIAN_POINT('',(0.0435007748872859,0.0553513187970502,0.0025));
#9443=CARTESIAN_POINT('',(0.111300371535498,0.0486608541084623,0.0208432878379201));
#9444=CARTESIAN_POINT('',(0.111225779183195,0.0488156648752629,0.0208027994305733));
#9445=CARTESIAN_POINT('',(0.0784219011537599,0.0340217109860644,0.0246719336239803));
#9446=CARTESIAN_POINT('',(0.0714429110143983,0.0308743130405458,0.0254950878059165));
#9447=CARTESIAN_POINT('',(0.0712316604048969,0.031312747649912,0.0253804218855428));
#9448=CARTESIAN_POINT('',(0.0710204097953954,0.0308743130405458,0.0254950878059165));
#9449=CARTESIAN_POINT('',(0.0970698506090209,0.0191264878020058,0.028567553265052));
#9450=CARTESIAN_POINT('',(0.0640414196560338,0.0340217109860644,0.0246719336239803));
#9451=CARTESIAN_POINT('',(0.0642526702655353,0.0344601455954306,0.0245572677036065));
#9452=CARTESIAN_POINT('',(0.0637585779642241,0.0343860050990882,0.0245766580256032));
#9453=CARTESIAN_POINT('',(0.062640640224323,0.0413592697248952,0.0227529064575329));
#9454=CARTESIAN_POINT('',(0.081705204089281,0.0531017255771613,0.0196818452799158));
#9455=CARTESIAN_POINT('',(0.0787047428455696,0.0343860050990882,0.0245766580256032));
#9456=CARTESIAN_POINT('',(0.0782106505442584,0.0344601455954306,0.0245572677036065));
#9457=CARTESIAN_POINT('',(0.111300371535498,0.0490882124123023,0.0224773275804414));
#9458=CARTESIAN_POINT('',(0.0970698506090209,0.0195538461058458,0.0302015930075732));
#9459=CARTESIAN_POINT('',(0.0640414196560338,0.0344490692899044,0.0263059733665016));
#9460=CARTESIAN_POINT('',(0.0710204097953954,0.0313016713443858,0.0271291275484378));
#9461=CARTESIAN_POINT('',(0.0712316604048969,0.031740105953752,0.0270144616280641));
#9462=CARTESIAN_POINT('',(0.0714429110143983,0.0313016713443858,0.0271291275484378));
#9463=CARTESIAN_POINT('',(0.111225779183195,0.0492430231791029,0.0224368391730946));
#9464=CARTESIAN_POINT('',(0.0784219011537599,0.0344490692899043,0.0263059733665016));
#9465=CARTESIAN_POINT('',(0.0782106505442584,0.0348875038992706,0.0261913074461279));
#9466=CARTESIAN_POINT('',(0.0787047428455696,0.0348133634029283,0.0262106977681245));
#9467=CARTESIAN_POINT('',(0.081705204089281,0.0535290838810013,0.0213158850224371));
#9468=CARTESIAN_POINT('',(0.062640640224323,0.0417866280287352,0.0243869462000541));
#9469=CARTESIAN_POINT('',(0.0637585779642241,0.0348133634029283,0.0262106977681245));
#9470=CARTESIAN_POINT('',(0.0642526702655353,0.0348875038992706,0.0261913074461279));
#9471=CARTESIAN_POINT('',(0.111300371535498,0.0490882124123023,0.0224773275804414));
#9472=CARTESIAN_POINT('',(0.0866104645253028,0.0864821449821292,0.0126975118384503));
#9473=CARTESIAN_POINT('',(0.074947746063518,0.0177261235383155,-0.0312351058506511));
#9474=CARTESIAN_POINT('',(0.0714429110143983,0.0308743130405458,0.0254950878059165));
#9475=CARTESIAN_POINT('',(0.0784219011537599,0.0192929044586337,-0.0316448736299604));
#9476=CARTESIAN_POINT('',(0.0675155747462757,0.0177261235383155,-0.0312351058506511));
#9477=CARTESIAN_POINT('',(0.0710204097953954,0.0313016713443858,0.0271291275484378));
#9478=CARTESIAN_POINT('',(0.0640414196560338,0.0192929044586337,-0.0316448736299604));
#9479=CARTESIAN_POINT('',(0.0814226622586857,0.0366105320381113,-0.0361740363891716));
#9480=CARTESIAN_POINT('',(0.0840640409807922,0.0666967164877754,0.0115569789527878));
#9481=CARTESIAN_POINT('',(0.0787047428455696,0.0196571985716576,-0.0317401492283376));
#9482=CARTESIAN_POINT('',(0.061040658551108,0.0366105320381113,-0.0361740363891716));
#9483=CARTESIAN_POINT('',(0.0637585779642241,0.0196571985716576,-0.0317401492283376));
#9484=CARTESIAN_POINT('',(0.0583992798290015,0.0650056836830108,0.00509117547111003));
#9485=CARTESIAN_POINT('',(0.0492223955013039,0.0482203785630113,-0.0392104156090971));
#9486=CARTESIAN_POINT('',(0.0576360254863166,0.0670282007812915,0.0114619801641396));
#9487=CARTESIAN_POINT('',(0.0932409253084898,0.0482203785630113,-0.0392104156090971));
#9488=CARTESIAN_POINT('',(0.0848272953234771,0.0652965531711831,0.00484088262248885));
#9489=CARTESIAN_POINT('',(0.0845581332821034,0.0530122936862432,-0.0404636683090895));
#9490=CARTESIAN_POINT('',(0.0712316604048969,0.0165839411224813,-0.030936385368398));
#9491=CARTESIAN_POINT('',(0.0642526702655353,0.0197313390679999,-0.0317595395503342));
#9492=CARTESIAN_POINT('',(0.0579051875276903,0.0530122936862432,-0.0404636683090895));
#9493=CARTESIAN_POINT('',(0.0782106505442584,0.0197313390679999,-0.0317595395503342));
#9494=MECHANICAL_DESIGN_GEOMETRIC_PRESENTATION_REPRESENTATION('',(#3667),
#9496);
#9495=MECHANICAL_DESIGN_GEOMETRIC_PRESENTATION_REPRESENTATION('',(#3668),
#9497);
#9496=(
GEOMETRIC_REPRESENTATION_CONTEXT(3)
GLOBAL_UNCERTAINTY_ASSIGNED_CONTEXT((#9498))
GLOBAL_UNIT_ASSIGNED_CONTEXT((#9504,#9502,#9500))
REPRESENTATION_CONTEXT('Part 22','TOP_LEVEL_ASSEMBLY_PART')
);
#9497=(
GEOMETRIC_REPRESENTATION_CONTEXT(3)
GLOBAL_UNCERTAINTY_ASSIGNED_CONTEXT((#9499))
GLOBAL_UNIT_ASSIGNED_CONTEXT((#9505,#9503,#9501))
REPRESENTATION_CONTEXT('Part 23','TOP_LEVEL_ASSEMBLY_PART')
);
#9498=UNCERTAINTY_MEASURE_WITH_UNIT(LENGTH_MEASURE(3.36282747985863E-5),
#9504,'DISTANCE_ACCURACY_VALUE','Maximum Tolerance applied to model');
#9499=UNCERTAINTY_MEASURE_WITH_UNIT(LENGTH_MEASURE(2.E-5),#9505,
'DISTANCE_ACCURACY_VALUE','Maximum Tolerance applied to model');
#9500=(
NAMED_UNIT(*)
SI_UNIT($,.STERADIAN.)
SOLID_ANGLE_UNIT()
);
#9501=(
NAMED_UNIT(*)
SI_UNIT($,.STERADIAN.)
SOLID_ANGLE_UNIT()
);
#9502=(
NAMED_UNIT(*)
PLANE_ANGLE_UNIT()
SI_UNIT($,.RADIAN.)
);
#9503=(
NAMED_UNIT(*)
PLANE_ANGLE_UNIT()
SI_UNIT($,.RADIAN.)
);
#9504=(
LENGTH_UNIT()
NAMED_UNIT(*)
SI_UNIT($,.METRE.)
);
#9505=(
LENGTH_UNIT()
NAMED_UNIT(*)
SI_UNIT($,.METRE.)
);
#9506=PRODUCT_DEFINITION_SHAPE('','',#9508);
#9507=PRODUCT_DEFINITION_SHAPE('','',#9509);
#9508=PRODUCT_DEFINITION('','',#9512,#9510);
#9509=PRODUCT_DEFINITION('','',#9513,#9511);
#9510=PRODUCT_DEFINITION_CONTEXT('',#9524,'design');
#9511=PRODUCT_DEFINITION_CONTEXT('',#9525,'design');
#9512=PRODUCT_DEFINITION_FORMATION_WITH_SPECIFIED_SOURCE('','',#9516,
 .NOT_KNOWN.);
#9513=PRODUCT_DEFINITION_FORMATION_WITH_SPECIFIED_SOURCE('','',#9517,
 .NOT_KNOWN.);
#9514=PRODUCT_RELATED_PRODUCT_CATEGORY('','',(#9516));
#9515=PRODUCT_RELATED_PRODUCT_CATEGORY('','',(#9517));
#9516=PRODUCT('Part 22','Part 22','Part 22',(#9520));
#9517=PRODUCT('Part 23','Part 23','Part 23',(#9521));
#9518=PRODUCT_CATEGORY('','');
#9519=PRODUCT_CATEGORY('','');
#9520=PRODUCT_CONTEXT('',#9524,'mechanical');
#9521=PRODUCT_CONTEXT('',#9525,'mechanical');
#9522=APPLICATION_PROTOCOL_DEFINITION('international standard',
'ap242_managed_model_based_3d_engineering',2020,#9524);
#9523=APPLICATION_PROTOCOL_DEFINITION('international standard',
'ap242_managed_model_based_3d_engineering',2020,#9525);
#9524=APPLICATION_CONTEXT('managed model based 3d engineering');
#9525=APPLICATION_CONTEXT('managed model based 3d engineering');
ENDSEC;
END-ISO-10303-21;
